# Blender 5.1.2
# www.blender.org
mtllib akeybody.mtl
o Cube
v 6.232277 2.512339 0.003415
v 6.232277 2.519268 0.003415
v 6.232277 2.512339 -0.003468
v 6.232277 2.519268 -0.003468
v 6.241041 2.512339 0.003415
v 6.241041 2.519268 0.003415
v 6.241041 2.512339 -0.003468
v 6.241041 2.519268 -0.003468
vn -1.0000 -0.0000 -0.0000
vn -0.0000 -0.0000 -1.0000
vn 1.0000 -0.0000 -0.0000
vn -0.0000 -0.0000 1.0000
vn -0.0000 -1.0000 -0.0000
vn -0.0000 1.0000 -0.0000
vt 0.375000 0.000000
vt 0.625000 0.000000
vt 0.625000 0.250000
vt 0.375000 0.250000
vt 0.625000 0.500000
vt 0.375000 0.500000
vt 0.625000 0.750000
vt 0.375000 0.750000
vt 0.625000 1.000000
vt 0.375000 1.000000
vt 0.125000 0.500000
vt 0.125000 0.750000
vt 0.875000 0.500000
vt 0.875000 0.750000
s 1
f 1/1/1 2/2/1 4/3/1 3/4/1
f 3/4/2 4/3/2 8/5/2 7/6/2
f 7/6/3 8/5/3 6/7/3 5/8/3
f 5/8/4 6/7/4 2/9/4 1/10/4
f 3/11/5 7/6/5 5/8/5 1/12/5
f 8/5/6 4/13/6 2/14/6 6/7/6
o 125185797615634.001
v -1.455708 0.042387 0.000002
v -1.455708 0.060673 -0.013473
v -1.455708 0.051690 -0.022457
v -1.455708 0.074148 -0.019054
v -1.455708 0.055091 0.000002
v -1.455708 0.074148 -0.031759
v -1.455708 0.060673 0.013478
v -1.455708 0.087623 -0.013473
v -1.455708 0.051690 0.022461
v -1.455708 0.096607 -0.022457
v -1.455708 0.074148 0.031763
v -1.455708 0.105910 0.000002
v -1.455708 0.074148 0.019058
v -1.455708 0.093205 0.000002
v -1.455708 0.087623 0.013478
v -1.455708 0.096607 0.022461
v -1.455708 0.074148 0.031763
v -1.442924 0.074148 0.039704
v -1.455708 0.096607 0.022461
v -1.455708 0.051690 0.022461
v -1.442924 0.102222 0.028075
v -1.442924 0.046075 0.028075
v -1.442924 0.113850 0.000002
v -1.442924 0.034446 0.000002
v -1.455708 0.105910 0.000002
v -1.455708 0.042387 0.000002
v -1.455708 0.096607 -0.022457
v -1.455708 0.051690 -0.022457
v -1.442924 0.102222 -0.028071
v -1.442924 0.046075 -0.028071
v -1.442924 0.074148 -0.039699
v -1.455708 0.074148 -0.031759
v -1.403280 -0.122586 -0.019154
v -1.403282 0.046220 0.019154
v -1.403282 0.046220 -0.019154
v -1.403280 -0.122586 0.019154
v -1.266627 0.093205 0.000002
v -1.455708 0.087623 0.013478
v -1.455708 0.093205 0.000002
v -1.266627 0.087623 0.013478
v -1.455708 0.074148 0.019058
v -1.266627 0.087623 -0.013473
v -1.455708 0.087623 -0.013473
v -1.266627 0.074148 0.019059
v -1.455708 0.060673 0.013478
v -1.266627 0.060673 0.013478
v -1.455708 0.055091 0.000002
v -1.266627 0.055091 0.000002
v -1.455708 0.060673 -0.013473
v -1.266627 0.074148 -0.019054
v -1.455708 0.074148 -0.019054
v -1.266627 0.060673 -0.013473
v 1.427068 0.202698 0.068806
v 1.427068 0.134669 -0.068806
v 1.427068 0.202698 -0.068806
v 1.427068 0.134669 0.068806
v 1.328267 0.066639 -0.068806
v 1.328267 0.066639 0.068806
v -1.062708 0.159942 -0.017965
v -1.062708 0.152500 0.000002
v -1.062708 0.162663 0.000002
v -1.062708 0.159942 0.017969
v -1.062708 0.167129 -0.010778
v -1.062708 0.177909 -0.025407
v -1.062708 0.167129 0.010782
v -1.062708 0.177909 0.025411
v -1.062708 0.177909 -0.015243
v -1.062708 0.177909 0.015247
v -1.062708 0.188689 0.010782
v -1.062708 0.195876 0.017969
v -1.062708 0.193154 0.000002
v -1.062708 0.203318 0.000002
v -1.062708 0.188689 -0.010778
v -1.062708 0.195876 -0.017965
v -1.062708 0.177909 0.025411
v -1.052484 0.177909 0.031763
v -1.062708 0.195876 0.017969
v -1.062708 0.159942 0.017969
v -1.052484 0.200367 0.022461
v -1.052484 0.155450 0.022461
v -1.052484 0.209670 0.000002
v -1.052484 0.146147 0.000002
v -1.062708 0.203318 0.000002
v -1.062708 0.152500 0.000002
v -1.062708 0.195876 -0.017965
v -1.062708 0.159942 -0.017965
v -1.052484 0.200367 -0.022457
v -1.052484 0.155450 -0.022457
v -1.052484 0.177909 -0.031759
v -1.062708 0.177909 -0.025407
v -1.041691 0.275492 -0.010516
v -1.041691 0.231002 -0.011770
v -1.041691 0.231002 0.011770
v -1.041691 0.199927 0.017686
v -1.041691 0.199927 -0.017686
v -1.041691 0.275492 0.010516
v -1.041691 0.284837 0.008413
v -1.041691 0.284837 0.016826
v -1.041691 0.300221 0.016826
v -1.041691 0.300221 0.008413
v -1.041691 0.284837 -0.008413
v -1.041691 0.284837 -0.016826
v -1.041691 0.300221 -0.016826
v -1.041691 0.300221 -0.008413
v -1.023194 0.291185 -0.000597
v -1.025212 0.284564 -0.002210
v -1.025212 0.284564 0.002210
v -1.023194 0.291185 0.000597
v 1.409462 0.192566 -0.088566
v 1.427068 0.134669 -0.068806
v 1.409462 0.137046 -0.088566
v 1.427068 0.202698 -0.068806
v 1.328267 0.066639 -0.068806
v 1.318044 0.076771 -0.088566
v 1.328267 0.066639 0.068806
v 1.427068 0.134669 0.068806
v 1.409462 0.137046 0.088566
v 1.318044 0.076771 0.088566
v 1.409462 0.192566 0.088566
v 1.427068 0.202698 0.068806
v -0.866751 0.115321 0.000002
v -0.879873 0.097542 0.023396
v -0.866751 0.103262 0.029115
v -0.866751 0.074148 0.041174
v -0.879873 0.107233 0.000002
v -0.879873 0.074148 0.033086
v -0.879873 0.097542 -0.023392
v -0.879873 0.050754 0.023397
v -0.866751 0.103262 -0.029111
v -0.866751 0.045035 0.029115
v -0.866751 0.074148 -0.041170
v -0.866751 0.032976 0.000002
v -0.879873 0.074148 -0.033082
v -0.879873 0.041064 0.000002
v -0.879873 0.050754 -0.023392
v -0.866751 0.045035 -0.029111
v -0.767543 0.210847 0.000002
v -0.778040 0.196625 0.018718
v -0.767543 0.201199 0.023293
v -0.767543 0.177909 0.032940
v -0.778040 0.204377 0.000002
v -0.778040 0.177909 0.026470
v -0.778040 0.196625 -0.018714
v -0.778040 0.159194 0.018718
v -0.767543 0.201199 -0.023289
v -0.767543 0.154618 0.023293
v -0.767543 0.177909 -0.032936
v -0.767543 0.144971 0.000002
v -0.778040 0.177909 -0.026466
v -0.778040 0.151441 0.000002
v -0.778040 0.159194 -0.018714
v -0.767543 0.154618 -0.023289
v 0.822677 -0.423585 0.046039
v 0.595280 -0.477376 0.046039
v 0.822677 -0.423585 -0.046039
v 0.595280 -0.477376 -0.046039
v 0.822677 -0.423585 -0.046039
v 0.732139 -0.044517 -0.046039
v 0.732139 -0.044517 0.046039
v 0.822677 -0.423585 0.046039
v -0.755027 0.025121 -0.069192
v -0.691026 0.231388 0.069190
v -0.691026 0.231388 -0.069192
v -0.755027 0.025121 0.069190
v -0.728997 -0.020295 -0.072886
v -0.728997 -0.020295 0.072886
v -0.768998 0.033287 -0.072886
v -0.768998 0.033287 0.072886
v 1.092772 -0.038741 -0.092598
v 0.942340 -0.038741 0.092598
v 0.942340 -0.038741 -0.092598
v 1.092772 -0.038741 0.092598
v 0.886340 -0.093014 0.092598
v 1.278103 -0.197685 -0.092598
v 0.886340 -0.093014 -0.092598
v 0.778197 -0.093014 -0.092598
v 0.778197 -0.093014 0.092598
v 1.278103 -0.197685 0.092598
v 1.386103 -0.197685 -0.092598
v 1.386103 -0.197685 0.092598
v 1.418103 -0.221685 -0.092598
v 1.418103 -0.221685 0.092598
v 1.562103 -0.221685 -0.092598
v 1.562103 -0.221685 0.092598
v 1.594103 -0.173685 -0.092598
v 1.594103 -0.173685 0.092598
v 1.594103 0.056084 -0.092598
v 1.594103 0.056084 0.092598
v 1.594103 0.106750 -0.092598
v 1.594103 0.106750 0.092598
v 1.594103 0.157417 -0.092598
v 1.594103 0.157417 0.092598
v 1.594103 0.208084 -0.092598
v 1.594103 0.208084 0.092598
v -0.691026 0.231388 -0.069192
v -0.733720 0.040503 -0.085014
v -0.755027 0.025121 -0.069192
v -0.677880 0.222158 -0.085014
v -0.691026 0.231388 0.069190
v -0.755027 0.025121 0.069190
v -0.733720 0.040503 0.085014
v -0.677880 0.222158 0.085014
v 0.935759 -0.025002 -0.117420
v 0.886340 -0.093014 -0.092598
v 0.886340 -0.073565 -0.117420
v 0.790854 -0.073714 -0.117420
v 0.778197 -0.093014 -0.092598
v 0.942340 -0.038741 -0.092598
v 1.092772 -0.038741 -0.092598
v 1.101264 -0.024554 -0.117420
v 1.278103 -0.197685 -0.092598
v 1.286819 -0.183124 -0.117420
v 1.386103 -0.197685 -0.092598
v 1.386103 -0.182549 -0.117420
v 1.418103 -0.221685 -0.092598
v 1.418103 -0.205761 -0.117420
v 1.554876 -0.205276 -0.117420
v 1.562103 -0.221685 -0.092598
v 1.594103 -0.173685 -0.092598
v 1.583480 -0.161267 -0.117420
v 1.594103 0.056084 -0.092598
v 1.582685 0.056084 -0.117420
v 1.594103 0.106750 -0.092598
v 1.582160 0.106750 -0.117420
v 1.594103 0.157417 -0.092598
v 1.581860 0.157417 -0.117420
v 1.581763 0.193309 -0.117420
v 1.594103 0.208084 -0.092598
v 0.886340 -0.093014 0.092598
v 0.790854 -0.073714 0.117420
v 0.778197 -0.093014 0.092598
v 0.886340 -0.073565 0.117420
v 0.935759 -0.025002 0.117420
v 0.942340 -0.038741 0.092598
v 1.092772 -0.038741 0.092598
v 1.101264 -0.024554 0.117420
v 1.278103 -0.197685 0.092598
v 1.286819 -0.183124 0.117420
v 1.386103 -0.197685 0.092598
v 1.386103 -0.182549 0.117420
v 1.418103 -0.205761 0.117420
v 1.418103 -0.221685 0.092598
v 1.554876 -0.205276 0.117420
v 1.562103 -0.221685 0.092598
v 1.594103 -0.173685 0.092598
v 1.583480 -0.161267 0.117420
v 1.594103 0.056084 0.092598
v 1.582685 0.056084 0.117420
v 1.582160 0.106750 0.117420
v 1.594103 0.106750 0.092598
v 1.581860 0.157417 0.117420
v 1.594103 0.157417 0.092598
v 1.581763 0.193309 0.117420
v 1.594103 0.208084 0.092598
v -0.728997 -0.020295 -0.072886
v -0.768998 0.033287 -0.072886
v -0.740139 0.018818 -0.086846
v -0.721778 -0.005838 -0.086846
v -0.728997 -0.020295 0.072886
v -0.740139 0.018818 0.086846
v -0.768998 0.033287 0.072886
v -0.721778 -0.005838 0.086846
v 0.822677 -0.423585 -0.046039
v 0.595280 -0.477376 -0.046039
v 0.621453 -0.449149 -0.059781
v 0.792439 -0.408702 -0.059781
v 0.822677 -0.423585 0.046039
v 0.621453 -0.449149 0.059781
v 0.595280 -0.477376 0.046039
v 0.792439 -0.408702 0.059781
v -1.041862 0.122669 0.008414
v -0.977863 0.122669 -0.008414
v -1.041862 0.122669 -0.008414
v -1.109863 0.086669 0.008414
v -1.109863 0.086669 -0.008414
v -0.977863 0.122669 0.008414
v -0.901089 0.170543 -0.008414
v -0.901089 0.170543 0.008414
v -1.254379 -0.022982 -0.019154
v -1.229563 -0.010522 -0.019154
v -1.229563 -0.010522 0.019154
v -1.254379 -0.022982 0.019154
v -1.254379 -0.081060 -0.019154
v -1.254379 -0.081060 0.019154
v -1.204745 -0.022982 0.019154
v -1.204745 -0.022982 -0.019154
v -1.204745 -0.091564 -0.019154
v -1.204745 -0.091564 0.019154
v 0.792439 -0.408702 -0.059781
v 0.702358 -0.044517 -0.059781
v 0.732139 -0.044517 -0.046039
v 0.822677 -0.423585 -0.046039
v 0.792439 -0.408702 0.059781
v 0.732139 -0.044517 0.046039
v 0.702358 -0.044517 0.059781
v 0.822677 -0.423585 0.046039
v -1.403280 -0.122586 -0.019154
v -1.353648 -0.122586 -0.019154
v -1.353648 -0.122586 0.019154
v -1.403280 -0.122586 0.019154
v -1.004590 0.300221 -0.016826
v -1.041691 0.300221 -0.016826
v -1.041691 0.300221 -0.008413
v -1.004590 0.300221 -0.008413
v -1.041691 0.300221 0.016826
v -1.004590 0.300221 0.008413
v -1.041691 0.300221 0.008413
v -1.004590 0.300221 0.016826
v 0.127055 0.296449 -0.044230
v 0.132012 0.296449 -0.011390
v 0.132012 0.296449 -0.044230
v 0.127055 0.296449 -0.011390
v 0.127055 0.296449 0.011390
v 0.127055 0.296449 0.044230
v 0.132012 0.296449 0.011390
v 0.132012 0.296449 0.044230
v -1.021701 0.291185 -0.000597
v -1.023194 0.291185 -0.000597
v -1.023194 0.291185 0.000597
v -1.021701 0.291185 0.000597
v -1.204745 -0.091564 -0.019154
v -1.155111 -0.091564 -0.019154
v -1.155111 -0.091564 0.019154
v -1.204745 -0.091564 0.019154
v -1.004590 0.284837 -0.008413
v -1.041691 0.284837 -0.008413
v -1.041691 0.284837 0.008413
v -1.004590 0.284837 0.008413
v -0.020242 0.290245 -0.043233
v -0.033957 0.290245 -0.043233
v -0.020242 0.290245 -0.027512
v -0.053100 0.290245 -0.027512
v -0.053100 0.290245 -0.058954
v -0.033957 0.290245 -0.058954
v 0.011895 0.290245 -0.027512
v 0.011895 0.290245 -0.043233
v 0.015789 0.290245 -0.027512
v 0.015789 0.290245 -0.043233
v 0.050092 0.264145 -0.027512
v 0.050092 0.264145 -0.043233
v -0.053100 0.290245 0.058954
v -0.033957 0.290245 0.043233
v -0.053100 0.290245 0.027512
v -0.033957 0.290245 0.058954
v -0.020242 0.290245 0.027512
v -0.020242 0.290245 0.043233
v 0.011895 0.290245 0.043233
v 0.011895 0.290245 0.027512
v 0.015789 0.290245 0.043233
v 0.015789 0.290245 0.027512
v 0.050092 0.264145 0.043233
v 0.050092 0.264145 0.027512
v -0.060767 0.284009 -0.027644
v 0.114159 0.284009 -0.011390
v 0.114159 0.284009 -0.027644
v 0.114159 0.284009 0.011390
v -0.060767 0.284009 0.027644
v 0.114159 0.284009 0.027644
v 0.132012 0.284009 0.011390
v 0.132012 0.284009 -0.011390
v 0.252114 -0.153878 -0.072886
v 0.394121 -0.073878 -0.072886
v 0.252114 -0.153878 0.072886
v 0.394121 -0.073878 0.072886
v 0.782339 -0.073878 0.072886
v 0.782339 -0.073878 -0.072886
v -0.072315 -0.153878 0.072886
v -0.072315 -0.153878 -0.072886
v -0.166738 -0.073878 0.072886
v -0.166738 -0.073878 -0.072886
v -0.410104 -0.073878 0.072886
v -0.410104 -0.073878 -0.072886
v -0.450105 -0.020295 -0.072886
v -0.450105 -0.020295 0.072886
v -0.728997 -0.020295 0.072886
v -0.728997 -0.020295 -0.072886
v 0.090595 0.289297 -0.056271
v 0.100958 0.293589 -0.027789
v 0.100958 0.293589 -0.056271
v 0.111319 0.289297 -0.027789
v 0.090595 0.289297 -0.027789
v 0.111319 0.289297 -0.056271
v 0.086303 0.278935 -0.056271
v 0.115612 0.278935 -0.027789
v 0.086303 0.278935 -0.027789
v 0.090595 0.263819 -0.056271
v 0.090595 0.263819 -0.027789
v 0.115612 0.278935 -0.056271
v 0.111319 0.263819 -0.027789
v 0.111319 0.263819 -0.056271
v 0.100958 0.293589 0.027789
v 0.111319 0.289297 0.056271
v 0.111319 0.289297 0.027789
v 0.115612 0.278935 0.056271
v 0.100958 0.293589 0.056271
v 0.115612 0.278935 0.027789
v 0.111319 0.263819 0.056271
v 0.111319 0.263819 0.027789
v 0.090595 0.289297 0.027789
v 0.090595 0.289297 0.056271
v 0.086303 0.278935 0.027789
v 0.086303 0.278935 0.056271
v 0.090595 0.263819 0.027789
v 0.090595 0.263819 0.056271
v -1.304013 -0.081060 -0.019154
v -1.254379 -0.081060 -0.019154
v -1.254379 -0.081060 0.019154
v -1.304013 -0.081060 0.019154
v -0.977863 0.122669 -0.008414
v -0.899609 0.163376 -0.012000
v -0.976082 0.115502 -0.012000
v -0.901089 0.170543 -0.008414
v -1.040083 0.115502 -0.012000
v -1.041862 0.122669 -0.008414
v -1.081008 0.093836 -0.012000
v -1.109863 0.086669 -0.008414
v 0.782339 -0.059485 -0.086846
v 0.394121 -0.073878 -0.072886
v 0.390325 -0.059408 -0.086846
v 0.782339 -0.073878 -0.072886
v 0.248318 -0.139408 -0.086846
v 0.252114 -0.153878 -0.072886
v -0.066238 -0.139408 -0.086846
v -0.072315 -0.153878 -0.072886
v -0.166738 -0.073878 -0.072886
v -0.160661 -0.059408 -0.086846
v -0.402850 -0.059408 -0.086846
v -0.410104 -0.073878 -0.072886
v -0.450105 -0.020295 -0.072886
v -0.442885 -0.005838 -0.086846
v -0.721778 -0.005838 -0.086846
v -0.728997 -0.020295 -0.072886
v -0.901089 0.170543 0.008414
v -0.977863 0.122669 0.008414
v -0.899609 0.163376 0.012000
v -0.976082 0.115502 0.012000
v -1.040083 0.115502 0.012000
v -1.041862 0.122669 0.008414
v -1.081008 0.093836 0.012000
v -1.109863 0.086669 0.008414
v 0.394121 -0.073878 0.072886
v 0.782339 -0.073878 0.072886
v 0.782339 -0.059485 0.086846
v 0.390325 -0.059408 0.086846
v 0.248318 -0.139408 0.086846
v 0.252114 -0.153878 0.072886
v -0.066238 -0.139408 0.086846
v -0.072315 -0.153878 0.072886
v -0.166738 -0.073878 0.072886
v -0.160661 -0.059408 0.086846
v -0.402850 -0.059408 0.086846
v -0.410104 -0.073878 0.072886
v -0.450105 -0.020295 0.072886
v -0.442885 -0.005838 0.086846
v -0.721778 -0.005838 0.086846
v -0.728997 -0.020295 0.072886
v 0.083513 0.273665 -0.027512
v 0.122487 0.273665 -0.027512
v 0.083513 0.273665 -0.043233
v 0.122487 0.273665 -0.043233
v 0.083513 0.273665 0.043233
v 0.122487 0.273665 0.043233
v 0.083513 0.273665 0.027512
v 0.122487 0.273665 0.027512
v 0.000347 0.264145 -0.043233
v 0.112281 0.264145 -0.058954
v 0.000347 0.264145 -0.058954
v 0.000347 0.264145 -0.027512
v 0.127554 0.264145 -0.043233
v -0.062532 0.264145 0.027512
v -0.062532 0.264145 -0.027512
v 0.000347 0.264145 0.027512
v 0.127554 0.264145 0.043233
v 0.112281 0.264145 0.058954
v 0.000347 0.264145 0.043233
v 0.000347 0.264145 0.058954
v 0.832408 0.172821 -0.085014
v 0.786008 0.224649 -0.085014
v 0.795063 0.240031 -0.069191
v 0.847790 0.176804 -0.069191
v 0.832408 0.088503 -0.085014
v 0.847790 0.073121 -0.069191
v -0.145893 0.240031 -0.069192
v -0.152019 0.224649 -0.085014
v -0.193873 0.250110 -0.085014
v -0.187748 0.265493 -0.069192
v -0.409121 0.250110 -0.085014
v -0.420228 0.265493 -0.069192
v -0.436228 0.231388 -0.069192
v -0.423081 0.222158 -0.085014
v -0.677880 0.222158 -0.085014
v -0.691026 0.231388 -0.069192
v 0.795063 0.240031 0.069191
v 0.832408 0.172821 0.085014
v 0.847790 0.176804 0.069191
v 0.832408 0.088503 0.085014
v 0.847790 0.073121 0.069191
v 0.786008 0.224649 0.085014
v -0.145893 0.240031 0.069190
v -0.152019 0.224649 0.085014
v -0.193873 0.250110 0.085014
v -0.187748 0.265494 0.069190
v -0.409123 0.250110 0.085014
v -0.420228 0.265494 0.069190
v -0.436228 0.231388 0.069190
v -0.423081 0.222158 0.085014
v -0.677880 0.222158 0.085014
v -0.691026 0.231388 0.069190
v 0.847790 0.073121 -0.069191
v 0.847790 0.176804 -0.069191
v 0.847790 0.176804 0.069191
v 0.847790 0.073121 0.069191
v 0.795063 0.240031 -0.069191
v 0.795063 0.240031 0.069191
v -0.145893 0.240031 0.069190
v -0.145893 0.240031 -0.069192
v -0.187748 0.265493 -0.069192
v -0.187748 0.265494 0.069190
v -0.420228 0.265493 -0.069192
v -0.420228 0.265494 0.069190
v -0.436228 0.231388 0.069190
v -0.436228 0.231388 -0.069192
v -0.691026 0.231388 -0.069192
v -0.691026 0.231388 0.069190
v 0.132012 0.273670 0.044230
v 0.132012 0.284009 -0.011390
v 0.132012 0.284009 0.011390
v 0.132012 0.296449 0.044230
v 0.132012 0.296449 0.011390
v 0.132012 0.273670 -0.044230
v 0.132012 0.296449 -0.044230
v 0.132012 0.296449 -0.011390
v -0.033957 0.290245 -0.058954
v 0.000347 0.264145 -0.043233
v 0.000347 0.264145 -0.058954
v -0.033957 0.290245 -0.043233
v -0.033957 0.290245 0.043233
v 0.000347 0.264145 0.058954
v 0.000347 0.264145 0.043233
v -0.033957 0.290245 0.058954
v 0.122487 0.263532 0.027512
v 0.122487 0.273665 0.027512
v 0.122487 0.273665 0.043233
v 0.122487 0.263532 0.043233
v 0.122487 0.263532 -0.043233
v 0.122487 0.273665 -0.043233
v 0.122487 0.273665 -0.027512
v 0.122487 0.263532 -0.027512
v 0.886340 -0.073565 -0.117420
v 0.886340 0.089771 -0.117420
v 0.918458 0.051124 -0.117420
v 0.790854 0.089574 -0.117420
v 0.790854 -0.073714 -0.117420
v 0.935759 -0.025002 -0.117420
v 1.101264 -0.024554 -0.117420
v 1.122803 0.051426 -0.117420
v 1.308147 -0.107497 -0.117420
v 1.286819 -0.183124 -0.117420
v 1.386103 -0.182549 -0.117420
v 1.386103 -0.107742 -0.117420
v 1.418103 -0.108157 -0.117420
v 1.418103 -0.205761 -0.117420
v 1.489989 -0.108772 -0.117420
v 1.554876 -0.205276 -0.117420
v 1.583480 -0.161267 -0.117420
v 1.500464 -0.070977 -0.117420
v 1.582685 0.056084 -0.117420
v 1.501444 0.056084 -0.117420
v 1.582160 0.106750 -0.117420
v 1.454684 0.106750 -0.117420
v 1.455085 0.157417 -0.117420
v 1.581860 0.157417 -0.117420
v 1.506576 0.193309 -0.117420
v 1.581763 0.193309 -0.117420
v 0.886340 -0.073565 0.117420
v 0.918458 0.051124 0.117420
v 0.886340 0.089771 0.117420
v 0.790854 0.089574 0.117420
v 0.790854 -0.073714 0.117420
v 0.935759 -0.025002 0.117420
v 1.101264 -0.024554 0.117420
v 1.122803 0.051426 0.117420
v 1.308147 -0.107497 0.117420
v 1.286819 -0.183124 0.117420
v 1.386103 -0.182549 0.117420
v 1.386103 -0.107742 0.117420
v 1.418103 -0.108157 0.117420
v 1.418103 -0.205761 0.117420
v 1.489989 -0.108772 0.117420
v 1.554876 -0.205276 0.117420
v 1.583480 -0.161267 0.117420
v 1.500464 -0.070977 0.117420
v 1.582685 0.056084 0.117420
v 1.501444 0.056084 0.117420
v 1.582160 0.106750 0.117420
v 1.454684 0.106750 0.117420
v 1.455085 0.157417 0.117420
v 1.581860 0.157417 0.117420
v 1.506576 0.193309 0.117420
v 1.581763 0.193309 0.117420
v 0.074557 0.165737 0.071897
v 0.074557 0.207110 0.071897
v 0.066655 0.214669 0.085014
v 0.066655 0.158178 0.085014
v 0.077193 0.168735 0.058663
v 0.077193 0.204111 0.058663
v 0.074557 0.207110 0.071897
v 0.074557 0.165737 0.071897
v 0.270027 0.158178 0.085014
v 0.074557 0.165737 0.071897
v 0.066655 0.158178 0.085014
v 0.610086 0.165737 0.071897
v 0.617986 0.158178 0.085014
v 0.920291 0.192566 -0.088566
v 0.920291 0.076771 -0.088566
v 0.869778 0.134669 -0.088566
v 1.318044 0.076771 -0.088566
v 1.409462 0.192566 -0.088566
v 1.409462 0.137046 -0.088566
v -0.160661 -0.059408 -0.086846
v -0.078394 -0.061182 -0.086846
v -0.066238 -0.139408 -0.086846
v 0.255909 -0.061182 -0.086846
v -0.172817 0.018818 -0.086846
v 0.248318 -0.139408 -0.086846
v -0.402850 -0.059408 -0.086846
v 0.390325 -0.059408 -0.086846
v -0.442885 -0.005838 -0.086846
v -0.740139 0.018818 -0.086846
v -0.721778 -0.005838 -0.086846
v 0.397916 0.018818 -0.086846
v 0.506747 0.018818 -0.086846
v 0.782339 -0.059485 -0.086846
v 0.560339 0.064746 -0.086846
v 0.782339 0.064822 -0.086846
v 1.409462 0.192566 0.088566
v 1.318044 0.076771 0.088566
v 1.409462 0.137046 0.088566
v 0.920291 0.192566 0.088566
v 0.920291 0.076771 0.088566
v 0.869778 0.134669 0.088566
v -0.395948 0.040503 -0.085014
v -0.423081 0.222158 -0.085014
v -0.322371 0.152503 -0.085014
v -0.478921 0.040503 -0.085014
v -0.677880 0.222158 -0.085014
v -0.733720 0.040503 -0.085014
v -0.409121 0.250110 -0.085014
v -0.193873 0.250110 -0.085014
v -0.152019 0.224649 -0.085014
v 0.302123 0.152503 -0.085014
v 0.786008 0.224649 -0.085014
v 0.562100 0.088503 -0.085014
v 0.400116 0.042575 -0.085014
v 0.508508 0.042575 -0.085014
v 0.832408 0.088503 -0.085014
v 0.832408 0.172821 -0.085014
v -0.442885 -0.005838 0.086846
v -0.740139 0.018818 0.086846
v -0.721778 -0.005838 0.086846
v -0.172817 0.018818 0.086846
v -0.402850 -0.059408 0.086846
v -0.160661 -0.059408 0.086846
v -0.078394 -0.061182 0.086846
v -0.066238 -0.139408 0.086846
v 0.255909 -0.061182 0.086846
v 0.248318 -0.139408 0.086846
v 0.390325 -0.059408 0.086846
v 0.397916 0.018818 0.086846
v 0.506747 0.018818 0.086846
v 0.782339 -0.059485 0.086846
v 0.560339 0.064746 0.086846
v 0.782339 0.064822 0.086846
v -0.395948 0.040503 0.085014
v -0.423081 0.222158 0.085014
v -0.478921 0.040503 0.085014
v -0.677880 0.222158 0.085014
v -0.733720 0.040503 0.085014
v -0.322371 0.152503 0.085014
v -0.409123 0.250110 0.085014
v -0.193873 0.250110 0.085014
v -0.152019 0.224649 0.085014
v 0.066655 0.158178 0.085014
v 0.066655 0.214669 0.085014
v 0.302123 0.152503 0.085014
v 0.270027 0.158178 0.085014
v 0.786008 0.224649 0.085014
v 0.617986 0.214669 0.085014
v 0.617986 0.158178 0.085014
v 0.562100 0.088503 0.085014
v 0.400116 0.042575 0.085014
v 0.508508 0.042575 0.085014
v 0.832408 0.088503 0.085014
v 0.832408 0.172821 0.085014
v 0.607448 0.168735 0.058663
v 0.074557 0.165737 0.071897
v 0.610086 0.165737 0.071897
v 0.077193 0.168735 0.058663
v -0.964813 0.155450 0.022461
v -1.052484 0.155450 0.022461
v -0.964813 0.146147 0.000002
v -1.052484 0.146147 0.000002
v -1.052484 0.177909 0.031763
v -0.964813 0.155450 -0.022457
v -0.964813 0.177909 0.031763
v -1.052484 0.155450 -0.022457
v -1.052484 0.200367 0.022461
v -0.964813 0.177909 -0.031759
v -0.964813 0.200367 0.022461
v -1.052484 0.177909 -0.031759
v -1.052484 0.209670 0.000002
v -0.964813 0.200367 -0.022457
v -0.964813 0.209670 0.000002
v -1.052484 0.200367 -0.022457
v -0.033957 0.290245 0.058954
v -0.062532 0.264145 0.058954
v 0.000347 0.264145 0.058954
v -0.053100 0.290245 0.058954
v -0.062532 0.227299 0.058954
v 0.112281 0.227299 0.058954
v 0.112281 0.264145 0.058954
v 0.127554 0.227299 0.043233
v 0.127554 0.264145 0.043233
v 0.127554 0.264145 -0.043233
v 0.127554 0.227299 -0.043233
v 0.112281 0.227299 -0.058954
v 0.112281 0.264145 -0.058954
v 0.296335 0.137121 -0.069192
v 0.400116 0.042575 -0.085014
v 0.394327 0.027193 -0.069192
v 0.514198 0.027193 -0.069191
v 0.302123 0.152503 -0.085014
v 0.508508 0.042575 -0.085014
v -0.315182 0.137121 -0.069192
v 0.567789 0.073121 -0.069191
v -0.322371 0.152503 -0.085014
v 0.562100 0.088503 -0.085014
v 0.832408 0.088503 -0.085014
v 0.847790 0.073121 -0.069191
v -0.395948 0.040503 -0.085014
v -0.388760 0.025121 -0.069192
v -0.478921 0.040503 -0.085014
v -0.500228 0.025121 -0.069192
v -0.733720 0.040503 -0.085014
v -0.755027 0.025121 -0.069192
v -0.053100 0.290245 -0.058954
v -0.062532 0.264145 -0.058954
v -0.053100 0.290245 -0.027512
v -0.062532 0.264145 -0.027512
v -0.062532 0.227299 -0.058954
v -0.062532 0.227299 0.058954
v -0.062532 0.264145 0.027512
v -0.062532 0.264145 0.058954
v -0.053100 0.290245 0.058954
v -0.053100 0.290245 0.027512
v 0.112281 0.227299 -0.058954
v -0.062532 0.227299 -0.058954
v 0.000347 0.264145 -0.058954
v 0.112281 0.264145 -0.058954
v -0.062532 0.264145 -0.058954
v -0.033957 0.290245 -0.058954
v -0.053100 0.290245 -0.058954
v 0.631448 -0.406917 -0.059781
v 0.621453 -0.449149 -0.059781
v 0.614781 -0.433914 -0.059781
v 0.792439 -0.408702 -0.059781
v 0.702358 -0.044517 -0.059781
v 0.547758 -0.044517 -0.059781
v 0.514198 0.027193 0.069191
v 0.400116 0.042575 0.085014
v 0.394327 0.027193 0.069190
v 0.296335 0.137121 0.069190
v 0.508508 0.042575 0.085014
v 0.302123 0.152503 0.085014
v 0.567789 0.073121 0.069191
v -0.315182 0.137121 0.069190
v 0.562100 0.088503 0.085014
v 0.832408 0.088503 0.085014
v 0.847790 0.073121 0.069191
v -0.322371 0.152503 0.085014
v -0.395948 0.040503 0.085014
v -0.388760 0.025121 0.069190
v -0.478921 0.040503 0.085014
v -0.500228 0.025121 0.069190
v -0.733720 0.040503 0.085014
v -0.755027 0.025121 0.069190
v 0.115612 0.278935 -0.056271
v 0.100958 0.293589 -0.056271
v 0.111319 0.289297 -0.056271
v 0.086303 0.278935 -0.056271
v 0.090595 0.289297 -0.056271
v 0.100958 0.263819 -0.056271
v 0.111319 0.263819 -0.056271
v 0.090595 0.263819 -0.056271
v 0.792439 -0.408702 0.059781
v 0.631448 -0.406917 0.059781
v 0.621453 -0.449149 0.059781
v 0.614781 -0.433914 0.059781
v 0.702358 -0.044517 0.059781
v 0.547758 -0.044517 0.059781
v 0.607448 0.204111 0.058663
v 0.077193 0.168735 0.058663
v 0.607448 0.168735 0.058663
v 0.077193 0.204111 0.058663
v 0.086303 0.278935 0.056271
v 0.115612 0.278935 0.056271
v 0.100958 0.293589 0.056271
v 0.111319 0.289297 0.056271
v 0.090595 0.289297 0.056271
v 0.100958 0.263819 0.056271
v 0.090595 0.263819 0.056271
v 0.111319 0.263819 0.056271
v -1.019685 0.284564 -0.002210
v -1.023194 0.291185 -0.000597
v -1.021701 0.291185 -0.000597
v -1.025212 0.284564 -0.002210
v 0.132012 0.296449 -0.044230
v 0.132012 0.273670 -0.044230
v 0.127055 0.296449 -0.044230
v 0.114159 0.284009 -0.044230
v 0.114159 0.273670 -0.044230
v -0.060767 0.273670 -0.027644
v -0.060767 0.273670 0.027644
v -0.060767 0.284009 -0.027644
v -0.060767 0.284009 0.027644
v -0.020242 0.290245 -0.043233
v 0.000347 0.264145 -0.043233
v -0.033957 0.290245 -0.043233
v 0.011895 0.290245 -0.043233
v 0.015789 0.290245 -0.043233
v 0.050092 0.264145 -0.043233
v 0.074303 0.263532 0.043233
v 0.083513 0.273665 0.027512
v 0.074303 0.263532 0.027512
v 0.083513 0.273665 0.043233
v 0.074303 0.263532 -0.027512
v 0.083513 0.273665 -0.043233
v 0.074303 0.263532 -0.043233
v 0.083513 0.273665 -0.027512
v 0.122487 0.263532 -0.043233
v 0.083513 0.273665 -0.043233
v 0.122487 0.273665 -0.043233
v 0.074303 0.263532 -0.043233
v -1.025212 0.284564 0.002210
v -1.021701 0.291185 0.000597
v -1.023194 0.291185 0.000597
v -1.019685 0.284564 0.002210
v 0.114159 0.284009 0.027644
v 0.127055 0.296449 0.011390
v 0.114159 0.284009 0.011390
v 0.127055 0.296449 0.044230
v 0.114159 0.284009 0.044230
v 0.127055 0.296449 -0.044230
v 0.114159 0.284009 -0.027644
v 0.127055 0.296449 -0.011390
v 0.114159 0.284009 -0.011390
v 0.114159 0.284009 -0.044230
v 0.132012 0.273670 0.044230
v 0.114159 0.284009 0.044230
v 0.114159 0.273670 0.044230
v 0.127055 0.296449 0.044230
v 0.132012 0.296449 0.044230
v -0.033957 0.290245 0.043233
v 0.000347 0.264145 0.043233
v -0.020242 0.290245 0.043233
v 0.011895 0.290245 0.043233
v 0.015789 0.290245 0.043233
v 0.050092 0.264145 0.043233
v 0.074303 0.263532 0.043233
v 0.122487 0.263532 0.043233
v 0.083513 0.273665 0.043233
v 0.122487 0.273665 0.043233
v 0.114159 0.273670 -0.027644
v -0.060767 0.284009 -0.027644
v 0.114159 0.284009 -0.027644
v -0.060767 0.273670 -0.027644
v -0.060767 0.273670 0.027644
v 0.114159 0.273670 0.027644
v 0.114159 0.284009 0.027644
v -0.060767 0.284009 0.027644
v -0.990363 0.231002 -0.011770
v -1.041691 0.199927 -0.017686
v -1.041691 0.231002 -0.011770
v -0.975276 0.199927 -0.017686
v -1.004590 0.275492 -0.010516
v -1.041691 0.275492 -0.010516
v -1.041691 0.284837 -0.016826
v -1.004590 0.284837 -0.016826
v -1.041691 0.300221 -0.016826
v -1.004590 0.300221 -0.016826
v -1.204745 -0.022982 -0.019154
v -1.155111 -0.091564 -0.019154
v -1.204745 -0.091564 -0.019154
v -1.155111 0.046220 -0.019154
v -1.229563 -0.010522 -0.019154
v -1.328830 -0.010522 -0.019154
v -1.403282 0.046220 -0.019154
v -1.304013 -0.022982 -0.019154
v -1.353648 -0.022982 -0.019154
v -1.403280 -0.122586 -0.019154
v -1.353648 -0.122586 -0.019154
v -1.254379 -0.022982 -0.019154
v -1.304013 -0.081060 -0.019154
v -1.254379 -0.081060 -0.019154
v -0.990363 0.231002 0.011770
v -1.041691 0.199927 0.017686
v -0.975276 0.199927 0.017686
v -1.041691 0.231002 0.011770
v -1.004590 0.275492 0.010516
v -1.041691 0.275492 0.010516
v -1.004590 0.284837 0.016826
v -1.041691 0.284837 0.016826
v -1.004590 0.300221 0.016826
v -1.041691 0.300221 0.016826
v -1.204745 -0.022982 0.019154
v -1.155111 -0.091564 0.019154
v -1.155111 0.046220 0.019154
v -1.204745 -0.091564 0.019154
v -1.229563 -0.010522 0.019154
v -1.328830 -0.010522 0.019154
v -1.403282 0.046220 0.019154
v -1.304013 -0.022982 0.019154
v -1.353648 -0.022982 0.019154
v -1.403280 -0.122586 0.019154
v -1.353648 -0.122586 0.019154
v -1.254379 -0.022982 0.019154
v -1.254379 -0.081060 0.019154
v -1.304013 -0.081060 0.019154
v 0.847790 0.073121 -0.069191
v 0.567789 0.073121 0.069191
v 0.567789 0.073121 -0.069191
v 0.847790 0.073121 0.069191
v 0.514198 0.027193 -0.069191
v 0.514198 0.027193 0.069191
v 0.394327 0.027193 0.069190
v 0.394327 0.027193 -0.069192
v 0.296335 0.137121 -0.069192
v 0.296335 0.137121 0.069190
v -0.315182 0.137121 0.069190
v -0.315182 0.137121 -0.069192
v -0.388760 0.025121 0.069190
v -0.388760 0.025121 -0.069192
v -0.500228 0.025121 0.069190
v -0.500228 0.025121 -0.069192
v -0.755027 0.025121 0.069190
v -0.755027 0.025121 -0.069192
v -1.040083 0.115502 -0.012000
v -0.943642 0.093836 -0.012000
v -1.081008 0.093836 -0.012000
v -0.976082 0.115502 -0.012000
v -0.899609 0.163376 -0.012000
v -0.838624 0.163376 -0.012000
v -0.943642 0.093836 0.012000
v -0.838624 0.163376 0.012000
v -0.899609 0.163376 0.012000
v -0.976082 0.115502 0.012000
v -1.040083 0.115502 0.012000
v -1.081008 0.093836 0.012000
v 0.907810 0.202698 -0.068806
v 1.427068 0.202698 -0.068806
v 1.409462 0.192566 -0.088566
v 0.920291 0.192566 -0.088566
v 0.869778 0.134669 -0.088566
v 0.850983 0.134669 -0.068806
v 0.907810 0.202698 0.068806
v 1.409462 0.192566 0.088566
v 1.427068 0.202698 0.068806
v 0.920291 0.192566 0.088566
v 0.869778 0.134669 0.088566
v 0.850983 0.134669 0.068806
v 0.782339 0.079215 -0.072886
v 0.560339 0.064746 -0.086846
v 0.554987 0.079215 -0.072886
v 0.782339 0.064822 -0.086846
v 0.501396 0.033287 -0.072886
v 0.506747 0.018818 -0.086846
v 0.397916 0.018818 -0.086846
v 0.394121 0.033287 -0.072886
v 0.252114 -0.046713 -0.072886
v 0.255909 -0.061182 -0.086846
v -0.072315 -0.046713 -0.072886
v -0.078394 -0.061182 -0.086846
v -0.172817 0.018818 -0.086846
v -0.166738 0.033287 -0.072886
v -0.740139 0.018818 -0.086846
v -0.768998 0.033287 -0.072886
v -0.653024 0.154618 -0.023289
v -0.767543 0.144971 0.000002
v -0.767543 0.154618 -0.023289
v -0.653024 0.144971 0.000002
v -0.653024 0.177909 -0.032936
v -0.767543 0.154618 0.023293
v -0.767543 0.177909 -0.032936
v -0.653024 0.154618 0.023293
v -0.653024 0.201199 -0.023289
v -0.767543 0.177909 0.032940
v -0.767543 0.201199 -0.023289
v -0.653024 0.177909 0.032940
v -0.653024 0.210847 0.000002
v -0.767543 0.201199 0.023293
v -0.767543 0.210847 0.000002
v -0.653024 0.201199 0.023293
v 0.560339 0.064746 0.086846
v 0.782339 0.064822 0.086846
v 0.782339 0.079215 0.072886
v 0.554987 0.079215 0.072886
v 0.501396 0.033287 0.072886
v 0.506747 0.018818 0.086846
v 0.397916 0.018818 0.086846
v 0.394121 0.033287 0.072886
v 0.252114 -0.046713 0.072886
v 0.255909 -0.061182 0.086846
v -0.072315 -0.046713 0.072886
v -0.078394 -0.061182 0.086846
v -0.172817 0.018818 0.086846
v -0.166738 0.033287 0.072886
v -0.740139 0.018818 0.086846
v -0.768998 0.033287 0.072886
v -1.041691 0.300221 0.008413
v -1.004590 0.300221 0.008413
v -1.004590 0.284837 0.008413
v -1.041691 0.284837 0.008413
v 0.132012 0.284009 0.011390
v 0.127055 0.296449 0.011390
v 0.132012 0.296449 0.011390
v 0.114159 0.284009 0.011390
v -0.653024 0.045035 -0.029111
v -0.866751 0.032976 0.000002
v -0.866751 0.045035 -0.029111
v -0.653024 0.032976 0.000002
v -0.653024 0.074148 -0.041170
v -0.866751 0.045035 0.029115
v -0.866751 0.074148 -0.041170
v -0.653024 0.045035 0.029115
v -0.653024 0.103262 -0.029111
v -0.866751 0.074148 0.041174
v -0.866751 0.103262 -0.029111
v -0.653024 0.074148 0.041174
v -0.653024 0.115321 0.000002
v -0.866751 0.103262 0.029115
v -0.866751 0.115321 0.000002
v -0.653024 0.103262 0.029115
v -1.041691 0.284837 -0.008413
v -1.004590 0.284837 -0.008413
v -1.004590 0.300221 -0.008413
v -1.041691 0.300221 -0.008413
v 0.127055 0.296449 -0.011390
v 0.114159 0.284009 -0.011390
v 0.132012 0.284009 -0.011390
v 0.132012 0.296449 -0.011390
v -1.123338 0.046075 0.028075
v -1.442924 0.046075 0.028075
v -1.123338 0.034446 0.000002
v -1.442924 0.034446 0.000002
v -1.442924 0.074148 0.039704
v -1.123338 0.046075 -0.028071
v -1.123338 0.074148 0.039704
v -1.442924 0.046075 -0.028071
v -1.442924 0.102222 0.028075
v -1.123338 0.074148 -0.039699
v -1.123338 0.102222 0.028075
v -1.442924 0.074148 -0.039699
v -1.442924 0.113850 0.000002
v -1.123338 0.102222 -0.028071
v -1.123338 0.113850 0.000002
v -1.442924 0.102222 -0.028071
v -0.879873 0.050754 -0.023392
v -1.110554 0.041064 0.000002
v -1.110554 0.050754 -0.023392
v -0.879873 0.041064 0.000002
v -0.879873 0.074148 -0.033082
v -1.110554 0.050754 0.023397
v -1.110554 0.074148 -0.033082
v -0.879873 0.050754 0.023397
v -0.879873 0.097542 -0.023392
v -1.110554 0.074148 0.033086
v -1.110554 0.097542 -0.023392
v -0.879873 0.074148 0.033086
v -0.879873 0.107233 0.000002
v -1.110554 0.097542 0.023396
v -1.110554 0.107233 0.000002
v -0.879873 0.097542 0.023396
v 1.311936 0.100728 0.033941
v 1.493376 0.100728 0.033941
v 1.493376 0.134669 0.048000
v 1.311936 0.086669 -0.000000
v 1.311936 0.134669 0.048000
v 1.493376 0.086669 -0.000000
v 1.493376 0.168610 0.033941
v 1.311936 0.100728 -0.033941
v 1.311936 0.168610 0.033941
v 1.493376 0.100728 -0.033941
v 1.493376 0.182669 -0.000000
v 1.311936 0.134669 -0.048000
v 1.311936 0.182669 -0.000000
v 1.493376 0.134669 -0.048000
v 1.493376 0.168610 -0.033941
v 1.311936 0.168610 -0.033941
v -0.062532 0.264145 0.027512
v -0.020242 0.290245 0.027512
v 0.000347 0.264145 0.027512
v -0.053100 0.290245 0.027512
v 0.011895 0.290245 0.027512
v 0.015789 0.290245 0.027512
v 0.050092 0.264145 0.027512
v 0.122487 0.263532 0.027512
v 0.083513 0.273665 0.027512
v 0.122487 0.273665 0.027512
v 0.074303 0.263532 0.027512
v 0.100958 0.263819 0.027789
v 0.115612 0.278935 0.027789
v 0.111319 0.263819 0.027789
v 0.086303 0.278935 0.027789
v 0.090595 0.263819 0.027789
v 0.100958 0.293589 0.027789
v 0.111319 0.289297 0.027789
v 0.090595 0.289297 0.027789
v 0.015789 0.290245 -0.027512
v 0.000347 0.264145 -0.027512
v 0.050092 0.264145 -0.027512
v 0.011895 0.290245 -0.027512
v -0.020242 0.290245 -0.027512
v -0.062532 0.264145 -0.027512
v -0.053100 0.290245 -0.027512
v 0.074303 0.263532 -0.027512
v 0.122487 0.263532 -0.027512
v 0.083513 0.273665 -0.027512
v 0.122487 0.273665 -0.027512
v 0.115612 0.278935 -0.027789
v 0.086303 0.278935 -0.027789
v 0.100958 0.263819 -0.027789
v 0.090595 0.263819 -0.027789
v 0.111319 0.263819 -0.027789
v 0.100958 0.293589 -0.027789
v 0.090595 0.289297 -0.027789
v 0.111319 0.289297 -0.027789
v 1.427068 0.202698 -0.068806
v 0.907810 0.202698 -0.068806
v 0.907810 0.202698 0.068806
v 1.427068 0.202698 0.068806
v 0.850983 0.134669 0.068806
v 0.850983 0.134669 -0.068806
v 0.066655 0.214669 0.085014
v 0.610086 0.207110 0.071897
v 0.617986 0.214669 0.085014
v 0.074557 0.207110 0.071897
v 0.907810 0.066639 -0.068806
v 0.850983 0.134669 -0.068806
v 0.869778 0.134669 -0.088566
v 0.920291 0.076771 -0.088566
v 1.328267 0.066639 -0.068806
v 1.318044 0.076771 -0.088566
v 1.328267 0.066639 0.068806
v 0.920291 0.076771 0.088566
v 0.907810 0.066639 0.068806
v 1.318044 0.076771 0.088566
v 0.869778 0.134669 0.088566
v 0.850983 0.134669 0.068806
v -0.778040 0.159194 -0.018714
v -0.954586 0.151441 0.000002
v -0.954586 0.159194 -0.018714
v -0.778040 0.151441 0.000002
v -0.778040 0.177909 -0.026466
v -0.954586 0.159194 0.018718
v -0.954586 0.177909 -0.026466
v -0.778040 0.159194 0.018718
v -0.778040 0.196625 -0.018714
v -0.954586 0.177909 0.026470
v -0.954586 0.196625 -0.018714
v -0.778040 0.177909 0.026470
v -0.778040 0.204377 0.000002
v -0.954586 0.196625 0.018718
v -0.954586 0.204377 0.000002
v -0.778040 0.196625 0.018718
v 0.252114 -0.046713 -0.072886
v 0.394121 0.033287 0.072886
v 0.394121 0.033287 -0.072886
v 0.252114 -0.046713 0.072886
v 0.501396 0.033287 0.072886
v -0.072315 -0.046713 -0.072886
v 0.501396 0.033287 -0.072886
v -0.072315 -0.046713 0.072886
v 0.554987 0.079215 -0.072886
v -0.166738 0.033287 -0.072886
v 0.554987 0.079215 0.072886
v 0.782339 0.079215 -0.072886
v 0.782339 0.079215 0.072886
v -0.166738 0.033287 0.072886
v -0.768998 0.033287 0.072886
v -0.768998 0.033287 -0.072886
v 0.607448 0.204111 0.058663
v 0.074557 0.207110 0.071897
v 0.077193 0.204111 0.058663
v 0.610086 0.207110 0.071897
v 0.790854 0.089574 -0.117420
v 0.886340 0.098352 -0.092598
v 0.886340 0.089771 -0.117420
v 0.778197 0.098352 -0.092598
v 0.910339 0.068078 -0.092598
v 0.918458 0.051124 -0.117420
v 1.122803 0.051426 -0.117420
v 1.132772 0.068078 -0.092598
v 1.318103 -0.090866 -0.092598
v 1.308147 -0.107497 -0.117420
v 1.386103 -0.107742 -0.117420
v 1.386103 -0.090866 -0.092598
v 1.418103 -0.108157 -0.117420
v 1.418103 -0.090866 -0.092598
v 1.482103 -0.090866 -0.092598
v 1.489989 -0.108772 -0.117420
v 1.500464 -0.070977 -0.117420
v 1.490103 -0.058866 -0.092598
v 1.501444 0.056084 -0.117420
v 1.490103 0.056084 -0.092598
v 1.454684 0.106750 -0.117420
v 1.442104 0.106750 -0.092598
v 1.455085 0.157417 -0.117420
v 1.442104 0.157417 -0.092598
v 1.514103 0.208084 -0.092598
v 1.506576 0.193309 -0.117420
v 1.581763 0.193309 -0.117420
v 1.594103 0.208084 -0.092598
v 0.886340 0.098352 0.092598
v 0.886340 0.089771 0.117420
v 0.910339 0.068078 0.092598
v 0.790854 0.089574 0.117420
v 0.778197 0.098352 0.092598
v 0.918458 0.051124 0.117420
v 1.122803 0.051426 0.117420
v 1.132772 0.068078 0.092598
v 1.318103 -0.090866 0.092598
v 1.308147 -0.107497 0.117420
v 1.386103 -0.107742 0.117420
v 1.386103 -0.090866 0.092598
v 1.418103 -0.090866 0.092598
v 1.418103 -0.108157 0.117420
v 1.482103 -0.090866 0.092598
v 1.489989 -0.108772 0.117420
v 1.500464 -0.070977 0.117420
v 1.490103 -0.058866 0.092598
v 1.501444 0.056084 0.117420
v 1.490103 0.056084 0.092598
v 1.442104 0.106750 0.092598
v 1.454684 0.106750 0.117420
v 1.442104 0.157417 0.092598
v 1.455085 0.157417 0.117420
v 1.514103 0.208084 0.092598
v 1.506576 0.193309 0.117420
v 1.581763 0.193309 0.117420
v 1.594103 0.208084 0.092598
v 0.112281 0.227299 -0.058954
v 0.112281 0.227299 0.058954
v -0.062532 0.227299 0.058954
v -0.062532 0.227299 -0.058954
v 0.127554 0.227299 -0.043233
v 0.127554 0.227299 0.043233
v 0.114159 0.273670 -0.044230
v 0.114159 0.284009 -0.027644
v 0.114159 0.284009 -0.044230
v 0.114159 0.273670 -0.027644
v 0.114159 0.284009 0.027644
v 0.114159 0.273670 0.027644
v 0.114159 0.284009 0.044230
v 0.114159 0.273670 0.044230
v 0.907810 0.066639 -0.068806
v 1.328267 0.066639 -0.068806
v 1.328267 0.066639 0.068806
v 0.907810 0.066639 0.068806
v 0.850983 0.134669 -0.068806
v 0.850983 0.134669 0.068806
v 0.000347 0.264145 0.027512
v 0.050092 0.264145 0.027512
v 0.050092 0.264145 0.043233
v 0.000347 0.264145 0.043233
v 0.000347 0.264145 -0.043233
v 0.050092 0.264145 -0.043233
v 0.050092 0.264145 -0.027512
v 0.000347 0.264145 -0.027512
v 0.122487 0.263532 -0.027512
v 0.074303 0.263532 -0.043233
v 0.122487 0.263532 -0.043233
v 0.074303 0.263532 -0.027512
v 0.122487 0.263532 0.043233
v 0.074303 0.263532 0.027512
v 0.122487 0.263532 0.027512
v 0.074303 0.263532 0.043233
v 0.601620 -0.406706 -0.046039
v 0.517979 -0.044517 -0.046039
v 0.547758 -0.044517 -0.059781
v 0.631448 -0.406917 -0.059781
v 0.614781 -0.433914 -0.059781
v 0.584951 -0.433706 -0.046039
v 0.621453 -0.449149 -0.059781
v 0.595280 -0.477376 -0.046039
v 0.547758 -0.044517 0.059781
v 0.601620 -0.406706 0.046039
v 0.631448 -0.406917 0.059781
v 0.517979 -0.044517 0.046039
v 0.614781 -0.433914 0.059781
v 0.584951 -0.433706 0.046039
v 0.621453 -0.449149 0.059781
v 0.595280 -0.477376 0.046039
v 0.114159 0.273670 0.027644
v -0.060767 0.273670 0.027644
v 0.114159 0.273670 -0.027644
v -0.060767 0.273670 -0.027644
v 0.132012 0.273670 -0.044230
v 0.114159 0.273670 -0.044230
v 0.132012 0.273670 0.044230
v 0.114159 0.273670 0.044230
v -1.025212 0.284564 -0.002210
v -1.019685 0.284564 -0.002210
v -1.019685 0.284564 0.002210
v -1.025212 0.284564 0.002210
v -0.943642 0.093836 -0.012000
v -0.838624 0.163376 -0.012000
v -0.941862 0.086669 -0.008414
v -0.814636 0.170543 -0.008414
v -0.941862 0.086669 0.008414
v -0.814636 0.170543 0.008414
v -0.838624 0.163376 0.012000
v -0.943642 0.093836 0.012000
v 0.910339 0.068078 0.092598
v 0.910339 0.068078 -0.092598
v 0.886340 0.098352 -0.092598
v 1.132772 0.068078 0.092598
v 0.886340 0.098352 0.092598
v 0.778197 0.098352 0.092598
v 0.778197 0.098352 -0.092598
v 1.132772 0.068078 -0.092598
v 1.318103 -0.090866 0.092598
v 1.318103 -0.090866 -0.092598
v 1.386103 -0.090866 0.092598
v 1.386103 -0.090866 -0.092598
v 1.418103 -0.090866 0.092598
v 1.418103 -0.090866 -0.092598
v 1.482103 -0.090866 0.092598
v 1.482103 -0.090866 -0.092598
v 1.490103 -0.058866 0.092598
v 1.490103 -0.058866 -0.092598
v 1.490103 0.056084 0.092598
v 1.490103 0.056084 -0.092598
v 1.442104 0.106750 0.092598
v 1.442104 0.106750 -0.092598
v 1.442104 0.157417 0.092598
v 1.442104 0.157417 -0.092598
v 1.514103 0.208084 0.092598
v 1.514103 0.208084 -0.092598
v 1.594103 0.208084 -0.092598
v 1.594103 0.208084 0.092598
v 0.778197 -0.093014 -0.092598
v 0.778197 -0.093014 0.092598
v 0.762410 -0.079976 -0.074078
v 0.762410 -0.079976 0.074078
v 0.610086 0.165737 0.071897
v 0.617986 0.214669 0.085014
v 0.610086 0.207110 0.071897
v 0.617986 0.158178 0.085014
v -0.814636 0.170543 -0.008414
v -0.941862 0.086669 0.008414
v -0.941862 0.086669 -0.008414
v -0.814636 0.170543 0.008414
v 0.778197 0.098352 0.092598
v 0.778197 0.098352 -0.092598
v 0.762410 0.085314 0.074078
v 0.762410 0.085314 -0.074078
v 0.584951 -0.433706 -0.046039
v 0.584951 -0.433706 0.046039
v 0.601620 -0.406706 -0.046039
v 0.595280 -0.477376 0.046039
v 0.595280 -0.477376 -0.046039
v 0.601620 -0.406706 0.046039
v 0.517979 -0.044517 0.046039
v 0.517979 -0.044517 -0.046039
v 0.790854 0.089574 0.117420
v 0.778197 0.098352 0.092598
v 0.777642 0.077697 0.093936
v 0.762410 0.085314 0.074078
v 0.777642 -0.063332 0.093936
v 0.762410 -0.079976 0.074078
v 0.778197 -0.093014 0.092598
v 0.790854 -0.073714 0.117420
v 0.610086 0.165737 0.071897
v 0.607448 0.204111 0.058663
v 0.607448 0.168735 0.058663
v 0.610086 0.207110 0.071897
v 0.777642 -0.063332 -0.093936
v 0.778197 -0.093014 -0.092598
v 0.762410 -0.079976 -0.074078
v 0.790854 -0.073714 -0.117420
v 0.778197 0.098352 -0.092598
v 0.777642 0.077697 -0.093936
v 0.762410 0.085314 -0.074078
v 0.790854 0.089574 -0.117420
v 0.790854 -0.073714 -0.117420
v 0.777642 0.077697 -0.093936
v 0.790854 0.089574 -0.117420
v 0.777642 -0.063332 -0.093936
v 0.790854 -0.073714 0.117420
v 0.790854 0.089574 0.117420
v 0.777642 0.077697 0.093936
v 0.777642 -0.063332 0.093936
v -1.353648 -0.022982 0.019154
v -1.353648 -0.122586 -0.019154
v -1.353648 -0.022982 -0.019154
v -1.353648 -0.122586 0.019154
v -1.328830 -0.010522 0.019154
v -1.328830 -0.010522 -0.019154
v -1.304013 -0.022982 0.019154
v -1.304013 -0.022982 -0.019154
v -1.304013 -0.081060 -0.019154
v -1.304013 -0.081060 0.019154
v 0.762410 0.085314 -0.074078
v 0.777642 -0.063332 -0.093936
v 0.762410 -0.079976 -0.074078
v 0.777642 0.077697 -0.093936
v 0.762410 -0.079976 0.074078
v 0.762410 0.085314 0.074078
v -0.975276 0.199927 -0.017686
v -0.990363 0.231002 0.011770
v -0.975276 0.199927 0.017686
v -0.990363 0.231002 -0.011770
v -1.004590 0.275492 -0.010516
v -1.004590 0.275492 0.010516
v -1.004590 0.284837 0.008413
v -1.004590 0.284837 0.016826
v -1.004590 0.300221 0.016826
v -1.004590 0.300221 0.008413
v -1.004590 0.284837 -0.008413
v -1.004590 0.284837 -0.016826
v -1.004590 0.300221 -0.008413
v -1.004590 0.300221 -0.016826
v -1.021701 0.291185 0.000597
v -1.019685 0.284564 -0.002210
v -1.021701 0.291185 -0.000597
v -1.019685 0.284564 0.002210
v -0.964813 0.209670 0.000002
v -0.954586 0.196625 0.018718
v -0.954586 0.204377 0.000002
v -0.954586 0.196625 -0.018714
v -0.964813 0.200367 0.022461
v -0.964813 0.200367 -0.022457
v -0.964813 0.177909 0.031763
v -0.964813 0.177909 -0.031759
v -0.954586 0.177909 0.026470
v -0.954586 0.177909 -0.026466
v -0.954586 0.159194 0.018718
v -0.954586 0.159194 -0.018714
v -0.964813 0.155450 0.022461
v -0.964813 0.155450 -0.022457
v -0.964813 0.146147 0.000002
v -0.954586 0.151441 0.000002
v -1.123338 0.113850 0.000002
v -1.110554 0.097542 0.023396
v -1.110554 0.107233 0.000002
v -1.110554 0.097542 -0.023392
v -1.123338 0.102222 0.028075
v -1.123338 0.102222 -0.028071
v -1.123338 0.074148 0.039704
v -1.123338 0.074148 -0.039699
v -1.110554 0.074148 0.033086
v -1.110554 0.074148 -0.033082
v -1.110554 0.050754 0.023397
v -1.110554 0.050754 -0.023392
v -1.123338 0.046075 0.028075
v -1.123338 0.046075 -0.028071
v -1.123338 0.034446 0.000002
v -1.110554 0.041064 0.000002
v -1.155111 -0.091564 -0.019154
v -1.155111 0.046220 -0.019154
v -1.155111 0.046220 0.019154
v -1.155111 -0.091564 0.019154
vn -1.0000 0.0005 0.0005
vn -0.5272 0.0005 0.8497
vn -0.5276 0.6007 0.6007
vn -0.5277 -0.6006 0.6007
vn -0.5272 0.6008 0.6009
vn -0.5276 -0.6007 0.6007
vn -0.5273 0.8497 0.0003
vn -0.5272 -0.8497 0.0005
vn -0.5272 0.8498 0.0005
vn -0.5272 0.6009 -0.6009
vn -0.5272 -0.6008 -0.6009
vn -0.5276 0.6007 -0.6007
vn -0.5276 -0.6007 -0.6007
vn -0.5272 0.0005 -0.8497
vn -0.1538 -0.9881 0.0003
vn -0.0000 -0.7071 -0.7071
vn 0.0005 -1.0000 0.0005
vn -0.1538 -0.6987 -0.6987
vn 0.0005 0.0005 -1.0000
vn -0.1538 -0.6987 0.6987
vn -0.0000 -0.7071 0.7071
vn -0.1538 0.0004 -0.9881
vn -0.0000 0.7071 -0.7071
vn -0.1538 0.6986 -0.6988
vn 0.0005 1.0000 0.0005
vn -0.1538 0.9881 0.0005
vn -0.0000 0.7071 0.7071
vn -0.1538 0.0005 0.9881
vn 0.0005 0.0005 1.0000
vn -0.1538 0.6987 0.6987
vn 1.0000 0.0005 0.0005
vn 0.8146 -0.5800 0.0005
vn 0.8146 -0.5800 -0.0000
vn 0.5673 -0.8235 0.0003
vn -1.0000 -0.0000 -0.0000
vn -1.0000 0.0002 0.0002
vn -0.5277 0.6006 0.6006
vn -0.5274 -0.6007 0.6008
vn -0.5273 0.6008 0.6008
vn -0.5275 -0.6007 0.6008
vn -0.5272 0.8497 0.0005
vn -0.5273 -0.8497 0.0005
vn -0.5277 0.6006 -0.6006
vn -0.5277 -0.6006 -0.6006
vn -0.5277 0.6006 -0.6007
vn -0.5272 0.0005 -0.8498
vn -0.9566 0.2915 0.0003
vn -0.9566 0.2915 0.0006
vn -0.9566 0.2915 -0.0000
vn -0.9566 0.2916 -0.0000
vn 0.7469 0.0003 -0.6650
vn 0.6121 -0.4704 -0.6356
vn 0.6319 -0.4305 -0.6445
vn 0.4675 -0.6932 -0.5486
vn 0.4675 -0.6932 0.5486
vn 0.6121 -0.4704 0.6356
vn 0.6319 -0.4305 0.6445
vn 0.7469 0.0003 0.6650
vn -0.5250 0.8511 0.0004
vn -0.5247 0.6019 0.6020
vn -0.5247 0.6019 0.6019
vn -0.5248 0.0003 0.8512
vn -0.5247 0.8513 -0.0000
vn -0.5247 0.6019 -0.6020
vn -0.5247 -0.6019 0.6020
vn -0.5247 0.6019 -0.6019
vn -0.5247 -0.6020 0.6020
vn -0.5249 0.0004 -0.8511
vn -0.5247 -0.8513 -0.0000
vn -0.5249 0.0004 -0.8512
vn -0.5249 -0.8512 0.0004
vn -0.5247 -0.6019 -0.6020
vn -0.5249 0.8511 0.0004
vn -0.5247 0.6020 0.6020
vn -0.5249 0.0004 0.8512
vn -0.5249 0.8512 0.0004
vn -0.5250 0.0006 0.8511
vn -0.5247 0.6020 -0.6020
vn -0.5247 -0.6019 0.6019
vn -0.5248 0.0003 -0.8512
vn -0.5248 -0.8512 0.0003
vn -0.5250 0.0006 -0.8511
vn -0.5250 -0.8511 0.0006
vn -0.5247 -0.6019 -0.6019
vn 0.2299 -0.9732 0.0005
vn 0.2300 -0.9732 0.0004
vn 0.9727 0.2321 0.0004
vn 0.9726 0.2323 -0.0000
vn 0.9727 0.2322 0.0003
vn -0.9551 0.2963 -0.0000
vn -0.9550 0.2964 0.0003
vn -0.9550 0.2966 0.0004
vn -0.8013 -0.5982 0.0005
vn -0.8013 -0.5982 -0.0000
vn -0.1520 -0.9884 -0.0000
vn 0.1559 -0.9878 -0.0000
vn 0.1558 -0.9878 0.0005
vn -0.1520 -0.9884 0.0005
vn 0.1558 -0.9878 -0.0000
vn -0.1521 -0.9884 -0.0000
vn 0.1559 -0.9878 0.0005
vn -0.1521 -0.9884 0.0005
vn -0.1470 -0.9891 -0.0000
vn -0.1471 -0.9891 0.0005
vn -0.1472 -0.9891 0.0005
vn 0.1666 -0.9860 0.0005
vn 0.1666 -0.9860 -0.0000
vn 0.9491 -0.3151 0.0005
vn -0.6814 0.2105 -0.7009
vn -0.6814 0.2105 -0.7010
vn -0.6814 0.2105 0.7010
vn 0.1129 -0.8542 -0.5075
vn 0.0953 -0.7828 -0.6150
vn 0.1929 -0.7718 -0.6058
vn 0.0005 -0.7883 -0.6153
vn 0.0005 -0.7884 -0.6152
vn 0.1794 -0.8386 -0.5143
vn -0.1686 -0.8310 -0.5301
vn -0.1080 -0.8488 -0.5175
vn -0.1060 -0.8377 -0.5358
vn -0.1666 -0.8212 -0.5457
vn -0.1715 -0.8426 -0.5105
vn -0.1003 -0.8523 -0.5133
vn -0.0982 -0.8355 -0.5406
vn -0.1735 -0.8288 -0.5320
vn 0.1998 -0.7915 -0.5776
vn 0.1110 -0.8166 -0.5664
vn 0.7952 -0.3358 -0.5049
vn 0.8592 -0.1988 -0.4714
vn 0.9094 0.0034 -0.4159
vn 0.9018 0.0034 -0.4320
vn 0.9018 0.0034 -0.4321
vn 0.8974 0.0014 -0.4411
vn 0.8961 0.0013 -0.4439
vn 0.8961 0.0014 -0.4438
vn 0.0953 -0.7842 0.6132
vn 0.0005 -0.7883 0.6153
vn 0.0005 -0.7884 0.6152
vn 0.1929 -0.7725 0.6050
vn 0.1129 -0.8542 0.5075
vn 0.1794 -0.8386 0.5143
vn -0.1686 -0.8310 0.5301
vn -0.1080 -0.8488 0.5175
vn -0.1060 -0.8377 0.5358
vn -0.1666 -0.8213 0.5457
vn -0.1715 -0.8426 0.5105
vn -0.1001 -0.8523 0.5133
vn -0.1735 -0.8281 0.5330
vn -0.0982 -0.8355 0.5406
vn 0.1998 -0.7915 0.5776
vn 0.1110 -0.8166 0.5664
vn 0.7952 -0.3358 0.5049
vn 0.8592 -0.1988 0.4714
vn 0.9094 0.0034 0.4159
vn 0.9018 0.0035 0.4320
vn 0.9018 0.0034 0.4321
vn 0.8975 0.0016 0.4411
vn 0.8974 0.0014 0.4412
vn 0.8961 0.0013 0.4439
vn 0.8961 0.0014 0.4438
vn -0.5563 -0.4157 -0.7195
vn -0.5564 -0.4154 -0.7197
vn -0.5564 -0.4156 -0.7195
vn -0.5564 -0.4157 -0.7195
vn -0.5563 -0.4157 0.7195
vn -0.5564 -0.4156 0.7195
vn -0.5564 -0.4154 0.7197
vn -0.5564 -0.4157 0.7195
vn 0.1246 -0.5252 -0.8418
vn 0.1245 -0.5252 -0.8418
vn 0.1242 -0.5251 -0.8420
vn 0.1242 -0.5251 0.8420
vn 0.1245 -0.5252 0.8418
vn 0.1246 -0.5252 0.8418
vn -0.1334 0.9911 -0.0000
vn -0.1402 0.9901 0.0005
vn -0.1334 0.9911 0.0005
vn -0.4676 0.8839 0.0006
vn -0.4679 0.8838 -0.0000
vn -0.1402 0.9901 -0.0000
vn -0.5291 0.8486 0.0005
vn 0.7207 -0.6932 0.0005
vn 0.7207 -0.6933 -0.0000
vn -0.7207 -0.6932 0.0005
vn -0.7207 -0.6932 -0.0000
vn 0.4355 0.1061 -0.8939
vn 0.4355 0.1061 0.8939
vn 0.1481 0.9890 0.0005
vn 0.1480 0.9890 -0.0000
vn 0.6054 0.7960 0.0004
vn 0.6054 0.7959 0.0005
vn 0.1364 -0.9906 0.0005
vn 0.1364 -0.9906 -0.0000
vn -0.1648 -0.9863 0.0005
vn -0.1648 -0.9863 -0.0000
vn -0.1647 -0.9863 -0.0000
vn -0.1647 -0.9863 0.0005
vn -0.5904 0.8071 0.0005
vn 0.5904 0.8071 0.0005
vn -0.5904 0.8071 -0.0000
vn 0.5904 0.8071 -0.0000
vn -0.9979 0.0650 0.0005
vn 0.9979 0.0650 0.0005
vn -0.9620 -0.2731 0.0007
vn -0.9620 -0.2731 0.0005
vn 0.9620 -0.2732 -0.0000
vn 0.9620 -0.2731 0.0003
vn 0.9620 -0.2731 0.0006
vn -0.1226 0.4216 -0.8985
vn -0.2428 0.3893 -0.8885
vn -0.0465 0.4383 -0.8976
vn -0.1090 0.4227 -0.8997
vn -0.0445 0.4383 -0.8977
vn -0.2094 0.3955 -0.8943
vn -0.0005 -0.6953 -0.7187
vn 0.1441 -0.6678 -0.7303
vn 0.0738 -0.6834 -0.7263
vn -0.0005 -0.6954 -0.7187
vn 0.1442 -0.6672 -0.7308
vn 0.0738 -0.6823 -0.7273
vn -0.1666 -0.6472 -0.7439
vn -0.0806 -0.6744 -0.7340
vn -0.0807 -0.6744 -0.7340
vn -0.1872 -0.6319 -0.7521
vn -0.0856 -0.6695 -0.7379
vn -0.1871 -0.6325 -0.7517
vn -0.0855 -0.6695 -0.7379
vn 0.0005 -0.6943 -0.7197
vn 0.0005 -0.6942 -0.7197
vn -0.2428 0.3893 0.8885
vn -0.1226 0.4216 0.8985
vn -0.0465 0.4383 0.8976
vn -0.1090 0.4227 0.8997
vn -0.0445 0.4383 0.8977
vn -0.2094 0.3955 0.8943
vn -0.2095 0.3952 0.8944
vn 0.1441 -0.6678 0.7303
vn -0.0005 -0.6954 0.7187
vn -0.0005 -0.6953 0.7187
vn 0.0738 -0.6834 0.7263
vn 0.1442 -0.6672 0.7308
vn 0.0738 -0.6824 0.7273
vn -0.1666 -0.6472 0.7439
vn -0.0806 -0.6744 0.7340
vn -0.1872 -0.6319 0.7521
vn -0.0855 -0.6695 0.7379
vn -0.1871 -0.6325 0.7516
vn 0.0005 -0.6943 0.7197
vn 0.0005 -0.6942 0.7197
vn 0.0002 1.0000 0.0002
vn 0.6504 0.2370 -0.7217
vn 0.1812 0.6619 -0.7274
vn 0.0886 0.6935 -0.7150
vn 0.6229 0.3044 -0.7206
vn 0.7169 0.0003 -0.6972
vn 0.7170 -0.0000 -0.6970
vn 0.1470 0.6801 -0.7182
vn 0.0787 0.6990 -0.7108
vn 0.0788 0.6990 -0.7108
vn -0.1961 0.6338 -0.7482
vn -0.0923 0.6823 -0.7253
vn -0.1802 0.7740 -0.6070
vn -0.1207 0.8085 -0.5760
vn 0.0005 0.8640 -0.5035
vn 0.0885 0.6935 0.7150
vn 0.6504 0.2370 0.7217
vn 0.6232 0.3046 0.7203
vn 0.7170 -0.0000 0.6970
vn 0.1812 0.6619 0.7274
vn 0.1470 0.6801 0.7182
vn 0.0787 0.6990 0.7108
vn -0.1960 0.6338 0.7482
vn -0.0924 0.6823 0.7252
vn -0.1802 0.7740 0.6070
vn -0.1207 0.8085 0.5760
vn 0.0004 0.8639 0.5036
vn 0.0005 0.8640 0.5035
vn 0.9240 0.3825 -0.0000
vn 0.9239 0.3826 0.0005
vn 0.1618 0.9868 -0.0000
vn 0.1618 0.9868 0.0005
vn 0.1393 0.9902 0.0005
vn 0.1393 0.9902 -0.0000
vn -0.1725 0.9850 0.0005
vn -0.1724 0.9850 -0.0000
vn -0.1724 0.9850 0.0005
vn 0.6054 0.7959 0.0006
vn 0.6054 0.7959 0.0004
vn 0.6054 0.7959 0.0003
vn 0.8564 0.0004 0.5163
vn 0.9808 0.0004 0.1951
vn 0.9807 -0.0000 0.1953
vn 0.0004 0.8663 0.4996
vn 0.0003 0.8662 0.4996
vn 0.0004 0.8662 0.4997
vn 0.0005 0.8662 0.4997
vn 0.0002 0.0002 -1.0000
vn 0.0002 0.0002 1.0000
vn 0.0004 0.9752 0.2212
vn -0.0000 0.9753 0.2209
vn 0.0003 0.9752 0.2211
vn 0.0003 -0.7071 -0.7071
vn 0.1579 0.0005 0.9874
vn 0.1579 -0.0000 0.9875
vn 0.9009 0.0005 0.4341
vn 0.9009 -0.0000 0.4341
vn 0.9009 0.0005 -0.4341
vn 0.9009 -0.0000 -0.4341
vn 0.7173 0.0006 -0.6968
vn 0.7173 0.0007 -0.6968
vn -0.1852 -0.6700 -0.7189
vn -0.0865 -0.6981 -0.7108
vn 0.0836 -0.6992 -0.7100
vn 0.1705 -0.6754 -0.7174
vn 0.1960 -0.6573 -0.7277
vn 0.0895 -0.6934 -0.7150
vn 0.0005 -0.7168 -0.6972
vn 0.0004 -0.7169 -0.6972
vn 0.0894 -0.6934 -0.7150
vn -0.0000 -0.7170 -0.6971
vn 0.0004 -0.7168 -0.6972
vn -0.9406 0.3396 0.0005
vn -0.9842 0.1773 0.0005
vn -0.9405 0.3399 -0.0000
vn -0.9928 0.1197 0.0005
vn -0.9928 0.1196 0.0005
vn -0.9405 0.3397 0.0003
vn 0.0836 -0.6992 0.7100
vn -0.1853 -0.6700 0.7189
vn -0.0865 -0.6981 0.7108
vn -0.1852 -0.6700 0.7189
vn 0.1705 -0.6754 0.7174
vn 0.1960 -0.6573 0.7277
vn 0.0004 -0.7168 0.6972
vn -0.0000 -0.7170 0.6970
vn 0.0895 -0.6934 0.7149
vn 0.0894 -0.6934 0.7150
vn -0.0000 -0.7171 0.6970
vn 0.0006 0.2369 -0.9715
vn 0.0005 0.2369 -0.9715
vn -0.7400 0.6726 0.0005
vn -0.7400 0.6726 0.0003
vn -0.7400 0.6726 -0.0000
vn 0.0006 0.2369 0.9715
vn 0.0004 0.2369 0.9715
vn -0.6943 0.7197 0.0003
vn -0.6943 0.7197 0.0006
vn -0.6943 0.7197 0.0007
vn 0.0005 0.1118 -0.9937
vn 0.0005 0.1871 -0.9823
vn -0.0000 0.1079 -0.9942
vn 0.0005 -0.2731 -0.9620
vn 0.0005 -0.2790 -0.9603
vn -0.0000 -0.2926 -0.9562
vn 0.0005 0.1118 0.9937
vn 0.0005 0.1871 0.9823
vn -0.0000 0.1079 0.9942
vn 0.0005 -0.2731 0.9620
vn -0.0000 -0.2791 0.9603
vn -0.0000 -0.2926 0.9562
vn 0.1521 -0.9884 -0.0000
vn 0.1520 -0.9884 0.0005
vn -0.1598 -0.9871 0.0005
vn -0.1598 -0.9871 -0.0000
vn -0.1599 -0.9871 0.0005
vn 0.1667 -0.9860 -0.0000
vn -0.1207 0.8536 -0.5067
vn 0.0004 0.8896 -0.4567
vn -0.1725 0.8328 -0.5261
vn -0.6034 0.5145 -0.6093
vn -0.1207 0.8536 0.5067
vn 0.0004 0.8896 0.4567
vn -0.1725 0.8328 0.5261
vn -0.6034 0.5145 0.6093
vn -0.0005 0.6953 -0.7187
vn -0.1695 0.6520 -0.7390
vn -0.0806 0.6774 -0.7312
vn -0.0005 0.6952 -0.7188
vn -0.1685 0.6511 -0.7400
vn -0.0806 0.6764 -0.7321
vn -0.1442 0.6672 -0.7308
vn -0.0738 0.6823 -0.7273
vn 0.1666 0.6472 -0.7439
vn 0.0806 0.6744 -0.7340
vn 0.0807 0.6744 -0.7340
vn 0.0005 0.6943 -0.7197
vn 0.0007 0.6943 -0.7197
vn 0.0005 -0.7071 -0.7071
vn -0.1695 0.6520 0.7390
vn -0.0005 0.6952 0.7188
vn -0.0005 0.6953 0.7187
vn -0.0807 0.6774 0.7312
vn -0.1685 0.6511 0.7400
vn -0.0806 0.6764 0.7321
vn -0.1442 0.6672 0.7308
vn -0.0738 0.6824 0.7273
vn 0.1666 0.6472 0.7439
vn 0.0806 0.6744 0.7340
vn 0.0807 0.6744 0.7340
vn 0.0005 0.6943 0.7197
vn 0.0003 0.7071 0.7071
vn 0.0003 0.7071 -0.7071
vn -0.1618 0.9868 0.0005
vn -0.1617 0.9868 -0.0000
vn -0.7673 0.6412 0.0003
vn -0.7673 0.6413 0.0004
vn 0.0004 -0.8662 0.4997
vn 0.0005 -0.8662 0.4997
vn 0.0004 -0.8663 0.4996
vn -0.1207 -0.8536 -0.5067
vn -0.6034 -0.5145 -0.6093
vn -0.1724 -0.8328 -0.5261
vn 0.0004 -0.8896 -0.4567
vn 0.0006 -0.8895 -0.4569
vn 0.0005 -0.8896 0.4568
vn -0.1724 -0.8328 0.5261
vn -0.1207 -0.8536 0.5067
vn -0.6034 -0.5145 0.6093
vn 0.0005 0.7071 0.7071
vn -0.1364 0.9906 0.0005
vn -0.1364 0.9906 -0.0000
vn -0.1364 0.9907 0.0005
vn -0.1364 0.9907 -0.0000
vn -0.1520 0.9884 -0.0000
vn 0.1520 0.9884 -0.0000
vn -0.1520 0.9884 0.0005
vn 0.1520 0.9884 0.0005
vn -0.1521 0.9884 -0.0000
vn -0.0000 -0.9753 0.2210
vn 0.0003 -0.9752 0.2212
vn 0.0006 -0.9752 0.2213
vn -0.0005 0.9438 -0.3305
vn 0.1305 0.9371 -0.3238
vn 0.1873 0.9287 -0.3200
vn -0.0005 0.9438 -0.3306
vn 0.2155 0.8371 -0.5028
vn 0.1031 0.8379 -0.5360
vn 0.1685 0.7840 -0.5974
vn 0.1013 0.8048 -0.5849
vn 0.1696 0.7843 -0.5967
vn 0.1032 0.8054 -0.5837
vn 0.0035 0.8262 -0.5633
vn 0.0034 0.8262 -0.5634
vn 0.0044 0.8198 -0.5727
vn 0.0044 0.8202 -0.5720
vn -0.2183 0.7594 -0.6129
vn -0.1099 0.7928 -0.5995
vn -0.8855 0.1519 -0.4391
vn -0.9016 0.0875 -0.4237
vn -0.8385 -0.3853 -0.3853
vn -0.8370 -0.3884 -0.3855
vn -0.8265 -0.3837 -0.4120
vn -0.8277 -0.3804 -0.4126
vn -0.7503 0.5313 -0.3935
vn -0.7537 0.5251 -0.3952
vn -0.1002 0.8686 -0.4853
vn -0.1813 0.8689 -0.4606
vn 0.0005 0.8593 -0.5115
vn 0.1305 0.9368 0.3247
vn 0.1873 0.9287 0.3200
vn 0.2155 0.8371 0.5028
vn -0.0005 0.9438 0.3305
vn -0.0005 0.9438 0.3306
vn 0.1031 0.8379 0.5360
vn 0.1685 0.7840 0.5974
vn 0.1012 0.8048 0.5849
vn 0.1696 0.7843 0.5967
vn 0.1032 0.8054 0.5837
vn 0.0034 0.8262 0.5634
vn 0.0034 0.8262 0.5633
vn 0.0044 0.8203 0.5720
vn 0.0044 0.8198 0.5727
vn -0.2183 0.7594 0.6129
vn -0.1099 0.7928 0.5994
vn -0.8855 0.1519 0.4391
vn -0.9016 0.0875 0.4237
vn -0.8385 -0.3853 0.3853
vn -0.8370 -0.3884 0.3855
vn -0.8277 -0.3804 0.4126
vn -0.8265 -0.3837 0.4120
vn -0.7537 0.5251 0.3952
vn -0.7503 0.5313 0.3935
vn -0.1002 0.8686 0.4853
vn -0.1813 0.8689 0.4606
vn 0.0005 0.8593 0.5115
vn -0.1617 -0.9868 -0.0000
vn -0.1618 -0.9868 0.0005
vn -0.7673 -0.6413 0.0004
vn -0.7673 -0.6412 0.0004
vn -0.4168 0.0796 -0.9055
vn -0.4168 -0.0963 -0.9039
vn -0.4166 -0.0962 -0.9040
vn -0.4041 0.0659 -0.9123
vn -0.4041 0.0669 -0.9123
vn -0.3914 -0.1129 -0.9133
vn -0.4166 -0.0962 0.9040
vn -0.4168 0.0796 0.9055
vn -0.4168 -0.0963 0.9039
vn -0.4041 0.0659 0.9123
vn -0.4041 0.0669 0.9123
vn -0.3914 -0.1129 0.9133
vn 0.2486 -0.3766 -0.8924
vn 0.2486 -0.3766 0.8924
vn 0.1628 0.9867 0.0005
vn 0.1628 0.9867 -0.0000
vn 0.1629 0.9866 -0.0000
vn 0.1521 0.9884 0.0005
vn 0.1521 0.9884 -0.0000
vn -0.1803 0.9836 -0.0000
vn -0.1803 0.9836 0.0005
vn -0.9923 0.1237 0.0005
vn -0.9050 -0.4254 0.0005
vn -0.9050 -0.4254 -0.0000
vn -0.8202 0.5720 -0.0000
vn -0.8203 0.5720 0.0005
vn -0.1451 0.9894 -0.0000
vn -0.1451 0.9894 0.0005
vn -0.6366 -0.7712 0.0004
vn -0.6366 -0.7712 0.0002
vn -0.6368 -0.7710 -0.0000
vn -0.8563 0.0006 0.5165
vn -0.8564 0.0006 0.5164
vn -0.8564 0.0004 0.5163
vn 0.5505 -0.8348 0.0006
vn 0.5505 -0.8348 0.0003
vn 0.5505 -0.8348 0.0005
vn -0.6365 0.7713 0.0005
vn -0.6368 0.7710 -0.0000
vn -0.6366 0.7712 0.0003
vn -0.9825 0.1861 0.0005
vn -0.9825 0.1862 0.0005
vn -0.9822 0.1880 0.0005
vn -0.9732 -0.2300 0.0003
vn -0.9731 -0.2302 -0.0000
vn -0.9743 -0.2251 0.0007
vn -0.9743 -0.2251 0.0006
vn -0.8371 0.0581 0.5439
vn -0.8370 0.0577 0.5442
vn -0.8175 0.0309 0.5751
vn -0.8135 0.0249 0.5810
vn -0.8124 -0.0191 0.5828
vn -0.8172 -0.0239 0.5759
vn -0.8326 -0.0405 0.5523
vn -0.9808 0.0003 0.1952
vn -0.9808 0.0003 0.1950
vn -0.9808 0.0005 0.1950
vn -0.8326 -0.0405 -0.5523
vn -0.8326 -0.0405 -0.5524
vn -0.8370 0.0577 -0.5442
vn -0.8371 0.0582 -0.5439
vn -0.8716 0.0005 -0.4903
vn -0.8716 0.0003 -0.4903
vn -0.8716 0.0006 -0.4903
vn -0.8716 0.0006 0.4903
vn -0.8716 0.0003 0.4903
vn -0.8716 0.0005 0.4903
vn -0.8716 0.0008 0.4903
vn -0.9491 0.0005 -0.3150
vn -0.7937 0.0003 -0.6083
vn -0.9647 0.0005 -0.2633
vn -0.7939 0.0005 -0.6081
vn 0.8994 0.4372 0.0005
vn 0.9259 0.3777 0.0005
vn 0.8994 0.4371 0.0003
vn 0.9909 0.1343 0.0005
vn 0.9909 0.1342 0.0005
vn 1.0000 0.0002 0.0002
vn 0.9566 0.2912 -0.0000
vn 0.9566 0.2914 0.0003
vn 0.9566 0.2915 0.0006
vn 0.9566 0.2915 0.0003
vn 0.4599 0.8880 0.0005
vn 0.4596 0.6280 0.6280
vn 0.4599 0.8880 0.0004
vn 0.4596 0.6280 -0.6280
vn 0.4599 0.0004 0.8880
vn 0.4598 0.0003 -0.8880
vn 0.4596 -0.0000 -0.8881
vn 0.4597 -0.6279 0.6280
vn 0.4597 -0.6279 -0.6280
vn 0.4597 -0.6280 0.6280
vn 0.4597 -0.6280 -0.6280
vn 0.4598 -0.8880 0.0003
vn 0.4599 -0.8880 0.0005
vn 0.4598 0.8880 0.0005
vn 0.4597 0.6280 0.6280
vn 0.4598 0.8880 0.0003
vn 0.4597 0.6279 -0.6280
vn 0.4597 0.6280 0.6279
vn 0.4597 0.6280 -0.6280
vn 0.4599 0.0006 0.8880
vn 0.4599 0.0006 -0.8880
vn 0.4599 0.0005 0.8880
vn 0.4596 -0.6280 0.6280
vt 0.000000 0.000000
s 1
f 9/15/7 10/15/7 11/15/7
f 12/15/7 11/15/7 10/15/7
f 10/15/7 9/15/7 13/15/7
f 11/15/7 12/15/7 14/15/7
f 9/15/7 15/15/7 13/15/7
f 16/15/7 14/15/7 12/15/7
f 9/15/7 17/15/7 15/15/7
f 14/15/7 16/15/7 18/15/7
f 19/15/7 15/15/7 17/15/7
f 20/15/7 18/15/7 16/15/7
f 15/15/7 19/15/7 21/15/7
f 20/15/7 16/15/7 22/15/7
f 23/15/7 21/15/7 19/15/7
f 22/15/7 24/15/7 20/15/7
f 19/15/7 24/15/7 23/15/7
f 24/15/7 22/15/7 23/15/7
f 25/15/8 26/15/8 27/15/9
f 28/15/10 26/15/8 25/15/8
f 26/15/8 29/15/11 27/15/9
f 26/15/8 28/15/10 30/15/12
f 31/15/13 27/15/9 29/15/11
f 32/15/14 30/15/12 28/15/10
f 27/15/9 31/15/13 33/15/15
f 34/15/14 32/15/14 28/15/10
f 31/15/13 35/15/16 33/15/15
f 36/15/17 32/15/14 34/15/14
f 35/15/16 31/15/13 37/15/18
f 32/15/14 36/15/17 38/15/19
f 39/15/20 35/15/16 37/15/18
f 39/15/20 38/15/19 36/15/17
f 35/15/16 39/15/20 40/15/20
f 40/15/20 39/15/20 36/15/17
f 41/15/7 42/15/7 43/15/7
f 42/15/7 41/15/7 44/15/7
f 45/15/21 46/15/22 47/15/23
f 46/15/22 45/15/21 48/15/24
f 48/15/24 49/15/25 46/15/22
f 47/15/23 50/15/26 45/15/21
f 50/15/26 47/15/23 51/15/27
f 49/15/25 48/15/24 52/15/28
f 45/15/21 52/15/28 48/15/24
f 52/15/28 53/15/29 49/15/25
f 53/15/29 52/15/28 54/15/30
f 53/15/29 54/15/30 55/15/31
f 52/15/28 56/15/32 54/15/30
f 56/15/32 55/15/31 54/15/30
f 45/15/21 56/15/32 52/15/28
f 55/15/31 56/15/32 57/15/33
f 58/15/34 45/15/21 50/15/26
f 51/15/27 58/15/34 50/15/26
f 56/15/32 45/15/21 58/15/34
f 58/15/34 51/15/27 59/15/35
f 60/15/36 57/15/33 56/15/32
f 56/15/32 58/15/34 60/15/36
f 60/15/36 59/15/35 57/15/33
f 59/15/35 60/15/36 58/15/34
f 61/15/37 62/15/38 63/15/37
f 62/15/38 61/15/37 64/15/39
f 62/15/38 64/15/39 65/15/40
f 65/15/40 64/15/39 66/15/40
f 67/15/7 68/15/7 69/15/41
f 70/15/7 69/15/41 68/15/7
f 67/15/7 69/15/41 71/15/7
f 71/15/7 72/15/7 67/15/7
f 69/15/41 70/15/7 73/15/7
f 74/15/7 73/15/7 70/15/7
f 69/15/41 75/15/42 71/15/7
f 72/15/7 71/15/7 75/15/42
f 76/15/42 69/15/41 73/15/7
f 73/15/7 74/15/7 76/15/42
f 75/15/42 69/15/41 76/15/42
f 77/15/7 76/15/42 74/15/7
f 74/15/7 78/15/7 77/15/7
f 79/15/41 76/15/42 77/15/7
f 78/15/7 79/15/41 77/15/7
f 76/15/42 79/15/41 75/15/42
f 79/15/41 78/15/7 80/15/7
f 81/15/7 72/15/7 75/15/42
f 75/15/42 79/15/41 81/15/7
f 72/15/7 81/15/7 82/15/7
f 82/15/7 79/15/41 80/15/7
f 79/15/41 82/15/7 81/15/7
f 83/15/8 84/15/8 85/15/43
f 86/15/44 84/15/8 83/15/8
f 84/15/8 87/15/45 85/15/43
f 84/15/8 86/15/44 88/15/46
f 89/15/47 85/15/43 87/15/45
f 90/15/14 88/15/46 86/15/44
f 85/15/43 89/15/47 91/15/47
f 92/15/48 90/15/14 86/15/44
f 89/15/47 93/15/49 91/15/47
f 94/15/50 90/15/14 92/15/48
f 93/15/49 89/15/47 95/15/51
f 90/15/14 94/15/50 96/15/50
f 97/15/52 93/15/49 95/15/51
f 97/15/52 96/15/50 94/15/50
f 93/15/49 97/15/52 98/15/20
f 98/15/20 97/15/52 94/15/50
f 99/15/42 100/15/7 101/15/7
f 100/15/7 102/15/7 101/15/7
f 102/15/7 100/15/7 103/15/7
f 104/15/7 99/15/42 101/15/7
f 99/15/42 104/15/7 105/15/42
f 106/15/7 105/15/42 104/15/7
f 106/15/7 107/15/7 105/15/42
f 108/15/7 105/15/42 107/15/7
f 105/15/42 109/15/7 99/15/42
f 109/15/7 110/15/7 99/15/42
f 110/15/7 109/15/7 111/15/7
f 111/15/7 109/15/7 112/15/7
f 113/15/53 114/15/54 115/15/55
f 113/15/53 115/15/55 116/15/56
f 117/15/57 118/15/58 119/15/59
f 118/15/58 117/15/57 120/15/57
f 121/15/60 119/15/59 118/15/58
f 119/15/59 121/15/60 122/15/60
f 123/15/61 124/15/62 125/15/63
f 125/15/63 126/15/61 123/15/61
f 124/15/62 127/15/64 125/15/63
f 124/15/62 128/15/64 127/15/64
f 129/15/65 130/15/66 131/15/67
f 132/15/68 131/15/67 130/15/66
f 130/15/66 129/15/65 133/15/69
f 132/15/68 130/15/66 134/15/68
f 135/15/70 133/15/69 129/15/65
f 136/15/71 132/15/68 134/15/68
f 129/15/65 137/15/72 135/15/70
f 132/15/68 136/15/71 138/15/73
f 139/15/74 135/15/70 137/15/72
f 140/15/75 138/15/73 136/15/71
f 135/15/70 139/15/74 141/15/76
f 140/15/75 136/15/71 142/15/77
f 139/15/74 143/15/78 141/15/76
f 143/15/78 140/15/75 142/15/77
f 139/15/74 144/15/78 143/15/78
f 140/15/75 143/15/78 144/15/78
f 145/15/79 146/15/80 147/15/80
f 148/15/81 147/15/80 146/15/80
f 146/15/80 145/15/79 149/15/82
f 148/15/81 146/15/80 150/15/83
f 151/15/84 149/15/82 145/15/79
f 152/15/71 148/15/81 150/15/83
f 145/15/79 153/15/84 151/15/84
f 148/15/81 152/15/71 154/15/85
f 155/15/86 151/15/84 153/15/84
f 156/15/87 154/15/85 152/15/71
f 151/15/84 155/15/86 157/15/88
f 156/15/87 152/15/71 158/15/89
f 155/15/86 159/15/90 157/15/88
f 159/15/90 156/15/87 158/15/89
f 155/15/86 160/15/90 159/15/90
f 156/15/87 159/15/90 160/15/90
f 161/15/91 162/15/92 163/15/92
f 164/15/91 163/15/92 162/15/92
f 165/15/93 166/15/94 167/15/94
f 165/15/93 167/15/94 168/15/95
f 169/15/96 170/15/97 171/15/98
f 170/15/97 169/15/96 172/15/98
f 173/15/99 174/15/100 175/15/99
f 175/15/99 174/15/100 176/15/99
f 177/15/101 178/15/102 179/15/103
f 178/15/102 177/15/101 180/15/104
f 181/15/105 179/15/103 178/15/102
f 182/15/106 180/15/104 177/15/101
f 179/15/103 181/15/105 183/15/107
f 184/15/23 183/15/107 181/15/105
f 184/15/23 181/15/105 185/15/23
f 180/15/104 182/15/106 186/15/108
f 187/15/109 186/15/108 182/15/106
f 186/15/108 187/15/109 188/15/110
f 189/15/109 188/15/110 187/15/109
f 188/15/110 189/15/109 190/15/111
f 191/15/112 190/15/111 189/15/109
f 190/15/111 191/15/112 192/15/113
f 193/15/114 192/15/113 191/15/112
f 192/15/113 193/15/114 194/15/114
f 195/15/37 194/15/114 193/15/114
f 194/15/114 195/15/37 196/15/37
f 197/15/37 196/15/37 195/15/37
f 196/15/37 197/15/37 198/15/37
f 199/15/37 198/15/37 197/15/37
f 198/15/37 199/15/37 200/15/37
f 201/15/37 200/15/37 199/15/37
f 200/15/37 201/15/37 202/15/37
f 203/15/115 204/15/116 205/15/116
f 204/15/116 203/15/115 206/15/116
f 207/15/117 208/15/117 209/15/117
f 207/15/117 209/15/117 210/15/117
f 211/15/118 212/15/119 213/15/120
f 214/15/121 213/15/120 212/15/119
f 212/15/119 215/15/122 214/15/121
f 212/15/119 211/15/118 216/15/123
f 211/15/118 217/15/124 216/15/123
f 211/15/118 218/15/125 217/15/124
f 218/15/125 219/15/126 217/15/124
f 218/15/125 220/15/127 219/15/126
f 221/15/128 219/15/126 220/15/127
f 220/15/127 222/15/129 221/15/128
f 222/15/129 223/15/130 221/15/128
f 222/15/129 224/15/131 223/15/130
f 225/15/132 223/15/130 224/15/131
f 223/15/130 225/15/132 226/15/133
f 227/15/134 226/15/133 225/15/132
f 225/15/132 228/15/135 227/15/134
f 228/15/135 229/15/136 227/15/134
f 228/15/135 230/15/136 229/15/136
f 230/15/136 231/15/137 229/15/136
f 231/15/137 230/15/136 232/15/138
f 232/15/138 233/15/139 231/15/137
f 233/15/139 232/15/138 234/15/139
f 235/15/140 233/15/139 234/15/139
f 233/15/139 235/15/140 236/15/141
f 237/15/142 238/15/143 239/15/144
f 238/15/143 237/15/142 240/15/145
f 237/15/142 241/15/146 240/15/145
f 237/15/142 242/15/147 241/15/146
f 243/15/148 241/15/146 242/15/147
f 241/15/146 243/15/148 244/15/149
f 245/15/150 244/15/149 243/15/148
f 244/15/149 245/15/150 246/15/151
f 247/15/152 246/15/151 245/15/150
f 246/15/151 247/15/152 248/15/153
f 247/15/152 249/15/154 248/15/153
f 247/15/152 250/15/155 249/15/154
f 250/15/155 251/15/156 249/15/154
f 250/15/155 252/15/157 251/15/156
f 253/15/158 251/15/156 252/15/157
f 251/15/156 253/15/158 254/15/159
f 255/15/160 254/15/159 253/15/158
f 254/15/159 255/15/160 256/15/160
f 255/15/160 257/15/161 256/15/160
f 255/15/160 258/15/162 257/15/161
f 258/15/162 259/15/163 257/15/161
f 258/15/162 260/15/164 259/15/163
f 260/15/164 261/15/165 259/15/163
f 260/15/164 262/15/166 261/15/165
f 263/15/167 264/15/168 265/15/169
f 263/15/167 265/15/169 266/15/170
f 267/15/171 268/15/172 269/15/173
f 268/15/172 267/15/171 270/15/174
f 271/15/175 272/15/176 273/15/177
f 271/15/175 273/15/177 274/15/177
f 275/15/178 276/15/178 277/15/179
f 276/15/178 275/15/178 278/15/180
f 279/15/181 280/15/182 281/15/183
f 281/15/183 282/15/184 279/15/181
f 281/15/183 283/15/185 282/15/184
f 280/15/182 279/15/181 284/15/186
f 285/15/187 280/15/182 284/15/186
f 285/15/187 284/15/186 286/15/187
f 287/15/188 288/15/23 289/15/23
f 287/15/188 289/15/23 290/15/189
f 290/15/189 291/15/37 287/15/188
f 291/15/37 290/15/189 292/15/37
f 288/15/23 293/15/190 289/15/23
f 288/15/23 294/15/191 293/15/190
f 295/15/7 293/15/190 294/15/191
f 293/15/190 295/15/7 296/15/7
f 297/15/192 298/15/192 299/15/192
f 299/15/192 300/15/192 297/15/192
f 301/15/193 302/15/193 303/15/193
f 302/15/193 301/15/193 304/15/193
f 305/15/23 306/15/23 307/15/23
f 305/15/23 307/15/23 308/15/23
f 309/15/31 310/15/31 311/15/31
f 309/15/31 311/15/31 312/15/31
f 313/15/31 314/15/31 315/15/31
f 314/15/31 313/15/31 316/15/31
f 317/15/31 318/15/31 319/15/31
f 318/15/31 317/15/31 320/15/31
f 321/15/31 322/15/31 323/15/31
f 323/15/31 322/15/31 324/15/31
f 325/15/31 326/15/31 327/15/31
f 325/15/31 327/15/31 328/15/31
f 329/15/23 330/15/23 331/15/23
f 329/15/23 331/15/23 332/15/23
f 333/15/31 334/15/31 335/15/31
f 333/15/31 335/15/31 336/15/31
f 337/15/31 338/15/31 339/15/31
f 338/15/31 340/15/31 339/15/31
f 341/15/31 340/15/31 338/15/31
f 341/15/31 338/15/31 342/15/31
f 339/15/31 343/15/31 337/15/31
f 344/15/31 337/15/31 343/15/31
f 344/15/31 343/15/31 345/15/194
f 345/15/194 346/15/195 344/15/31
f 347/15/196 346/15/195 345/15/194
f 346/15/195 347/15/196 348/15/197
f 349/15/31 350/15/31 351/15/31
f 350/15/31 349/15/31 352/15/31
f 353/15/31 351/15/31 350/15/31
f 350/15/31 354/15/31 353/15/31
f 354/15/31 355/15/31 353/15/31
f 356/15/31 353/15/31 355/15/31
f 356/15/31 355/15/31 357/15/194
f 357/15/194 358/15/195 356/15/31
f 359/15/196 358/15/195 357/15/194
f 358/15/195 359/15/196 360/15/197
f 361/15/31 362/15/31 363/15/31
f 361/15/31 364/15/31 362/15/31
f 364/15/31 361/15/31 365/15/31
f 364/15/31 365/15/31 366/15/31
f 362/15/31 364/15/31 367/15/31
f 368/15/31 362/15/31 367/15/31
f 369/15/198 370/15/198 371/15/199
f 370/15/198 372/15/199 371/15/199
f 370/15/198 373/15/23 372/15/199
f 370/15/198 374/15/23 373/15/23
f 371/15/199 375/15/104 369/15/198
f 376/15/101 369/15/198 375/15/104
f 376/15/101 375/15/104 377/15/104
f 378/15/101 376/15/101 377/15/104
f 378/15/101 377/15/104 379/15/200
f 380/15/201 378/15/101 379/15/200
f 380/15/201 379/15/200 381/15/202
f 381/15/202 379/15/200 382/15/203
f 382/15/203 383/15/23 381/15/202
f 384/15/23 381/15/202 383/15/23
f 385/15/204 386/15/31 387/15/31
f 388/15/205 387/15/31 386/15/31
f 386/15/31 385/15/204 389/15/206
f 387/15/31 388/15/205 390/15/207
f 391/15/208 389/15/206 385/15/204
f 392/15/209 390/15/207 388/15/205
f 389/15/206 391/15/208 393/15/208
f 394/15/210 393/15/208 391/15/208
f 393/15/208 394/15/210 395/15/211
f 390/15/207 392/15/209 396/15/209
f 397/15/212 396/15/209 392/15/209
f 396/15/209 397/15/212 398/15/213
f 399/15/31 400/15/205 401/15/207
f 402/15/209 401/15/207 400/15/205
f 400/15/205 399/15/31 403/15/31
f 401/15/207 402/15/209 404/15/209
f 405/15/212 404/15/209 402/15/209
f 404/15/209 405/15/212 406/15/214
f 407/15/204 403/15/31 399/15/31
f 403/15/31 407/15/204 408/15/206
f 409/15/208 408/15/206 407/15/204
f 408/15/206 409/15/208 410/15/208
f 411/15/210 410/15/208 409/15/208
f 410/15/208 411/15/210 412/15/211
f 413/15/23 414/15/23 415/15/23
f 413/15/23 415/15/23 416/15/23
f 417/15/215 418/15/216 419/15/217
f 418/15/216 417/15/215 420/15/216
f 421/15/218 417/15/215 419/15/217
f 417/15/215 421/15/218 422/15/219
f 423/15/220 422/15/219 421/15/218
f 424/15/220 422/15/219 423/15/220
f 425/15/221 426/15/222 427/15/223
f 426/15/222 425/15/221 428/15/224
f 426/15/222 429/15/225 427/15/223
f 429/15/225 426/15/222 430/15/226
f 430/15/226 431/15/227 429/15/225
f 430/15/226 432/15/228 431/15/227
f 433/15/227 431/15/227 432/15/228
f 431/15/227 433/15/227 434/15/229
f 435/15/230 434/15/229 433/15/227
f 433/15/227 436/15/231 435/15/230
f 437/15/232 435/15/230 436/15/231
f 435/15/230 437/15/232 438/15/233
f 439/15/234 438/15/233 437/15/232
f 437/15/232 440/15/235 439/15/234
f 441/15/236 442/15/237 443/15/236
f 443/15/236 442/15/237 444/15/238
f 442/15/237 445/15/239 444/15/238
f 445/15/239 442/15/237 446/15/240
f 446/15/240 447/15/241 445/15/239
f 446/15/240 448/15/242 447/15/241
f 449/15/243 450/15/244 451/15/245
f 449/15/243 451/15/245 452/15/246
f 453/15/247 449/15/243 452/15/246
f 449/15/243 453/15/247 454/15/248
f 455/15/249 454/15/248 453/15/247
f 454/15/248 455/15/249 456/15/250
f 457/15/249 456/15/250 455/15/249
f 455/15/249 458/15/250 457/15/249
f 459/15/251 457/15/249 458/15/250
f 457/15/249 459/15/251 460/15/252
f 461/15/253 460/15/252 459/15/251
f 459/15/251 462/15/252 461/15/253
f 463/15/254 461/15/253 462/15/252
f 461/15/253 463/15/254 464/15/255
f 465/15/31 466/15/31 467/15/31
f 468/15/31 467/15/31 466/15/31
f 469/15/31 470/15/31 471/15/31
f 472/15/31 471/15/31 470/15/31
f 473/15/31 474/15/31 475/15/31
f 476/15/256 474/15/31 473/15/31
f 476/15/256 477/15/31 474/15/31
f 478/15/31 476/15/256 479/15/31
f 476/15/256 478/15/31 480/15/256
f 480/15/256 477/15/31 476/15/256
f 480/15/256 481/15/31 477/15/31
f 481/15/31 480/15/256 482/15/31
f 480/15/256 483/15/31 482/15/31
f 482/15/31 483/15/31 484/15/31
f 485/15/257 486/15/258 487/15/259
f 485/15/257 487/15/259 488/15/260
f 489/15/261 485/15/257 488/15/260
f 489/15/261 488/15/260 490/15/262
f 486/15/258 491/15/263 487/15/259
f 486/15/258 492/15/264 491/15/263
f 493/15/263 491/15/263 492/15/264
f 491/15/263 493/15/263 494/15/265
f 495/15/266 494/15/265 493/15/263
f 494/15/265 495/15/266 496/15/267
f 495/15/266 497/15/268 496/15/267
f 495/15/266 498/15/269 497/15/268
f 498/15/269 499/15/270 497/15/268
f 497/15/268 499/15/270 500/15/270
f 501/15/271 502/15/272 503/15/273
f 504/15/274 503/15/273 502/15/272
f 503/15/273 504/15/274 505/15/274
f 502/15/272 501/15/271 506/15/275
f 507/15/276 506/15/275 501/15/271
f 506/15/275 507/15/276 508/15/277
f 509/15/276 508/15/277 507/15/276
f 507/15/276 510/15/277 509/15/276
f 510/15/277 511/15/278 509/15/276
f 510/15/277 512/15/279 511/15/278
f 513/15/280 511/15/278 512/15/279
f 511/15/278 513/15/280 514/15/281
f 513/15/280 515/15/282 514/15/281
f 515/15/282 513/15/280 516/15/283
f 517/15/37 518/15/284 519/15/285
f 517/15/37 519/15/285 520/15/37
f 519/15/285 518/15/284 521/15/286
f 521/15/286 522/15/287 519/15/285
f 521/15/286 523/15/288 522/15/287
f 523/15/288 521/15/286 524/15/289
f 525/15/289 523/15/288 524/15/289
f 523/15/288 525/15/289 526/15/288
f 527/15/290 526/15/288 525/15/289
f 526/15/288 527/15/290 528/15/291
f 527/15/290 529/15/291 528/15/291
f 529/15/291 527/15/290 530/15/292
f 531/15/31 529/15/291 530/15/292
f 529/15/291 531/15/31 532/15/31
f 533/15/37 534/15/37 535/15/37
f 535/15/37 536/15/37 533/15/37
f 536/15/37 535/15/37 537/15/37
f 533/15/37 538/15/37 534/15/37
f 539/15/37 534/15/37 538/15/37
f 534/15/37 539/15/37 540/15/37
f 541/15/197 542/15/197 543/15/197
f 542/15/197 541/15/197 544/15/293
f 545/15/294 546/15/197 547/15/197
f 546/15/197 545/15/294 548/15/295
f 549/15/37 550/15/37 551/15/37
f 549/15/37 551/15/37 552/15/37
f 553/15/37 554/15/37 555/15/37
f 553/15/37 555/15/37 556/15/37
f 557/15/25 558/15/25 559/15/25
f 557/15/25 560/15/25 558/15/25
f 560/15/25 557/15/25 561/15/25
f 557/15/25 559/15/25 562/15/25
f 559/15/25 563/15/25 562/15/25
f 563/15/25 559/15/25 564/15/25
f 563/15/25 564/15/25 565/15/25
f 566/15/25 563/15/25 565/15/25
f 565/15/25 567/15/25 566/15/25
f 567/15/25 565/15/25 568/15/25
f 569/15/25 567/15/25 568/15/25
f 569/15/25 570/15/25 567/15/25
f 571/15/25 570/15/25 569/15/25
f 570/15/25 571/15/25 572/15/25
f 571/15/25 573/15/25 572/15/25
f 573/15/25 571/15/25 574/15/25
f 574/15/25 575/15/25 573/15/25
f 575/15/25 574/15/25 576/15/25
f 576/15/25 577/15/25 575/15/25
f 577/15/25 576/15/25 578/15/25
f 579/15/25 577/15/25 578/15/25
f 579/15/25 580/15/25 577/15/25
f 580/15/25 579/15/25 581/15/25
f 581/15/25 582/15/25 580/15/25
f 583/15/35 584/15/35 585/15/35
f 583/15/35 585/15/35 586/15/35
f 587/15/35 583/15/35 586/15/35
f 584/15/35 583/15/35 588/15/35
f 589/15/35 584/15/35 588/15/35
f 584/15/35 589/15/35 590/15/35
f 589/15/35 591/15/35 590/15/35
f 591/15/35 589/15/35 592/15/35
f 593/15/35 591/15/35 592/15/35
f 591/15/35 593/15/35 594/15/35
f 593/15/35 595/15/35 594/15/35
f 595/15/35 593/15/35 596/15/35
f 596/15/35 597/15/35 595/15/35
f 597/15/35 596/15/35 598/15/35
f 597/15/35 598/15/35 599/15/35
f 599/15/35 600/15/35 597/15/35
f 599/15/35 601/15/35 600/15/35
f 600/15/35 601/15/35 602/15/35
f 602/15/35 601/15/35 603/15/35
f 602/15/35 603/15/35 604/15/35
f 603/15/35 605/15/35 604/15/35
f 605/15/35 603/15/35 606/15/35
f 606/15/35 607/15/35 605/15/35
f 607/15/35 606/15/35 608/15/35
f 609/15/296 610/15/296 611/15/296
f 609/15/296 611/15/296 612/15/296
f 613/15/297 614/15/297 615/15/297
f 613/15/297 615/15/297 616/15/298
f 617/15/299 618/15/300 619/15/301
f 620/15/301 618/15/300 617/15/299
f 621/15/302 620/15/301 617/15/299
f 622/15/25 623/15/25 624/15/25
f 623/15/25 622/15/25 625/15/25
f 622/15/25 626/15/25 625/15/25
f 625/15/25 626/15/25 627/15/25
f 628/15/25 629/15/25 630/15/25
f 631/15/25 630/15/25 629/15/25
f 629/15/25 628/15/25 632/15/25
f 630/15/25 631/15/25 633/15/25
f 634/15/25 632/15/25 628/15/25
f 635/15/25 633/15/25 631/15/25
f 632/15/25 634/15/25 636/15/25
f 637/15/25 632/15/25 636/15/25
f 636/15/25 638/15/25 637/15/25
f 639/15/25 635/15/25 631/15/25
f 635/15/25 639/15/25 640/15/25
f 640/15/25 641/15/25 635/15/25
f 642/15/25 641/15/25 640/15/25
f 641/15/25 642/15/25 643/15/25
f 644/15/35 645/15/35 646/15/35
f 647/15/35 645/15/35 644/15/35
f 645/15/35 647/15/35 648/15/35
f 648/15/35 647/15/35 649/15/35
f 650/15/25 651/15/25 652/15/303
f 651/15/25 650/15/25 653/15/25
f 653/15/25 654/15/25 651/15/25
f 654/15/25 653/15/25 655/15/25
f 656/15/25 652/15/303 651/15/25
f 657/15/25 652/15/303 656/15/25
f 652/15/303 657/15/25 658/15/25
f 659/15/25 652/15/303 658/15/25
f 658/15/25 660/15/25 659/15/25
f 659/15/25 660/15/25 661/15/25
f 662/15/25 659/15/25 661/15/25
f 662/15/25 661/15/25 663/15/25
f 660/15/25 664/15/25 661/15/25
f 664/15/25 660/15/25 665/15/25
f 666/15/35 667/15/35 668/15/35
f 667/15/35 666/15/35 669/15/35
f 670/15/35 669/15/35 666/15/35
f 669/15/35 670/15/35 671/15/35
f 672/15/35 669/15/35 671/15/35
f 671/15/35 673/15/35 672/15/35
f 674/15/35 672/15/35 673/15/35
f 674/15/35 673/15/35 675/15/35
f 676/15/35 674/15/35 675/15/35
f 674/15/35 676/15/35 677/15/35
f 677/15/35 676/15/35 678/15/35
f 679/15/35 678/15/35 676/15/35
f 679/15/35 680/15/35 678/15/35
f 680/15/35 679/15/35 681/15/35
f 682/15/35 683/15/35 684/15/35
f 684/15/35 683/15/35 685/15/35
f 686/15/35 684/15/35 685/15/35
f 683/15/35 682/15/35 687/15/304
f 687/15/304 688/15/35 683/15/35
f 688/15/35 687/15/304 689/15/35
f 687/15/304 690/15/35 689/15/35
f 687/15/304 691/15/35 690/15/35
f 692/15/35 690/15/35 691/15/35
f 691/15/35 687/15/304 693/15/304
f 691/15/35 693/15/304 694/15/35
f 692/15/35 695/15/304 690/15/35
f 695/15/304 692/15/35 696/15/35
f 693/15/304 697/15/304 694/15/35
f 697/15/304 695/15/304 696/15/35
f 697/15/304 693/15/304 698/15/35
f 699/15/35 698/15/35 693/15/304
f 698/15/35 699/15/35 700/15/35
f 698/15/35 701/15/35 697/15/304
f 695/15/304 697/15/304 701/15/35
f 695/15/304 701/15/35 702/15/35
f 703/15/305 704/15/306 705/15/306
f 704/15/306 703/15/305 706/15/307
f 707/15/27 708/15/27 709/15/23
f 710/15/23 709/15/23 708/15/27
f 708/15/27 707/15/27 711/15/35
f 709/15/23 710/15/23 712/15/308
f 713/15/35 711/15/35 707/15/27
f 714/15/22 712/15/308 710/15/23
f 711/15/35 713/15/35 715/15/33
f 712/15/308 714/15/22 716/15/25
f 717/15/33 715/15/33 713/15/35
f 718/15/25 716/15/25 714/15/22
f 717/15/33 719/15/31 715/15/33
f 716/15/25 718/15/25 720/15/29
f 719/15/31 717/15/33 721/15/31
f 722/15/29 720/15/29 718/15/25
f 721/15/31 722/15/29 719/15/31
f 722/15/29 721/15/31 720/15/29
f 723/15/35 724/15/35 725/15/35
f 724/15/35 723/15/35 726/15/35
f 727/15/35 725/15/35 724/15/35
f 727/15/35 728/15/309 725/15/35
f 725/15/35 728/15/309 729/15/310
f 730/15/311 729/15/310 728/15/309
f 730/15/311 731/15/312 729/15/310
f 730/15/311 732/15/313 731/15/312
f 732/15/313 730/15/311 733/15/314
f 734/15/315 732/15/313 733/15/314
f 734/15/315 735/15/316 732/15/313
f 736/15/317 737/15/317 738/15/318
f 739/15/319 738/15/318 737/15/317
f 737/15/317 736/15/317 740/15/318
f 739/15/319 737/15/317 741/15/320
f 742/15/321 740/15/318 736/15/317
f 743/15/320 739/15/319 741/15/320
f 740/15/318 742/15/321 744/15/322
f 741/15/320 745/15/319 743/15/320
f 746/15/323 743/15/320 745/15/319
f 743/15/320 746/15/323 747/15/324
f 742/15/321 748/15/321 744/15/322
f 748/15/321 742/15/321 749/15/325
f 750/15/326 748/15/321 749/15/325
f 749/15/325 751/15/326 750/15/326
f 751/15/326 752/15/327 750/15/326
f 752/15/327 751/15/326 753/15/327
f 754/15/328 755/15/329 756/15/330
f 755/15/329 757/15/331 756/15/330
f 758/15/7 757/15/331 755/15/329
f 759/15/7 757/15/331 758/15/7
f 757/15/331 759/15/7 760/15/332
f 760/15/332 759/15/7 761/15/329
f 760/15/332 761/15/329 762/15/333
f 763/15/328 760/15/332 762/15/333
f 764/15/25 765/15/25 766/15/25
f 766/15/25 767/15/25 764/15/25
f 768/15/25 766/15/25 765/15/25
f 768/15/25 769/15/25 766/15/25
f 769/15/25 768/15/25 770/15/25
f 771/15/25 772/15/25 773/15/25
f 772/15/25 771/15/25 774/15/25
f 775/15/25 774/15/25 771/15/25
f 771/15/25 776/15/25 775/15/25
f 777/15/334 778/15/335 779/15/336
f 778/15/335 780/15/337 779/15/336
f 778/15/335 777/15/334 781/15/338
f 780/15/337 778/15/335 782/15/336
f 783/15/338 781/15/338 777/15/334
f 784/15/339 780/15/337 782/15/336
f 781/15/338 783/15/338 785/15/334
f 786/15/340 785/15/334 783/15/338
f 783/15/338 787/15/341 786/15/340
f 784/15/339 782/15/336 788/15/342
f 789/15/339 784/15/339 788/15/342
f 784/15/339 789/15/339 790/15/343
f 791/15/344 790/15/343 789/15/339
f 790/15/343 791/15/344 792/15/340
f 791/15/344 793/15/340 792/15/340
f 794/15/344 792/15/340 793/15/340
f 795/15/25 796/15/25 797/15/25
f 798/15/25 796/15/25 795/15/25
f 796/15/25 798/15/25 799/15/25
f 798/15/25 795/15/25 800/15/25
f 800/15/25 795/15/25 801/15/25
f 798/15/25 800/15/25 802/15/25
f 803/15/35 804/15/35 805/15/35
f 804/15/35 806/15/35 805/15/35
f 807/15/35 804/15/35 803/15/35
f 804/15/35 807/15/35 808/15/35
f 809/15/35 810/15/35 811/15/35
f 810/15/35 809/15/35 812/15/35
f 813/15/35 814/15/35 815/15/35
f 815/15/35 814/15/35 816/15/35
f 813/15/35 815/15/35 817/15/35
f 814/15/35 813/15/35 818/15/35
f 813/15/35 819/15/35 818/15/35
f 814/15/35 818/15/35 820/15/35
f 821/15/345 822/15/346 823/15/345
f 822/15/346 821/15/345 824/15/345
f 825/15/25 826/15/25 827/15/25
f 826/15/25 828/15/25 827/15/25
f 828/15/25 826/15/25 829/15/25
f 830/15/7 831/15/7 832/15/7
f 832/15/7 831/15/7 833/15/7
f 834/15/25 835/15/25 836/15/25
f 837/15/25 835/15/25 834/15/25
f 838/15/25 835/15/25 837/15/25
f 835/15/25 838/15/25 839/15/25
f 840/15/347 841/15/347 842/15/348
f 841/15/347 840/15/347 843/15/349
f 844/15/347 845/15/347 846/15/349
f 845/15/347 844/15/347 847/15/347
f 848/15/25 849/15/25 850/15/25
f 849/15/25 848/15/25 851/15/25
f 852/15/350 853/15/351 854/15/350
f 853/15/351 852/15/350 855/15/351
f 856/15/352 857/15/353 858/15/354
f 856/15/352 859/15/354 857/15/353
f 859/15/354 856/15/352 860/15/352
f 861/15/354 862/15/352 863/15/352
f 862/15/352 864/15/354 863/15/352
f 861/15/354 865/15/352 862/15/352
f 866/15/35 867/15/35 868/15/35
f 866/15/35 869/15/35 867/15/35
f 869/15/35 866/15/35 870/15/35
f 871/15/35 872/15/35 873/15/35
f 873/15/35 872/15/35 874/15/35
f 872/15/35 875/15/35 874/15/35
f 875/15/35 872/15/35 876/15/35
f 877/15/35 878/15/35 879/15/35
f 879/15/35 878/15/35 880/15/35
f 881/15/25 882/15/25 883/15/25
f 882/15/25 881/15/25 884/15/25
f 885/15/35 886/15/35 887/15/35
f 885/15/35 887/15/35 888/15/35
f 889/15/355 890/15/356 891/15/357
f 890/15/356 889/15/355 892/15/356
f 891/15/357 893/15/358 889/15/355
f 893/15/358 891/15/357 894/15/359
f 895/15/360 893/15/358 894/15/359
f 895/15/360 896/15/360 893/15/358
f 897/15/25 896/15/360 895/15/360
f 897/15/25 898/15/25 896/15/360
f 899/15/25 900/15/25 901/15/25
f 900/15/25 899/15/25 902/15/25
f 902/15/25 899/15/25 903/15/25
f 903/15/25 904/15/25 902/15/25
f 902/15/25 904/15/25 905/15/25
f 903/15/25 906/15/25 904/15/25
f 905/15/25 904/15/25 907/15/25
f 908/15/25 905/15/25 907/15/25
f 907/15/25 909/15/25 908/15/25
f 906/15/25 903/15/25 910/15/25
f 910/15/25 911/15/25 906/15/25
f 911/15/25 910/15/25 912/15/25
f 913/15/361 914/15/362 915/15/362
f 914/15/362 913/15/361 916/15/363
f 917/15/364 916/15/363 913/15/361
f 916/15/363 917/15/364 918/15/365
f 918/15/365 917/15/364 919/15/366
f 918/15/365 919/15/366 920/15/366
f 920/15/366 919/15/366 921/15/35
f 920/15/366 921/15/35 922/15/35
f 923/15/35 924/15/35 925/15/35
f 924/15/35 923/15/35 926/15/35
f 927/15/35 923/15/35 925/15/35
f 925/15/35 928/15/35 927/15/35
f 928/15/35 925/15/35 929/15/35
f 927/15/35 928/15/35 930/15/35
f 928/15/35 929/15/35 931/15/35
f 929/15/35 932/15/35 931/15/35
f 933/15/35 931/15/35 932/15/35
f 927/15/35 930/15/35 934/15/35
f 930/15/35 935/15/35 934/15/35
f 935/15/35 930/15/35 936/15/35
f 937/15/23 938/15/367 939/15/368
f 938/15/367 937/15/23 940/15/23
f 939/15/368 938/15/367 941/15/368
f 941/15/368 938/15/367 942/15/367
f 943/15/369 941/15/368 942/15/367
f 941/15/368 943/15/369 944/15/370
f 944/15/370 943/15/369 945/15/370
f 945/15/370 943/15/369 946/15/371
f 946/15/371 947/15/372 945/15/370
f 948/15/112 945/15/370 947/15/372
f 948/15/112 947/15/372 949/15/113
f 950/15/112 948/15/112 949/15/113
f 950/15/112 949/15/113 951/15/23
f 952/15/23 950/15/112 951/15/23
f 951/15/23 953/15/23 952/15/23
f 954/15/23 952/15/23 953/15/23
f 955/15/25 956/15/25 957/15/25
f 956/15/25 955/15/25 958/15/25
f 959/15/25 956/15/25 958/15/25
f 956/15/25 959/15/25 960/15/25
f 961/15/35 962/15/35 963/15/35
f 963/15/35 964/15/35 961/15/35
f 965/15/35 961/15/35 964/15/35
f 961/15/35 965/15/35 966/15/35
f 967/15/373 968/15/374 969/15/374
f 967/15/373 969/15/374 970/15/375
f 971/15/376 967/15/373 970/15/375
f 967/15/373 971/15/376 972/15/376
f 973/15/377 974/15/378 975/15/378
f 974/15/378 973/15/377 976/15/379
f 973/15/377 977/15/380 976/15/379
f 973/15/377 978/15/380 977/15/380
f 979/15/381 980/15/382 981/15/383
f 980/15/382 979/15/381 982/15/384
f 983/15/385 981/15/383 980/15/382
f 980/15/382 984/15/386 983/15/385
f 985/15/387 983/15/385 984/15/386
f 983/15/385 985/15/387 986/15/388
f 987/15/387 986/15/388 985/15/387
f 985/15/387 988/15/388 987/15/387
f 989/15/389 987/15/387 988/15/388
f 989/15/389 988/15/388 990/15/390
f 991/15/389 989/15/389 990/15/390
f 989/15/389 991/15/389 992/15/391
f 993/15/392 992/15/391 991/15/389
f 994/15/393 992/15/391 993/15/392
f 995/15/394 996/15/23 997/15/22
f 996/15/23 995/15/394 998/15/23
f 997/15/22 999/15/25 995/15/394
f 998/15/23 1000/15/27 996/15/23
f 999/15/25 997/15/22 1001/15/25
f 1000/15/27 998/15/23 1002/15/27
f 1001/15/25 1003/15/29 999/15/25
f 1002/15/27 1004/15/35 1000/15/27
f 1003/15/29 1001/15/25 1005/15/29
f 1004/15/35 1002/15/27 1006/15/35
f 1003/15/29 1005/15/29 1007/15/31
f 1006/15/35 1008/15/33 1004/15/35
f 1009/15/31 1007/15/31 1005/15/29
f 1008/15/33 1006/15/35 1010/15/33
f 1007/15/31 1009/15/31 1010/15/33
f 1008/15/33 1010/15/33 1009/15/31
f 1011/15/395 1012/15/396 1013/15/397
f 1013/15/397 1014/15/398 1011/15/395
f 1015/15/399 1011/15/395 1014/15/398
f 1011/15/395 1015/15/399 1016/15/400
f 1017/15/401 1016/15/400 1015/15/399
f 1015/15/399 1018/15/402 1017/15/401
f 1019/15/401 1017/15/401 1018/15/402
f 1017/15/401 1019/15/401 1020/15/402
f 1021/15/403 1020/15/402 1019/15/401
f 1020/15/402 1021/15/403 1022/15/404
f 1021/15/403 1023/15/403 1022/15/404
f 1023/15/403 1021/15/403 1024/15/405
f 1025/15/406 1023/15/403 1024/15/405
f 1024/15/405 1026/15/406 1025/15/406
f 1027/15/25 1028/15/25 1029/15/25
f 1027/15/25 1029/15/25 1030/15/25
f 1031/15/25 1032/15/25 1033/15/25
f 1032/15/25 1031/15/25 1034/15/25
f 1035/15/22 1036/15/23 1037/15/22
f 1036/15/23 1035/15/22 1038/15/23
f 1037/15/22 1039/15/25 1035/15/22
f 1038/15/23 1040/15/27 1036/15/23
f 1039/15/25 1037/15/22 1041/15/25
f 1040/15/27 1038/15/23 1042/15/27
f 1041/15/25 1043/15/29 1039/15/25
f 1042/15/27 1044/15/35 1040/15/27
f 1043/15/29 1041/15/25 1045/15/29
f 1044/15/35 1042/15/27 1046/15/35
f 1043/15/29 1045/15/29 1047/15/31
f 1046/15/35 1048/15/33 1044/15/35
f 1049/15/31 1047/15/31 1045/15/29
f 1048/15/33 1046/15/35 1050/15/407
f 1047/15/31 1049/15/31 1050/15/407
f 1048/15/33 1050/15/407 1049/15/31
f 1051/15/35 1052/15/35 1053/15/35
f 1051/15/35 1053/15/35 1054/15/35
f 1055/15/35 1056/15/35 1057/15/35
f 1057/15/35 1058/15/35 1055/15/35
f 1059/15/27 1060/15/27 1061/15/23
f 1062/15/23 1061/15/23 1060/15/27
f 1060/15/27 1059/15/27 1063/15/35
f 1061/15/23 1062/15/23 1064/15/22
f 1065/15/35 1063/15/35 1059/15/27
f 1066/15/22 1064/15/22 1062/15/23
f 1063/15/35 1065/15/35 1067/15/33
f 1064/15/22 1066/15/22 1068/15/25
f 1069/15/33 1067/15/33 1065/15/35
f 1070/15/25 1068/15/25 1066/15/22
f 1069/15/33 1071/15/31 1067/15/33
f 1068/15/25 1070/15/25 1072/15/29
f 1071/15/31 1069/15/33 1073/15/31
f 1074/15/408 1072/15/29 1070/15/25
f 1073/15/31 1074/15/408 1071/15/31
f 1074/15/408 1073/15/31 1072/15/29
f 1075/15/308 1076/15/23 1077/15/22
f 1076/15/23 1075/15/308 1078/15/23
f 1077/15/22 1079/15/25 1075/15/308
f 1078/15/23 1080/15/27 1076/15/23
f 1079/15/25 1077/15/22 1081/15/25
f 1080/15/27 1078/15/23 1082/15/27
f 1081/15/25 1083/15/29 1079/15/25
f 1082/15/27 1084/15/35 1080/15/27
f 1083/15/29 1081/15/25 1085/15/29
f 1084/15/35 1082/15/27 1086/15/35
f 1083/15/29 1085/15/29 1087/15/31
f 1086/15/35 1088/15/33 1084/15/35
f 1089/15/31 1087/15/31 1085/15/29
f 1088/15/33 1086/15/35 1090/15/33
f 1087/15/31 1089/15/31 1090/15/33
f 1088/15/33 1090/15/33 1089/15/31
f 1091/15/27 1092/15/27 1093/15/35
f 1094/15/23 1092/15/27 1091/15/27
f 1091/15/27 1093/15/35 1095/15/35
f 1094/15/23 1096/15/23 1092/15/27
f 1095/15/35 1093/15/35 1097/15/33
f 1098/15/22 1096/15/23 1094/15/23
f 1095/15/35 1097/15/33 1099/15/33
f 1098/15/22 1100/15/22 1096/15/23
f 1101/15/31 1099/15/33 1097/15/33
f 1102/15/25 1100/15/22 1098/15/22
f 1101/15/31 1103/15/31 1099/15/33
f 1102/15/25 1104/15/25 1100/15/22
f 1105/15/29 1103/15/31 1101/15/31
f 1106/15/29 1104/15/25 1102/15/25
f 1105/15/29 1106/15/29 1103/15/31
f 1106/15/29 1105/15/29 1104/15/25
f 1107/15/25 1108/15/25 1109/15/25
f 1108/15/25 1107/15/25 1110/15/25
f 1109/15/25 1108/15/25 1111/15/25
f 1112/15/25 1109/15/25 1111/15/25
f 1109/15/25 1112/15/25 1113/15/25
f 1114/15/25 1115/15/25 1116/15/25
f 1115/15/25 1114/15/25 1117/15/25
f 1118/15/25 1119/15/25 1120/15/25
f 1119/15/25 1118/15/25 1121/15/25
f 1121/15/25 1118/15/25 1122/15/25
f 1123/15/25 1119/15/25 1121/15/25
f 1119/15/25 1123/15/25 1124/15/25
f 1123/15/25 1121/15/25 1125/15/25
f 1126/15/35 1127/15/35 1128/15/35
f 1127/15/35 1126/15/35 1129/15/35
f 1127/15/35 1129/15/35 1130/15/35
f 1130/15/35 1131/15/35 1127/15/35
f 1131/15/35 1130/15/35 1132/15/35
f 1133/15/35 1134/15/35 1135/15/35
f 1135/15/35 1134/15/35 1136/15/35
f 1137/15/35 1138/15/35 1139/15/35
f 1139/15/35 1138/15/35 1140/15/35
f 1137/15/35 1139/15/35 1141/15/35
f 1137/15/35 1142/15/35 1138/15/35
f 1138/15/35 1142/15/35 1143/15/35
f 1142/15/35 1137/15/35 1144/15/35
f 1145/15/31 1146/15/409 1147/15/410
f 1145/15/31 1147/15/410 1148/15/31
f 1146/15/409 1149/15/411 1147/15/410
f 1150/15/412 1149/15/411 1146/15/409
f 1151/15/413 1152/15/414 1153/15/415
f 1152/15/414 1151/15/413 1154/15/413
f 1155/15/416 1156/15/417 1157/15/417
f 1155/15/416 1157/15/417 1158/15/418
f 1159/15/419 1155/15/416 1158/15/418
f 1159/15/419 1158/15/418 1160/15/420
f 1161/15/421 1162/15/422 1163/15/423
f 1162/15/422 1161/15/421 1164/15/421
f 1165/15/424 1163/15/423 1162/15/422
f 1163/15/423 1165/15/424 1166/15/424
f 1167/15/22 1168/15/23 1169/15/22
f 1168/15/23 1167/15/22 1170/15/23
f 1169/15/22 1171/15/25 1167/15/22
f 1170/15/23 1172/15/27 1168/15/23
f 1171/15/25 1169/15/22 1173/15/25
f 1172/15/27 1170/15/23 1174/15/27
f 1173/15/25 1175/15/29 1171/15/25
f 1174/15/27 1176/15/35 1172/15/27
f 1175/15/29 1173/15/25 1177/15/29
f 1176/15/35 1174/15/27 1178/15/35
f 1175/15/29 1177/15/29 1179/15/31
f 1178/15/35 1180/15/425 1176/15/35
f 1181/15/31 1179/15/31 1177/15/29
f 1180/15/425 1178/15/35 1182/15/33
f 1179/15/31 1181/15/31 1182/15/33
f 1180/15/425 1182/15/33 1181/15/31
f 1183/15/426 1184/15/427 1185/15/428
f 1184/15/427 1183/15/426 1186/15/429
f 1187/15/430 1185/15/428 1184/15/427
f 1188/15/431 1186/15/429 1183/15/426
f 1185/15/428 1187/15/430 1189/15/432
f 1186/15/429 1188/15/431 1190/15/433
f 1189/15/432 1187/15/430 1191/15/432
f 1192/15/431 1190/15/433 1188/15/431
f 1191/15/432 1187/15/430 1193/15/434
f 1194/15/31 1191/15/432 1193/15/434
f 1194/15/31 1193/15/434 1195/15/31
f 1190/15/433 1192/15/431 1196/15/433
f 1192/15/431 1197/15/31 1196/15/433
f 1192/15/431 1198/15/31 1197/15/31
f 1199/15/435 1200/15/436 1201/15/437
f 1200/15/436 1199/15/435 1202/15/435
f 1203/15/438 1204/15/439 1205/15/440
f 1204/15/439 1203/15/438 1206/15/441
f 1207/15/442 1205/15/440 1204/15/439
f 1205/15/440 1207/15/442 1208/15/443
f 1207/15/442 1209/15/444 1208/15/443
f 1207/15/442 1210/15/445 1209/15/444
f 1211/15/446 1209/15/444 1210/15/445
f 1209/15/444 1211/15/446 1212/15/447
f 1213/15/448 1212/15/447 1211/15/446
f 1213/15/448 1211/15/446 1214/15/449
f 1215/15/450 1213/15/448 1214/15/449
f 1215/15/450 1214/15/449 1216/15/451
f 1217/15/452 1215/15/450 1216/15/451
f 1215/15/450 1217/15/452 1218/15/453
f 1219/15/454 1218/15/453 1217/15/452
f 1217/15/452 1220/15/455 1219/15/454
f 1220/15/455 1221/15/456 1219/15/454
f 1221/15/456 1220/15/455 1222/15/457
f 1223/15/458 1221/15/456 1222/15/457
f 1223/15/458 1222/15/457 1224/15/459
f 1224/15/459 1225/15/460 1223/15/458
f 1225/15/460 1224/15/459 1226/15/461
f 1227/15/462 1225/15/460 1226/15/461
f 1225/15/460 1227/15/462 1228/15/463
f 1229/15/464 1228/15/463 1227/15/462
f 1229/15/464 1227/15/462 1230/15/464
f 1231/15/465 1232/15/466 1233/15/467
f 1231/15/465 1234/15/468 1232/15/466
f 1234/15/468 1231/15/465 1235/15/469
f 1233/15/467 1232/15/466 1236/15/470
f 1237/15/471 1233/15/467 1236/15/470
f 1233/15/467 1237/15/471 1238/15/472
f 1239/15/473 1238/15/472 1237/15/471
f 1237/15/471 1240/15/474 1239/15/473
f 1241/15/475 1239/15/473 1240/15/474
f 1239/15/473 1241/15/475 1242/15/476
f 1243/15/477 1242/15/476 1241/15/475
f 1243/15/477 1241/15/475 1244/15/478
f 1245/15/479 1243/15/477 1244/15/478
f 1244/15/478 1246/15/480 1245/15/479
f 1247/15/481 1245/15/479 1246/15/480
f 1245/15/479 1247/15/481 1248/15/482
f 1249/15/483 1248/15/482 1247/15/481
f 1248/15/482 1249/15/483 1250/15/484
f 1251/15/485 1250/15/484 1249/15/483
f 1251/15/485 1249/15/483 1252/15/486
f 1253/15/487 1251/15/485 1252/15/486
f 1253/15/487 1252/15/486 1254/15/488
f 1255/15/489 1253/15/487 1254/15/488
f 1255/15/489 1254/15/488 1256/15/490
f 1257/15/491 1255/15/489 1256/15/490
f 1255/15/489 1257/15/491 1258/15/491
f 1259/15/23 1260/15/23 1261/15/23
f 1259/15/23 1261/15/23 1262/15/23
f 1263/15/23 1260/15/23 1259/15/23
f 1260/15/23 1263/15/23 1264/15/23
f 1265/15/7 1266/15/7 1267/15/7
f 1266/15/7 1265/15/7 1268/15/7
f 1269/15/7 1270/15/7 1271/15/7
f 1270/15/7 1272/15/7 1271/15/7
f 1273/15/492 1274/15/23 1275/15/23
f 1273/15/492 1275/15/23 1276/15/493
f 1273/15/492 1276/15/493 1277/15/494
f 1277/15/494 1276/15/493 1278/15/495
f 1279/15/23 1280/15/23 1281/15/23
f 1279/15/23 1281/15/23 1282/15/23
f 1283/15/23 1284/15/23 1285/15/23
f 1283/15/23 1285/15/23 1286/15/23
f 1287/15/23 1288/15/23 1289/15/23
f 1288/15/23 1287/15/23 1290/15/23
f 1291/15/23 1292/15/23 1293/15/23
f 1292/15/23 1291/15/23 1294/15/23
f 1295/15/496 1296/15/497 1297/15/498
f 1297/15/498 1298/15/496 1295/15/496
f 1299/15/499 1295/15/496 1298/15/496
f 1295/15/496 1299/15/499 1300/15/500
f 1301/15/501 1300/15/500 1299/15/499
f 1300/15/500 1301/15/501 1302/15/501
f 1303/15/502 1304/15/503 1305/15/503
f 1304/15/503 1303/15/502 1306/15/504
f 1304/15/503 1307/15/505 1305/15/503
f 1308/15/506 1307/15/505 1304/15/503
f 1308/15/506 1309/15/507 1307/15/505
f 1308/15/506 1310/15/507 1309/15/507
f 1311/15/23 1312/15/23 1313/15/23
f 1314/15/23 1313/15/23 1312/15/23
f 1315/15/23 1311/15/23 1313/15/23
f 1315/15/23 1313/15/23 1316/15/23
f 1315/15/23 1317/15/23 1311/15/23
f 1311/15/23 1317/15/23 1318/15/23
f 1319/15/23 1320/15/23 1321/15/23
f 1319/15/23 1321/15/23 1322/15/23
f 1323/15/508 1324/15/508 1325/15/508
f 1326/15/508 1325/15/508 1324/15/508
f 1327/15/509 1328/15/509 1329/15/509
f 1329/15/509 1330/15/509 1327/15/509
f 1331/15/510 1332/15/511 1333/15/512
f 1332/15/511 1331/15/510 1334/15/513
f 1333/15/512 1335/15/510 1331/15/510
f 1333/15/512 1336/15/31 1335/15/510
f 1333/15/512 1337/15/31 1336/15/31
f 1338/15/514 1332/15/511 1334/15/513
f 1338/15/514 1334/15/513 1339/15/433
f 1340/15/431 1338/15/514 1339/15/433
f 1340/15/431 1339/15/433 1341/15/31
f 1341/15/31 1342/15/31 1340/15/431
f 1342/15/31 1341/15/31 1343/15/31
f 1343/15/31 1344/15/31 1342/15/31
f 1344/15/31 1343/15/31 1345/15/515
f 1345/15/515 1346/15/516 1344/15/31
f 1346/15/516 1345/15/515 1347/15/517
f 1347/15/517 1348/15/517 1346/15/516
f 1348/15/517 1347/15/517 1349/15/518
f 1350/15/519 1348/15/517 1349/15/518
f 1350/15/519 1349/15/518 1351/15/518
f 1351/15/518 1352/15/519 1350/15/519
f 1352/15/519 1351/15/518 1353/15/520
f 1353/15/520 1354/15/521 1352/15/519
f 1354/15/521 1353/15/520 1355/15/522
f 1355/15/522 1356/15/523 1354/15/521
f 1356/15/523 1355/15/522 1357/15/31
f 1357/15/31 1355/15/522 1358/15/31
f 1359/15/524 1360/15/525 1361/15/525
f 1361/15/525 1360/15/525 1362/15/526
f 1363/15/527 1364/15/528 1365/15/529
f 1364/15/528 1363/15/527 1366/15/529
f 1367/15/530 1368/15/531 1369/15/532
f 1368/15/531 1367/15/530 1370/15/530
f 1371/15/533 1372/15/534 1373/15/534
f 1373/15/534 1372/15/534 1374/15/535
f 1375/15/536 1376/15/537 1377/15/538
f 1375/15/536 1378/15/539 1376/15/537
f 1379/15/540 1378/15/539 1375/15/536
f 1377/15/538 1376/15/537 1380/15/538
f 1380/15/538 1381/15/541 1377/15/538
f 1382/15/542 1377/15/538 1381/15/541
f 1383/15/543 1384/15/544 1385/15/545
f 1384/15/544 1386/15/546 1385/15/545
f 1386/15/546 1387/15/547 1385/15/545
f 1386/15/546 1388/15/548 1387/15/547
f 1389/15/549 1387/15/547 1388/15/548
f 1387/15/547 1389/15/549 1390/15/549
f 1391/15/550 1392/15/550 1393/15/551
f 1392/15/550 1391/15/550 1394/15/552
f 1395/15/553 1396/15/553 1397/15/554
f 1396/15/553 1395/15/553 1398/15/553
f 1399/15/555 1400/15/556 1401/15/556
f 1400/15/556 1399/15/555 1402/15/556
f 1403/15/557 1404/15/557 1405/15/558
f 1404/15/557 1403/15/557 1406/15/559
f 1407/15/560 1408/15/561 1409/15/562
f 1407/15/560 1409/15/562 1410/15/563
f 1411/15/189 1412/15/37 1413/15/188
f 1412/15/37 1411/15/189 1414/15/37
f 1413/15/188 1415/15/23 1411/15/189
f 1413/15/188 1416/15/23 1415/15/23
f 1416/15/23 1417/15/190 1415/15/23
f 1416/15/23 1418/15/191 1417/15/190
f 1419/15/7 1417/15/190 1418/15/191
f 1417/15/190 1419/15/7 1420/15/7
f 1421/15/564 1422/15/565 1423/15/566
f 1422/15/565 1421/15/564 1424/15/567
f 1421/15/564 1423/15/566 1425/15/7
f 1421/15/564 1425/15/7 1426/15/7
f 1427/15/568 1428/15/569 1429/15/570
f 1428/15/569 1427/15/568 1430/15/569
f 1431/15/571 1428/15/569 1430/15/569
f 1428/15/569 1431/15/571 1432/15/572
f 1433/15/573 1432/15/572 1431/15/571
f 1432/15/572 1433/15/573 1434/15/37
f 1433/15/573 1435/15/37 1434/15/37
f 1436/15/37 1435/15/37 1433/15/573
f 1431/15/571 1437/15/37 1433/15/573
f 1437/15/37 1431/15/571 1438/15/37
f 1438/15/37 1439/15/37 1437/15/37
f 1438/15/37 1440/15/37 1439/15/37
f 1441/15/574 1442/15/575 1443/15/576
f 1442/15/575 1441/15/574 1444/15/577
f 1445/15/578 1446/15/579 1447/15/580
f 1448/15/581 1445/15/578 1447/15/580
f 1445/15/578 1449/15/579 1446/15/579
f 1445/15/578 1448/15/581 1450/15/581
f 1451/15/582 1446/15/579 1449/15/579
f 1452/15/583 1450/15/581 1448/15/581
f 1446/15/579 1451/15/582 1453/15/582
f 1448/15/581 1454/15/584 1452/15/583
f 1455/15/585 1453/15/582 1451/15/582
f 1456/15/586 1452/15/583 1454/15/584
f 1451/15/582 1457/15/587 1455/15/585
f 1452/15/583 1456/15/586 1458/15/588
f 1459/15/589 1455/15/585 1457/15/587
f 1459/15/589 1458/15/588 1456/15/586
f 1455/15/585 1459/15/589 1460/15/590
f 1456/15/586 1460/15/590 1459/15/589
f 1461/15/591 1462/15/592 1463/15/593
f 1464/15/594 1461/15/591 1463/15/593
f 1461/15/591 1465/15/595 1462/15/592
f 1461/15/591 1464/15/594 1466/15/596
f 1467/15/597 1462/15/592 1465/15/595
f 1468/15/598 1466/15/596 1464/15/594
f 1462/15/592 1467/15/597 1469/15/599
f 1464/15/594 1470/15/583 1468/15/598
f 1471/15/587 1469/15/599 1467/15/597
f 1472/15/588 1468/15/598 1470/15/583
f 1467/15/597 1473/15/600 1471/15/587
f 1468/15/598 1472/15/588 1474/15/588
f 1475/15/590 1471/15/587 1473/15/600
f 1475/15/590 1474/15/588 1472/15/588
f 1471/15/587 1475/15/590 1476/15/590
f 1472/15/588 1476/15/590 1475/15/590
f 1477/15/37 1478/15/37 1479/15/37
f 1477/15/37 1479/15/37 1480/15/37
o Cube.001
v 6.295632 2.382218 0.003415
v 6.295632 2.389147 0.003415
v 6.295632 2.382218 -0.003468
v 6.295632 2.389147 -0.003468
v 6.304397 2.382218 0.003415
v 6.304397 2.389147 0.003415
v 6.304397 2.382218 -0.003468
v 6.304397 2.389147 -0.003468
vn -1.0000 -0.0000 -0.0000
vn -0.0000 -0.0000 -1.0000
vn 1.0000 -0.0000 -0.0000
vn -0.0000 -0.0000 1.0000
vn -0.0000 -1.0000 -0.0000
vn -0.0000 1.0000 -0.0000
vt 0.375000 0.000000
vt 0.625000 0.000000
vt 0.625000 0.250000
vt 0.375000 0.250000
vt 0.625000 0.500000
vt 0.375000 0.500000
vt 0.625000 0.750000
vt 0.375000 0.750000
vt 0.625000 1.000000
vt 0.375000 1.000000
vt 0.125000 0.500000
vt 0.125000 0.750000
vt 0.875000 0.500000
vt 0.875000 0.750000
s 1
f 1481/16/601 1482/17/601 1484/18/601 1483/19/601
f 1483/19/602 1484/18/602 1488/20/602 1487/21/602
f 1487/21/603 1488/20/603 1486/22/603 1485/23/603
f 1485/23/604 1486/22/604 1482/24/604 1481/25/604
f 1483/26/605 1487/21/605 1485/23/605 1481/27/605
f 1488/20/606 1484/28/606 1482/29/606 1486/22/606
