# Blender 5.2.0 LTS
# www.blender.org
mtllib bones good.mtl
o bones
v 1.428611 -0.382594 -0.063903
v 1.413043 -0.474554 0.000144
v 1.409015 -0.468678 -0.076887
v 1.438846 -0.376173 0.000144
v 1.413043 -0.474554 0.000144
v 1.428611 -0.382594 0.054311
v 1.409015 -0.468678 0.067295
v 1.438846 -0.376173 0.000144
v 1.412105 -0.456558 0.142930
v 1.409015 -0.468678 0.067295
v 1.415677 -0.390628 0.091282
v 1.428611 -0.382594 0.054311
v 1.409015 -0.468678 -0.076887
v 1.412105 -0.456558 -0.152522
v 1.415677 -0.390628 -0.100874
v 1.428611 -0.382594 -0.063903
v 1.430868 -0.381058 -0.097812
v 1.459863 -0.419376 -0.158626
v 1.487846 -0.344916 -0.155397
v 1.528725 -0.458315 -0.072888
v 1.576004 -0.556736 0.000895
v 1.568181 -0.553842 -0.087847
v 1.534168 -0.445261 0.000895
v 1.576004 -0.556736 0.000895
v 1.528725 -0.458315 0.063296
v 1.568181 -0.553842 0.078255
v 1.534168 -0.445261 0.000895
v 1.433058 -0.379669 -0.200460
v 1.487846 -0.344916 -0.155397
v 1.459863 -0.419376 -0.158626
v 1.269061 -0.239394 -0.126372
v 1.305802 -0.168609 -0.106286
v 1.273196 -0.228178 -0.160785
v 1.562944 -0.540168 0.158638
v 1.568181 -0.553842 0.078255
v 1.521794 -0.474737 0.099138
v 1.528725 -0.458315 0.063296
v 1.305802 -0.168609 0.096477
v 1.273196 -0.228178 0.150976
v 1.269061 -0.239394 0.116563
v 1.568181 -0.553842 -0.087847
v 1.562944 -0.540168 -0.157395
v 1.521794 -0.474737 -0.097895
v 1.528725 -0.458315 -0.072888
v 1.459863 -0.419376 0.149034
v 1.430868 -0.381058 0.088220
v 1.487846 -0.344916 0.152094
v 1.583459 -0.472348 -0.168252
v 1.559878 -0.382265 -0.150953
v 1.529846 -0.455323 -0.098192
v 1.583459 -0.472348 -0.168252
v 1.521794 -0.474737 -0.097895
v 1.562944 -0.540168 -0.157395
v 1.529846 -0.455323 -0.098192
v 1.530999 -0.452515 0.213863
v 1.583459 -0.472348 0.165670
v 1.559878 -0.382265 0.156451
v 1.583459 -0.472348 0.165670
v 1.529846 -0.455323 0.095610
v 1.559878 -0.382265 0.156451
v 1.530999 -0.452515 -0.216446
v 1.559878 -0.382265 -0.150953
v 1.583459 -0.472348 -0.168252
v 1.583459 -0.472348 0.165670
v 1.521794 -0.474737 0.099138
v 1.529846 -0.455323 0.095610
v 1.562944 -0.540168 0.158638
v 1.522646 0.125630 0.000204
v 1.466301 0.122069 0.059709
v 1.522433 0.114584 0.000204
v 1.478332 0.148872 0.050244
v 1.522646 0.125630 0.000204
v 1.466301 0.122069 -0.059301
v 1.478332 0.148872 -0.049836
v 1.522433 0.114584 0.000204
v 1.325488 -0.168250 -0.104494
v 1.257286 -0.248105 0.000308
v 1.269061 -0.239394 -0.126372
v 1.324931 -0.168311 0.000308
v 1.257286 -0.248105 0.000308
v 1.325488 -0.168250 0.094685
v 1.269061 -0.239394 0.116563
v 1.324931 -0.168311 0.000308
v 1.486967 0.109879 0.000204
v 1.461448 0.083100 0.041163
v 1.502391 0.084173 0.000204
v 1.486967 0.109879 0.000204
v 1.461448 0.083100 -0.040755
v 1.502391 0.084173 0.000204
v 0.877552 -0.570404 0.000203
v 0.817370 -0.651384 0.119074
v 0.816605 -0.655941 0.000203
v 0.868116 -0.572045 0.124968
v 0.868116 -0.572044 -0.124562
v 0.877552 -0.570404 0.000203
v 0.817370 -0.651384 -0.118668
v 0.816605 -0.655941 0.000203
v 1.305802 -0.168609 -0.106286
v 1.254524 -0.112464 -0.125347
v 1.260042 -0.118279 -0.159074
v 1.254524 -0.112464 0.115538
v 1.305802 -0.168609 0.096477
v 1.260042 -0.118279 0.149265
v 1.531806 0.168210 0.000204
v 1.478332 0.148872 0.050244
v 1.522646 0.125630 0.000204
v 1.070601 -0.239914 -0.071641
v 1.017086 -0.310427 -0.000215
v 1.016254 -0.304478 -0.075924
v 1.077629 -0.238748 -0.000215
v 1.077629 -0.238748 -0.000215
v 1.016254 -0.304478 0.066332
v 1.017086 -0.310427 -0.000215
v 1.070601 -0.239914 0.062049
v 1.531806 0.168210 0.000204
v 1.478332 0.148872 -0.049836
v 1.522646 0.125630 0.000204
v 1.060923 -0.231991 -0.141773
v 1.012288 -0.275004 -0.173884
v 1.016254 -0.304478 -0.075924
v 1.070601 -0.239914 -0.071641
v 1.060923 -0.231991 0.132181
v 1.012288 -0.275004 0.164292
v 1.016254 -0.304478 0.066332
v 1.070601 -0.239914 0.062049
v 0.801035 -0.354934 0.000203
v 0.750311 -0.433332 0.118121
v 0.753563 -0.437061 0.000203
v 0.789143 -0.357649 0.118839
v 0.789143 -0.357649 -0.118433
v 0.801035 -0.354934 0.000203
v 0.750312 -0.433331 -0.117714
v 0.753563 -0.437061 0.000203
v 1.098835 0.149152 0.000204
v 1.068824 0.130253 0.035447
v 1.103217 0.122561 0.000204
v 1.074279 0.154644 0.025367
v 1.098835 0.149152 0.000204
v 1.068824 0.130253 -0.035039
v 1.074279 0.154644 -0.024959
v 1.103217 0.122561 0.000204
v 0.977853 0.194997 0.000204
v 0.935295 0.178943 0.045984
v 0.980860 0.166106 0.000204
v 0.940227 0.203436 0.038765
v 0.977853 0.194997 0.000204
v 0.935295 0.178943 -0.045576
v 0.940227 0.203436 -0.038357
v 0.980860 0.166106 0.000204
v 0.931587 0.161552 0.023210
v 0.965042 0.133471 0.000204
v 0.954593 0.161599 0.000204
v 0.930683 0.132571 0.034706
v 0.931587 0.161552 -0.022802
v 0.965042 0.133471 0.000204
v 0.930683 0.132571 -0.034298
v 0.954593 0.161599 0.000204
v 0.518718 -0.658179 -0.122577
v 0.566497 -0.551228 -0.069422
v 0.523117 -0.663713 0.014166
v 0.563518 -0.554868 0.014166
v 0.523117 -0.663713 0.014166
v 0.563518 -0.554868 0.014166
v 0.566497 -0.551228 0.062218
v 0.518718 -0.658179 0.102543
v 0.518718 -0.658179 0.102543
v 0.567106 -0.549975 0.079823
v 0.537259 -0.641014 0.133384
v 0.566497 -0.551228 0.062218
v 0.567106 -0.549975 -0.082796
v 0.518718 -0.658179 -0.122577
v 0.537259 -0.641014 -0.143631
v 0.566497 -0.551228 -0.069422
v 0.612073 0.153447 -0.002812
v 0.547173 0.230813 -0.002812
v 0.547274 0.223782 0.062634
v 0.605577 0.153616 0.058932
v 0.605577 0.153616 -0.056637
v 0.547274 0.223782 -0.060339
v 0.612073 0.153447 -0.002812
v 0.547173 0.230813 -0.002812
v 0.981638 0.233097 0.000204
v 0.954081 0.239599 0.028517
v 0.940227 0.203436 0.038765
v 1.060923 -0.231991 -0.141773
v 1.047408 -0.172994 -0.147434
v 1.002679 -0.200891 -0.093883
v 1.000426 -0.183080 -0.091044
v 1.047408 -0.172994 -0.147434
v 0.991750 -0.116164 -0.136978
v 0.597873 0.147331 -0.112566
v 0.547916 0.188973 -0.140324
v 0.547274 0.223782 -0.060339
v 0.605577 0.153616 -0.056637
v 1.060923 -0.231991 0.132181
v 1.002679 -0.200890 0.084291
v 1.047408 -0.172994 0.137842
v 1.000426 -0.183080 0.081452
v 1.047408 -0.172994 0.137842
v 0.991750 -0.116165 0.133217
v 0.981638 0.233097 0.000204
v 0.954081 0.239599 -0.028109
v 0.940227 0.203436 -0.038357
v 0.597873 0.147330 0.107323
v 0.547916 0.188973 0.135081
v 0.547274 0.223782 0.062634
v 0.605577 0.153616 0.058932
v 0.431427 -0.494569 0.000204
v 0.487370 -0.391832 0.000204
v 0.484312 -0.385405 0.092247
v 0.433416 -0.486299 0.115815
v 0.433416 -0.486299 -0.115408
v 0.484312 -0.385405 -0.091839
v 0.431427 -0.494569 0.000204
v 0.487370 -0.391832 0.000204
v 0.582268 -0.544793 -0.053256
v 0.612404 -0.592932 -0.122056
v 0.653788 -0.510328 -0.124316
v 0.582268 -0.544793 0.053664
v 0.653788 -0.510328 0.124723
v 0.612404 -0.592932 0.122464
v 0.437994 0.146617 -0.002711
v 0.377414 0.218833 -0.002711
v 0.377509 0.212271 0.058378
v 0.431929 0.146776 0.054923
v 0.431929 0.146776 -0.052952
v 0.377509 0.212271 -0.056408
v 0.437994 0.146617 -0.002711
v 0.377414 0.218833 -0.002711
v 0.712245 -0.592005 -0.095595
v 0.707226 -0.647240 -0.154864
v 0.705453 -0.592244 -0.069987
v 0.707226 -0.647240 0.155271
v 0.705453 -0.592244 0.070394
v 0.712245 -0.592005 0.096002
v 0.424739 0.140908 -0.105157
v 0.378109 0.179779 -0.131068
v 0.377509 0.212271 -0.056408
v 0.431929 0.146776 -0.052952
v 0.424739 0.140908 0.100091
v 0.378109 0.179778 0.126001
v 0.377509 0.212271 0.058378
v 0.431929 0.146776 0.054923
v 0.507519 -0.384480 -0.052395
v 0.530651 -0.436822 -0.116001
v 0.583801 -0.360394 -0.117848
v 0.507519 -0.384480 0.052803
v 0.583800 -0.360395 0.118255
v 0.530651 -0.436822 0.116408
v 0.278467 0.145732 -0.002964
v 0.207076 0.230835 -0.002964
v 0.207187 0.223102 0.069027
v 0.271319 0.145918 0.064955
v 0.271320 0.145918 -0.062172
v 0.207188 0.223102 -0.066244
v 0.278467 0.145732 -0.002964
v 0.207076 0.230835 -0.002964
v 0.653658 -0.388588 -0.089834
v 0.653876 -0.438680 -0.124844
v 0.647572 -0.389384 -0.069606
v 0.653876 -0.438680 0.125250
v 0.647572 -0.389384 0.070013
v 0.653658 -0.388588 0.090241
v 0.262846 0.139004 -0.123693
v 0.207895 0.184811 -0.154228
v 0.207188 0.223102 -0.066244
v 0.271320 0.145918 -0.062172
v 0.262846 0.139004 0.118184
v 0.207895 0.184811 0.148718
v 0.207187 0.223102 0.069027
v 0.271319 0.145918 0.064955
v 0.612073 0.153447 -0.002812
v 0.550384 0.083691 0.048525
v 0.550752 0.069553 -0.002812
v 0.605577 0.153616 0.058932
v 0.612073 0.153447 -0.002812
v 0.550384 0.083691 -0.046230
v 0.605577 0.153616 -0.056637
v 0.550752 0.069553 -0.002812
v 0.597873 0.147330 0.107323
v 0.549858 0.101508 0.065924
v 0.593219 0.111678 0.114877
v 0.549858 0.101508 -0.071167
v 0.597873 0.147331 -0.112566
v 0.605577 0.153616 -0.056637
v 0.550384 0.083691 -0.046230
v 0.549460 0.115458 -0.068713
v 0.593220 0.111678 -0.117459
v 0.102248 0.140096 -0.002812
v 0.037347 0.217463 -0.002812
v 0.037448 0.210432 0.062634
v 0.095751 0.140265 0.058932
v 0.095751 0.140265 -0.056637
v 0.037448 0.210432 -0.060339
v 0.102248 0.140096 -0.002812
v 0.037347 0.217463 -0.002812
v 0.593219 0.111678 0.114877
v 0.550798 0.052347 0.108753
v 0.549460 0.115458 0.066131
v 0.088048 0.133981 -0.112566
v 0.038092 0.175623 -0.140324
v 0.037448 0.210432 -0.060339
v 0.095751 0.140265 -0.056637
v 0.088048 0.133981 0.107323
v 0.038091 0.175622 0.135081
v 0.037448 0.210432 0.062634
v 0.095751 0.140265 0.058932
v 0.593220 0.111678 -0.117459
v 0.549460 0.115458 -0.068713
v 0.550798 0.052347 -0.116956
v -0.111119 -0.334008 0.160788
v -0.122150 -0.280950 0.220796
v -0.052946 -0.267764 0.125013
v -0.111118 -0.334008 -0.160381
v -0.122150 -0.280949 -0.220389
v -0.052945 -0.267764 -0.124606
v 0.437994 0.146617 -0.002711
v 0.380412 0.081507 0.045208
v 0.380755 0.068309 -0.002711
v 0.431929 0.146776 0.054923
v 0.437994 0.146617 -0.002711
v 0.380412 0.081507 -0.043238
v 0.431929 0.146776 -0.052952
v 0.380755 0.068309 -0.002711
v 0.424739 0.140908 0.100091
v 0.379921 0.098138 0.061449
v 0.420396 0.107629 0.107142
v 0.380798 0.052249 0.107700
v 0.379549 0.111158 0.061642
v 0.379921 0.098138 -0.066515
v 0.424739 0.140908 -0.105157
v 0.431929 0.146776 -0.052952
v 0.380412 0.081507 -0.043238
v 0.379549 0.111158 -0.064224
v 0.420396 0.107629 -0.109724
v 0.380798 0.052249 -0.115529
v -0.071831 0.133267 -0.002711
v -0.132411 0.205483 -0.002711
v -0.132316 0.198920 0.058378
v -0.077896 0.133425 0.054923
v -0.077896 0.133425 -0.052952
v -0.132316 0.198920 -0.056408
v -0.071831 0.133267 -0.002711
v -0.132411 0.205483 -0.002711
v -0.085086 0.127558 0.100091
v -0.131717 0.166428 0.126001
v -0.132316 0.198920 0.058378
v -0.077896 0.133425 0.054923
v -0.085086 0.127558 -0.105157
v -0.131717 0.166429 -0.131068
v -0.132316 0.198920 -0.056408
v -0.077896 0.133425 -0.052952
v 0.278467 0.145732 -0.002964
v 0.210609 0.069002 0.053506
v 0.211014 0.053449 -0.002964
v 0.271319 0.145918 0.064955
v 0.278467 0.145732 -0.002964
v 0.210609 0.069002 -0.050723
v 0.271320 0.145918 -0.062172
v 0.211014 0.053449 -0.002964
v 0.262846 0.139004 0.118184
v 0.210030 0.088600 0.072645
v 0.257727 0.099787 0.126494
v 0.210030 0.088600 -0.078155
v 0.262846 0.139004 -0.123693
v 0.271320 0.145918 -0.062172
v 0.210609 0.069002 -0.050723
v 0.209592 0.103945 -0.075455
v 0.257727 0.099786 -0.129076
v 0.257727 0.099787 0.126494
v 0.211064 0.034522 0.106902
v 0.209592 0.103945 0.072873
v 0.257727 0.099786 -0.129076
v 0.209592 0.103945 -0.075455
v 0.211064 0.034523 -0.115668
v -0.204070 -0.377589 -0.129672
v -0.164546 -0.352319 -0.164610
v -0.143656 -0.286497 -0.107287
v -0.143656 -0.286497 0.107694
v -0.164546 -0.352320 0.165017
v -0.204070 -0.377589 0.130079
v -0.213410 -0.380103 0.000203
v -0.143656 -0.286497 0.107694
v -0.204070 -0.377589 0.130079
v -0.147721 -0.287753 0.000203
v -0.143656 -0.286497 -0.107287
v -0.213410 -0.380103 0.000203
v -0.204070 -0.377589 -0.129672
v -0.147721 -0.287753 0.000203
v -0.231358 0.132382 -0.002964
v -0.302749 0.217485 -0.002964
v -0.302636 0.209752 0.069027
v -0.238504 0.132568 0.064955
v -0.238504 0.132568 -0.062172
v -0.302636 0.209752 -0.066244
v -0.231358 0.132382 -0.002964
v -0.302749 0.217485 -0.002964
v -0.246976 0.125654 0.118184
v -0.301934 0.171461 0.148718
v -0.302636 0.209752 0.069027
v -0.238504 0.132568 0.064955
v -0.246976 0.125654 -0.123693
v -0.301934 0.171461 -0.154228
v -0.302636 0.209752 -0.066244
v -0.238504 0.132568 -0.062172
v 0.102248 0.140096 -0.002812
v 0.040559 0.070341 0.048525
v 0.040927 0.056202 -0.002812
v 0.095751 0.140265 0.058932
v 0.102248 0.140096 -0.002812
v 0.040560 0.070341 -0.046230
v 0.095751 0.140265 -0.056637
v 0.040927 0.056202 -0.002812
v 0.088048 0.133981 0.107323
v 0.040033 0.088158 0.065924
v 0.083394 0.098327 0.114877
v 0.040033 0.088158 -0.071167
v 0.088048 0.133981 -0.112566
v 0.095751 0.140265 -0.056637
v 0.040560 0.070341 -0.046230
v 0.039635 0.102107 -0.068713
v 0.083395 0.098327 -0.117459
v 0.083394 0.098327 0.114877
v 0.040972 0.038996 0.107961
v 0.039635 0.102107 0.066131
v 0.083395 0.098327 -0.117459
v 0.039635 0.102107 -0.068713
v 0.040972 0.038997 -0.116164
v -0.421774 0.120629 0.107323
v -0.471731 0.162272 0.135081
v -0.472373 0.197082 0.062634
v -0.414076 0.126915 0.058932
v -0.421774 0.120629 -0.112566
v -0.471731 0.162273 -0.140324
v -0.472373 0.197082 -0.060339
v -0.414076 0.126915 -0.056637
v -0.407579 0.126746 -0.002812
v -0.472477 0.204113 -0.002812
v -0.472373 0.197082 0.062634
v -0.414076 0.126915 0.058932
v -0.414076 0.126915 -0.056637
v -0.472373 0.197082 -0.060339
v -0.407579 0.126746 -0.002812
v -0.472477 0.204113 -0.002812
v -0.420361 -0.178191 -0.154315
v -0.474465 -0.217344 -0.189366
v -0.410814 -0.203953 -0.121307
v -0.472918 -0.264593 -0.128771
v -0.420361 -0.178191 0.144723
v -0.474465 -0.217344 0.179774
v -0.410814 -0.203953 0.111715
v -0.472918 -0.264593 0.119179
v -0.071831 0.133267 -0.002711
v -0.129413 0.068156 -0.043238
v -0.077896 0.133425 -0.052952
v -0.129069 0.054959 -0.002711
v -0.071831 0.133267 -0.002711
v -0.129413 0.068156 0.045208
v -0.129069 0.054959 -0.002711
v -0.077896 0.133425 0.054923
v -0.085086 0.127558 0.100091
v -0.129904 0.084787 0.061449
v -0.089429 0.094280 0.107142
v -0.129904 0.084787 -0.066515
v -0.085086 0.127558 -0.105157
v -0.077896 0.133425 -0.052952
v -0.129413 0.068156 -0.043238
v -0.130276 0.097808 -0.064224
v -0.089429 0.094279 -0.109724
v -0.129027 0.038899 -0.114741
v -0.089429 0.094280 0.107142
v -0.129027 0.038899 0.106912
v -0.130276 0.097808 0.061642
v -0.594915 0.114208 0.100091
v -0.641539 0.153078 0.126001
v -0.642140 0.185570 0.058378
v -0.587716 0.120075 0.054923
v -0.594915 0.114208 -0.105157
v -0.641539 0.153079 -0.131067
v -0.642140 0.185570 -0.056408
v -0.587716 0.120075 -0.052952
v -0.581660 0.119917 -0.002711
v -0.642231 0.192133 -0.002711
v -0.642140 0.185570 0.058378
v -0.587716 0.120075 0.054923
v -0.587716 0.120075 -0.052952
v -0.642140 0.185570 -0.056408
v -0.581660 0.119917 -0.002711
v -0.642231 0.192133 -0.002711
v -0.252101 0.086436 0.126494
v -0.298758 0.021171 0.103470
v -0.300236 0.090595 0.072873
v -0.231358 0.132382 -0.002964
v -0.299211 0.055651 -0.050723
v -0.238504 0.132568 -0.062172
v -0.298814 0.040098 -0.002964
v -0.231358 0.132382 -0.002964
v -0.299211 0.055651 0.053506
v -0.298814 0.040098 -0.002964
v -0.238504 0.132568 0.064955
v -0.252101 0.086436 -0.129076
v -0.300236 0.090595 -0.075455
v -0.298758 0.021171 -0.112236
v -0.246976 0.125654 0.118184
v -0.299794 0.075250 0.072645
v -0.252101 0.086436 0.126494
v -0.299794 0.075250 -0.078155
v -0.246976 0.125654 -0.123693
v -0.238504 0.132568 -0.062172
v -0.299211 0.055651 -0.050723
v -0.300236 0.090595 -0.075455
v -0.252101 0.086436 -0.129076
v -0.476770 -0.141542 -0.100322
v -0.403164 -0.216443 0.000204
v -0.410814 -0.203953 -0.121307
v -0.476755 -0.142101 0.000204
v -0.403164 -0.216443 0.000204
v -0.476770 -0.141542 0.090730
v -0.410814 -0.203953 0.111715
v -0.476755 -0.142101 0.000204
v -0.719342 -0.185122 0.151661
v -0.758779 -0.213665 0.179027
v -0.712438 -0.201623 0.133197
v -0.757716 -0.245831 0.141182
v -0.719402 -0.182841 -0.155140
v -0.758839 -0.211384 -0.182507
v -0.712438 -0.201623 -0.129400
v -0.757716 -0.245831 -0.137385
v -0.428280 -0.116446 0.156000
v -0.477390 -0.122061 0.094448
v -0.479557 -0.052697 0.151951
v -0.756801 0.112304 0.118184
v -0.811759 0.158111 0.148718
v -0.812461 0.196401 0.069027
v -0.748329 0.119218 0.064955
v -0.756801 0.112304 -0.123693
v -0.811759 0.158111 -0.154228
v -0.812461 0.196401 -0.066244
v -0.748329 0.119218 -0.062172
v -0.476770 -0.141542 -0.100322
v -0.410814 -0.203953 -0.121307
v -0.476867 -0.140518 -0.102040
v -0.420361 -0.178191 -0.154315
v -0.428280 -0.116446 -0.160494
v -0.476867 -0.140518 -0.102040
v -0.477390 -0.122061 -0.098941
v -0.428280 -0.116446 -0.160494
v -0.479557 -0.052697 -0.154231
v -0.476867 -0.140518 0.092448
v -0.420361 -0.178191 0.144723
v -0.410814 -0.203953 0.111715
v -0.476770 -0.141542 0.090730
v -0.428280 -0.116446 0.156000
v -0.477390 -0.122061 0.094448
v -0.741182 0.119032 -0.002964
v -0.812574 0.204135 -0.002964
v -0.812461 0.196401 0.069027
v -0.748329 0.119218 0.064955
v -0.748329 0.119218 -0.062172
v -0.812461 0.196401 -0.066244
v -0.741182 0.119032 -0.002964
v -0.812574 0.204135 -0.002964
v -0.426432 0.084977 0.114877
v -0.468854 0.025645 0.107089
v -0.470186 0.088757 0.066131
v -0.426432 0.084977 -0.117459
v -0.470186 0.088757 -0.068713
v -0.468854 0.025645 -0.115293
v -0.407579 0.126746 -0.002812
v -0.469265 0.056990 -0.046230
v -0.414076 0.126915 -0.056637
v -0.468894 0.042852 -0.002812
v -0.407579 0.126746 -0.002812
v -0.469265 0.056990 0.048525
v -0.468894 0.042852 -0.002812
v -0.414076 0.126915 0.058932
v -0.624627 -0.146650 -0.061626
v -0.554669 -0.217844 -0.000010
v -0.561943 -0.205973 -0.074117
v -0.624623 -0.147181 -0.000010
v -0.554669 -0.217844 -0.000010
v -0.624627 -0.146650 0.052100
v -0.561943 -0.205973 0.064591
v -0.624623 -0.147181 -0.000010
v -0.421774 0.120629 0.107323
v -0.469791 0.074808 0.065924
v -0.426432 0.084977 0.114877
v -0.469791 0.074808 -0.071167
v -0.421774 0.120629 -0.112566
v -0.414076 0.126915 -0.056637
v -0.469265 0.056990 -0.046230
v -0.470186 0.088757 -0.068713
v -0.426432 0.084977 -0.117459
v -0.571017 -0.181486 0.147436
v -0.561943 -0.205973 0.064591
v -0.624723 -0.145676 0.094225
v -0.624627 -0.146650 0.052100
v -0.624723 -0.145676 0.094225
v -0.578546 -0.122797 0.154688
v -0.625212 -0.128132 0.093667
v -0.578546 -0.122797 0.154688
v -0.627279 -0.062202 0.150727
v -0.561943 -0.205973 -0.074117
v -0.571017 -0.181486 -0.156963
v -0.624723 -0.145677 -0.103751
v -0.624627 -0.146650 -0.061626
v -0.578546 -0.122797 -0.159115
v -0.624723 -0.145677 -0.103751
v -0.625212 -0.128132 -0.098094
v -0.578546 -0.122797 -0.159115
v -0.627279 -0.062202 -0.152941
v 0.631323 -0.344803 -0.128434
v 0.647572 -0.389384 -0.069606
v 0.653658 -0.388588 -0.089834
v 0.631323 -0.344803 0.128841
v 0.647572 -0.389384 0.070013
v 0.653658 -0.388588 0.090241
v -0.760526 -0.156122 -0.106952
v -0.706868 -0.210728 -0.001118
v -0.712438 -0.201623 -0.129400
v -0.760515 -0.156529 -0.001118
v -0.706868 -0.210728 -0.001118
v -0.760526 -0.156122 0.110749
v -0.712438 -0.201623 0.133197
v -0.760515 -0.156529 -0.001118
v -0.581660 0.119917 -0.002711
v -0.639235 0.054806 -0.043238
v -0.587716 0.120075 -0.052952
v -0.638890 0.041609 -0.002711
v -0.581660 0.119917 -0.002711
v -0.639235 0.054806 0.045208
v -0.638890 0.041609 -0.002711
v -0.587716 0.120075 0.054923
v -0.639731 0.071437 -0.066515
v -0.594915 0.114208 -0.105157
v -0.587716 0.120075 -0.052952
v -0.639235 0.054806 -0.043238
v -0.640102 0.084458 -0.064224
v -0.599256 0.080929 -0.109724
v -0.638849 0.025548 -0.117728
v -0.594915 0.114208 0.100091
v -0.639731 0.071437 0.061449
v -0.599256 0.080929 0.107142
v -0.638849 0.025548 0.109899
v -0.640102 0.084458 0.061642
v -0.814015 -0.195800 0.000895
v -0.897409 -0.125320 0.063296
v -0.897779 -0.111181 0.000895
v -0.897409 -0.125320 -0.072888
v -0.814015 -0.195800 0.000895
v -0.897779 -0.111181 0.000895
v -1.027612 -0.103980 0.190868
v -0.989142 -0.132523 0.149034
v -0.987483 -0.052997 0.145175
v -0.760536 -0.157656 0.110847
v -0.719342 -0.185122 0.151661
v -0.712438 -0.201623 0.133197
v -0.760978 -0.141919 0.120632
v -0.760526 -0.156122 -0.106952
v -0.712438 -0.201623 -0.129400
v -0.760595 -0.155376 -0.114326
v -0.719402 -0.182841 -0.155140
v -0.760978 -0.141919 -0.123290
v -1.027612 -0.103980 -0.200460
v -0.987483 -0.052997 -0.148477
v -0.989142 -0.132523 -0.158626
v -0.761926 0.073086 -0.129076
v -0.810061 0.077244 -0.075455
v -0.808584 0.007822 -0.113247
v -0.761926 0.073086 0.126494
v -0.808584 0.007822 0.104481
v -0.810061 0.077244 0.072873
v -0.841720 -0.115742 -0.168252
v -0.900080 -0.043180 -0.150953
v -0.897612 -0.122132 -0.098192
v -0.832708 -0.186021 0.158638
v -0.897022 -0.143141 0.099138
v -0.841720 -0.115742 0.165670
v -0.897612 -0.122132 0.095610
v -0.841720 -0.115742 0.165670
v -0.900080 -0.043180 0.156451
v -0.741182 0.119032 -0.002964
v -0.809036 0.042301 -0.050723
v -0.748329 0.119218 -0.062172
v -0.808639 0.026748 -0.002964
v -0.741182 0.119032 -0.002964
v -0.809036 0.042301 0.053506
v -0.808639 0.026748 -0.002964
v -0.748329 0.119218 0.064955
v -0.832708 -0.186021 -0.157395
v -0.841720 -0.115742 -0.168252
v -0.897022 -0.143141 -0.097895
v -0.897612 -0.122132 -0.098192
v -0.756801 0.112304 0.118184
v -0.809620 0.061900 0.072645
v -0.761926 0.073086 0.126494
v -0.809620 0.061900 -0.078155
v -0.756801 0.112304 -0.123693
v -0.748329 0.119218 -0.062172
v -0.809036 0.042301 -0.050723
v -0.810061 0.077244 -0.075455
v -0.761926 0.073086 -0.129076
v 0.712245 -0.592005 -0.095595
v 0.692225 -0.541401 -0.160381
v 0.705453 -0.592244 -0.069987
v 0.712245 -0.592005 0.096002
v 0.692225 -0.541401 0.160788
v 0.705453 -0.592244 0.070394
v -0.989142 -0.132523 -0.158626
v -0.987483 -0.052997 -0.148477
v -1.029219 -0.106017 -0.097812
v -0.989142 -0.132523 0.149034
v -1.029219 -0.106017 0.088220
v -0.987483 -0.052997 0.145175
v -1.446720 -0.160727 0.072883
v -1.445757 -0.196357 0.035324
v -1.406408 -0.157232 0.030208
v -1.414882 -0.138473 0.051410
v -1.445757 -0.196357 -0.034916
v -1.446720 -0.160727 -0.072475
v -1.406408 -0.157232 -0.029800
v -1.414882 -0.138473 -0.051003
v -1.540683 -0.171039 0.070380
v -1.539788 -0.205191 0.032261
v -1.505357 -0.170409 0.029061
v -1.513868 -0.151753 0.051702
v -1.539788 -0.205191 -0.031853
v -1.540683 -0.171039 -0.069972
v -1.505357 -0.170409 -0.028653
v -1.513868 -0.151753 -0.051294
v -1.020723 -0.195920 -0.076887
v -1.021829 -0.183461 -0.152522
v -1.040365 -0.120090 -0.100874
v -1.030842 -0.108215 -0.063903
v -1.021829 -0.183461 0.142930
v -1.020723 -0.195920 0.067295
v -1.040365 -0.120090 0.091282
v -1.030842 -0.108215 0.054311
v -1.014971 -0.200125 0.000144
v -1.030842 -0.108215 0.054311
v -1.023317 -0.098758 0.000144
v -1.030842 -0.108215 -0.063903
v -1.014971 -0.200125 0.000144
v -1.020723 -0.195920 -0.076887
v -1.023317 -0.098758 0.000144
v -1.701108 -0.133196 0.056417
v -1.726254 -0.101194 0.054451
v -1.725814 -0.132922 0.080884
v -1.447760 -0.122152 0.000204
v -1.406408 -0.157232 -0.029800
v -1.447859 -0.118398 -0.020929
v -1.406154 -0.163867 0.000204
v -1.701108 -0.133196 -0.056009
v -1.725814 -0.132922 -0.080476
v -1.726254 -0.101194 -0.054043
v -1.447760 -0.122152 0.000204
v -1.406408 -0.157232 0.030208
v -1.406154 -0.163867 0.000204
v -1.447859 -0.118398 0.021337
v -1.414882 -0.138473 -0.051003
v -1.447914 -0.116288 -0.024683
v -1.447859 -0.118398 -0.020929
v -1.406408 -0.157232 -0.029800
v -1.447994 -0.113618 -0.026619
v -1.418729 -0.112275 -0.058778
v -1.449023 -0.075087 -0.052262
v -1.406408 -0.157232 0.030208
v -1.447859 -0.118398 0.021337
v -1.414882 -0.138473 0.051410
v -1.447914 -0.116288 0.025091
v -1.447994 -0.113618 0.027027
v -1.418729 -0.112275 0.059186
v -1.449023 -0.075087 0.052670
v -1.725245 -0.174114 0.068770
v -1.724828 -0.204570 0.034080
v -1.691064 -0.171816 0.029504
v -1.698120 -0.155638 0.049171
v -1.724828 -0.204570 -0.033672
v -1.725245 -0.174114 -0.068362
v -1.691064 -0.171816 -0.029096
v -1.698120 -0.155638 -0.048763
v -1.806745 -0.168299 0.072273
v -1.805991 -0.203986 0.034606
v -1.767933 -0.167119 0.031147
v -1.776838 -0.147191 0.053616
v -1.805991 -0.203986 -0.034197
v -1.806745 -0.168299 -0.071865
v -1.767933 -0.167119 -0.030739
v -1.776838 -0.147191 -0.053208
v -1.541591 -0.136348 -0.022944
v -1.505357 -0.170409 -0.028653
v -1.513868 -0.151753 -0.051294
v -1.541680 -0.132945 -0.029446
v -1.505357 -0.170409 0.029061
v -1.541591 -0.136348 0.023352
v -1.513868 -0.151753 0.051702
v -1.541680 -0.132945 0.029854
v -1.513868 -0.151753 -0.051294
v -1.517528 -0.126590 -0.057476
v -1.541680 -0.132945 -0.029446
v -1.541811 -0.127936 -0.031884
v -1.517528 -0.126590 -0.057476
v -1.542749 -0.092134 -0.049538
v -1.517528 -0.126590 0.057884
v -1.541680 -0.132945 0.029854
v -1.541811 -0.127936 0.032292
v -1.513868 -0.151753 0.051702
v -1.542749 -0.092134 0.049946
v -1.517528 -0.126590 0.057884
v -1.541479 -0.140626 0.000204
v -1.505357 -0.170409 0.029061
v -1.505136 -0.176531 0.000204
v -1.541591 -0.136348 0.023352
v -1.541479 -0.140626 0.000204
v -1.505357 -0.170409 -0.028653
v -1.541591 -0.136348 -0.022944
v -1.505136 -0.176531 0.000204
v -1.637694 -0.119543 0.000204
v -1.592639 -0.157724 -0.041826
v -1.637804 -0.115339 -0.027520
v -1.592368 -0.165005 0.000204
v -1.637694 -0.119543 0.000204
v -1.592639 -0.157724 0.042234
v -1.592368 -0.165005 0.000204
v -1.637804 -0.115339 0.027928
v -1.601984 -0.137016 -0.055611
v -1.637804 -0.115339 -0.027520
v -1.592639 -0.157724 -0.041826
v -1.592639 -0.157724 0.042234
v -1.637804 -0.115339 0.027928
v -1.601984 -0.137016 0.056019
v -1.725805 -0.134032 -0.026758
v -1.701108 -0.133196 -0.056009
v -1.726254 -0.101194 -0.054043
v -1.725805 -0.134032 0.027166
v -1.726254 -0.101194 0.054451
v -1.701108 -0.133196 0.056417
v -1.807712 -0.122225 -0.030234
v -1.780661 -0.119982 -0.061751
v -1.808517 -0.084221 -0.057323
v -1.807712 -0.122225 0.030642
v -1.808517 -0.084221 0.057731
v -1.780661 -0.119982 0.062159
v -1.725693 -0.141717 0.000204
v -1.691064 -0.171816 0.029504
v -1.690915 -0.177476 0.000204
v -1.725739 -0.138450 0.021567
v -1.725693 -0.141717 0.000204
v -1.691064 -0.171816 -0.029096
v -1.725739 -0.138450 -0.021158
v -1.690915 -0.177476 0.000204
v -1.698120 -0.155638 -0.048763
v -1.725769 -0.136523 -0.024828
v -1.725739 -0.138450 -0.021158
v -1.691064 -0.171816 -0.029096
v -1.725805 -0.134032 -0.026758
v -1.701108 -0.133196 -0.056009
v -1.691064 -0.171816 0.029504
v -1.725739 -0.138450 0.021567
v -1.698120 -0.155638 0.049171
v -1.725769 -0.136523 0.025236
v -1.725805 -0.134032 0.027166
v -1.701108 -0.133196 0.056417
v -1.807484 -0.133205 0.000204
v -1.767933 -0.167119 -0.030739
v -1.807572 -0.129075 -0.022549
v -1.767706 -0.173859 0.000204
v -1.807484 -0.133205 0.000204
v -1.767933 -0.167119 0.031147
v -1.767706 -0.173859 0.000204
v -1.807572 -0.129075 0.022958
v -1.807572 -0.129075 -0.022549
v -1.767933 -0.167119 -0.030739
v -1.776838 -0.147191 -0.053208
v -1.807627 -0.126206 -0.027462
v -1.807712 -0.122225 -0.030234
v -1.780661 -0.119982 -0.061751
v -1.767933 -0.167119 0.031147
v -1.807572 -0.129075 0.022958
v -1.776838 -0.147191 0.053616
v -1.807627 -0.126206 0.027870
v -1.807712 -0.122225 0.030642
v -1.780661 -0.119982 0.062159
v -1.725693 -0.141717 0.000204
v -1.759492 -0.172756 0.029504
v -1.725739 -0.138450 0.021567
v -1.725739 -0.138450 -0.021158
v -1.759492 -0.172756 -0.029096
v -1.725693 -0.141717 0.000204
v 1.254524 -0.112464 -0.125347
v 1.241332 -0.106742 0.000308
v 1.325488 -0.168250 -0.104494
v 1.324931 -0.168311 0.000308
v 1.241332 -0.106742 0.000308
v 1.325488 -0.168250 0.094685
v 1.324931 -0.168311 0.000308
v 1.254524 -0.112464 0.115538
v 1.070601 -0.239914 -0.071641
v 1.060923 -0.231991 -0.141773
v 1.002679 -0.200891 -0.093883
v 1.000863 -0.185772 -0.059602
v 1.060923 -0.231991 0.132181
v 1.070601 -0.239914 0.062049
v 1.002679 -0.200890 0.084291
v 1.000863 -0.185772 0.050010
v 1.000863 -0.185772 -0.059602
v 1.077629 -0.238748 -0.000215
v 1.070601 -0.239914 -0.071641
v 0.999370 -0.173784 -0.000215
v 1.077629 -0.238748 -0.000215
v 1.000863 -0.185772 0.050010
v 1.070601 -0.239914 0.062049
v 0.999370 -0.173784 -0.000215
v -0.967702 -0.200248 0.077554
v -0.897022 -0.143141 0.099138
v -0.897409 -0.125320 0.063296
v -0.958626 -0.190034 0.156770
v -0.967702 -0.200248 -0.087146
v -0.975884 -0.199865 0.000895
v -0.897409 -0.125320 -0.072888
v -0.897022 -0.143141 -0.097895
v -0.967702 -0.200248 -0.087146
v -0.897409 -0.125320 -0.072888
v -0.958626 -0.190034 -0.155527
v -0.975884 -0.199865 0.000895
v -0.897409 -0.125320 0.063296
v -0.967702 -0.200248 0.077554
v -0.977317 0.267789 0.023987
v -0.968447 0.294651 0.000204
v -1.004876 0.274292 0.000204
v -0.954989 0.286888 0.013256
v -0.954989 0.286888 -0.012848
v -0.968447 0.294651 0.000204
v -0.917692 0.298204 0.000204
v -0.968447 0.294651 0.000204
v -0.977317 0.267789 -0.023579
v -1.004876 0.274292 0.000204
v 1.153250 0.239362 0.000204
v 1.165262 0.228175 0.016619
v 1.206337 0.230968 0.000204
v 1.324818 -0.166465 -0.103055
v 1.393729 -0.158255 -0.160697
v 1.322001 -0.116986 -0.165255
v -0.683329 -0.209221 0.064006
v -0.624723 -0.145676 0.094225
v -0.676165 -0.184838 0.145766
v -0.968447 0.294651 0.000204
v -0.954989 0.286888 0.013256
v -0.917692 0.298204 0.000204
v -0.624723 -0.145677 -0.103751
v -0.683329 -0.209221 -0.073532
v -0.676165 -0.184838 -0.155292
v 1.513417 0.214299 0.000204
v 1.529422 0.202033 0.020367
v 1.579313 0.210276 0.000204
v 0.801437 0.322250 0.000204
v 0.814897 0.314488 0.013256
v 0.852187 0.325804 0.000204
v 0.723413 -0.301166 0.000203
v 0.789143 -0.357649 0.118839
v 0.801035 -0.354934 0.000203
v 0.711478 -0.304046 0.113380
v 0.723413 -0.301166 0.000203
v 0.789143 -0.357649 -0.118433
v 0.711478 -0.304046 -0.112973
v 0.801035 -0.354934 0.000203
v -1.065171 -0.073937 0.147167
v -1.027612 -0.103980 0.190868
v -0.987483 -0.052997 0.145175
v 0.797643 -0.502991 0.000203
v 0.868116 -0.572045 0.124968
v 0.877552 -0.570404 0.000203
v 0.788142 -0.504809 0.117761
v 0.797643 -0.502991 0.000203
v 0.868116 -0.572044 -0.124562
v 0.788142 -0.504808 -0.117355
v 0.877552 -0.570404 0.000203
v 0.962953 0.266459 0.000204
v 0.976413 0.258697 0.015742
v 1.013703 0.270013 0.000204
v -1.065171 -0.073937 -0.156759
v -0.987483 -0.052997 -0.148477
v -1.027612 -0.103980 -0.200460
v 1.342954 -0.363481 -0.076279
v 1.415677 -0.390628 -0.100874
v 1.354411 -0.365715 -0.150901
v 1.428611 -0.382594 -0.063903
v 1.342954 -0.363481 0.066686
v 1.415677 -0.390628 0.091282
v 1.428611 -0.382594 0.054311
v 1.354411 -0.365715 0.141309
v 1.322001 -0.116986 0.160762
v 1.324818 -0.166465 0.098561
v 1.305802 -0.168609 0.096477
v 1.260042 -0.118279 0.149265
v 1.322001 -0.116986 0.160762
v 1.393729 -0.158255 0.158511
v -1.117979 -0.118648 0.066687
v -1.040365 -0.120090 0.091282
v -1.030842 -0.108215 0.054311
v -1.106430 -0.116949 0.141309
v -1.117979 -0.118648 -0.076279
v -1.040365 -0.120090 -0.100874
v -1.106430 -0.116948 -0.150901
v -1.030842 -0.108215 -0.063903
v -1.029219 -0.106017 -0.097812
v -0.987483 -0.052997 -0.148477
v -1.065171 -0.073937 -0.156759
v 1.165262 0.228175 -0.016211
v 1.153250 0.239362 0.000204
v 1.206337 0.230968 0.000204
v 1.153250 0.239362 0.000204
v 1.137738 0.213818 -0.029707
v 1.110916 0.227056 0.000204
v -1.029219 -0.106017 0.088220
v -1.065171 -0.073937 0.147167
v -0.987483 -0.052997 0.145175
v -1.117979 -0.118648 -0.076279
v -1.123125 -0.113903 0.000144
v -1.030842 -0.108215 -0.063903
v -1.023317 -0.098758 0.000144
v -1.123125 -0.113903 0.000144
v -1.030842 -0.108215 0.054311
v -1.023317 -0.098758 0.000144
v -1.117979 -0.118648 0.066687
v 0.814897 0.314488 -0.012848
v 0.801437 0.322250 0.000204
v 0.852187 0.325804 0.000204
v 0.801437 0.322250 0.000204
v 0.792566 0.295390 -0.023579
v 0.765010 0.301892 0.000204
v 1.339677 -0.357297 0.000144
v 1.428611 -0.382594 0.054311
v 1.438846 -0.376173 0.000144
v 1.342954 -0.363481 0.066686
v 1.342954 -0.363481 -0.076279
v 1.339677 -0.357297 0.000144
v 1.428611 -0.382594 -0.063903
v 1.438846 -0.376173 0.000144
v -0.122150 -0.280950 0.220796
v -0.188843 -0.234897 0.162851
v -0.133897 -0.229568 0.155271
v 1.137738 0.213818 0.030115
v 1.153250 0.239362 0.000204
v 1.110916 0.227056 0.000204
v 1.165262 0.228175 0.016619
v -0.133896 -0.229568 -0.154864
v -0.122150 -0.280949 -0.220389
v -0.188843 -0.234897 -0.162444
v 1.407615 -0.338856 -0.156759
v 1.487846 -0.344916 -0.155397
v 1.433058 -0.379669 -0.200460
v 0.976413 0.258697 -0.015334
v 0.962953 0.266459 0.000204
v 1.013703 0.270013 0.000204
v 0.962953 0.266459 0.000204
v 0.954081 0.239599 -0.028109
v 0.926525 0.246101 0.000204
v 0.792566 0.295390 0.023987
v 0.801437 0.322250 0.000204
v 0.765010 0.301892 0.000204
v 0.814897 0.314488 0.013256
v 0.484312 -0.385405 -0.091839
v 0.380248 -0.342672 0.000204
v 0.487370 -0.391832 0.000204
v 0.382598 -0.334644 -0.116566
v 0.380248 -0.342672 0.000204
v 0.484312 -0.385405 0.092247
v 0.487370 -0.391832 0.000204
v 0.382598 -0.334644 0.116974
v 1.513417 0.214299 0.000204
v 1.529422 0.202033 -0.019960
v 1.497454 0.181243 -0.036537
v 1.463103 0.194275 0.000204
v 1.513417 0.214299 0.000204
v 1.579313 0.210276 0.000204
v -0.133897 -0.229568 0.155271
v -0.122150 -0.280950 0.220796
v -0.052946 -0.267764 0.125013
v -0.133896 -0.229568 -0.154864
v -0.052945 -0.267764 -0.124606
v -0.122150 -0.280949 -0.220389
v 1.407615 -0.338856 0.147167
v 1.433058 -0.379669 0.190868
v 1.487846 -0.344916 0.152094
v 0.496995 -0.330865 -0.120136
v 0.507519 -0.384480 -0.052395
v 0.583801 -0.360394 -0.117848
v 0.496995 -0.330865 0.120543
v 0.583800 -0.360395 0.118255
v 0.507519 -0.384480 0.052803
v 0.954081 0.239599 0.028517
v 0.962953 0.266459 0.000204
v 0.926525 0.246101 0.000204
v 0.976413 0.258697 0.015742
v 1.260042 -0.118279 -0.159074
v 1.305802 -0.168609 -0.106286
v 1.322001 -0.116986 -0.165255
v 1.324818 -0.166465 -0.103055
v 1.430868 -0.381058 0.088220
v 1.407615 -0.338856 0.147167
v 1.487846 -0.344916 0.152094
v 1.111805 0.188552 0.040942
v 1.110916 0.227056 0.000204
v 1.067881 0.210119 0.000204
v 1.137738 0.213818 0.030115
v 1.110916 0.227056 0.000204
v 1.137738 0.213818 -0.029707
v 1.111805 0.188552 -0.040534
v 1.067881 0.210119 0.000204
v -0.188843 -0.234897 -0.162444
v -0.134822 -0.285022 -0.095595
v -0.133896 -0.229568 -0.154864
v -0.133897 -0.229568 0.155271
v -0.134822 -0.285022 0.096002
v -0.188843 -0.234897 0.162851
v 1.497454 0.181243 0.036945
v 1.513417 0.214299 0.000204
v 1.463103 0.194275 0.000204
v 1.529422 0.202033 0.020367
v -0.243622 -0.228972 0.000203
v -0.143656 -0.286497 0.107694
v -0.147721 -0.287753 0.000203
v -0.244041 -0.233573 0.131530
v -0.244041 -0.233573 -0.131123
v -0.243622 -0.228972 0.000203
v -0.143656 -0.286497 -0.107287
v -0.147721 -0.287753 0.000203
v -0.128067 -0.284282 -0.069987
v -0.052945 -0.267764 -0.124606
v -0.133896 -0.229568 -0.154864
v -0.128067 -0.284282 0.070394
v -0.133897 -0.229568 0.155271
v -0.052946 -0.267764 0.125013
v 1.430868 -0.381058 -0.097812
v 1.487846 -0.344916 -0.155397
v 1.407615 -0.338856 -0.156759
v 0.746859 -0.527088 0.165017
v 0.699307 -0.595130 0.220796
v 0.794817 -0.581250 0.211293
v 0.692225 -0.541401 0.160788
v 0.788142 -0.504809 0.117761
v 0.868116 -0.572045 0.124968
v 0.746859 -0.527088 0.165017
v 0.746859 -0.527088 -0.164610
v 0.699307 -0.595130 -0.220389
v 0.692225 -0.541401 -0.160381
v 0.794817 -0.581250 -0.210886
v 0.788142 -0.504808 -0.117355
v 0.746859 -0.527088 -0.164610
v 0.868116 -0.572044 -0.124562
v 0.589195 -0.543727 0.168218
v 0.552220 -0.499830 0.122513
v 0.653788 -0.510328 0.124723
v 0.589195 -0.543727 -0.167811
v 0.552220 -0.499830 -0.122106
v 0.653788 -0.510328 -0.124316
v -0.188843 -0.234897 0.162851
v -0.134822 -0.285022 0.096002
v -0.244041 -0.233573 0.131530
v -0.244041 -0.233573 -0.131123
v -0.143656 -0.286497 -0.107287
v -0.188843 -0.234897 -0.162444
v 0.439337 -0.342079 -0.130362
v 0.484312 -0.385405 -0.091839
v 0.382598 -0.334644 -0.116566
v 0.439337 -0.342079 0.130770
v 0.484312 -0.385405 0.092247
v 0.382598 -0.334644 0.116974
v 0.566497 -0.551228 -0.069422
v 0.439211 -0.527966 0.014166
v 0.563518 -0.554868 0.014166
v 0.447276 -0.521985 -0.091534
v 0.563518 -0.554868 0.014166
v 0.439211 -0.527966 0.014166
v 0.447276 -0.521985 0.078993
v 0.566497 -0.551228 0.062218
v 0.552220 -0.499830 -0.122106
v 0.582268 -0.544793 -0.053256
v 0.653788 -0.510328 -0.124316
v 0.552220 -0.499830 0.122513
v 0.653788 -0.510328 0.124723
v 0.582268 -0.544793 0.053664
v -0.571017 -0.181486 0.147436
v -0.561943 -0.205973 0.064591
v -0.624723 -0.145676 0.094225
v -0.561943 -0.205973 -0.074117
v -0.571017 -0.181486 -0.156963
v -0.624723 -0.145677 -0.103751
v 0.497172 -0.519012 0.133697
v 0.567106 -0.549975 0.079823
v 0.467927 -0.520611 0.121027
v 0.567106 -0.549975 0.079823
v 0.447276 -0.521985 0.078993
v 0.566497 -0.551228 0.062218
v 0.497172 -0.519013 -0.133289
v 0.567106 -0.549975 -0.082796
v 0.467927 -0.520611 -0.127026
v 0.447276 -0.521985 -0.091534
v 0.567106 -0.549975 -0.082796
v 0.566497 -0.551228 -0.069422
v -0.814015 -0.195800 0.000895
v -0.897409 -0.125320 0.063296
v -0.822334 -0.196357 0.078255
v -0.897409 -0.125320 -0.072888
v -0.814015 -0.195800 0.000895
v -0.822334 -0.196357 -0.087847
v 1.479095 -0.430702 -0.166101
v 1.559878 -0.382265 -0.150953
v 1.530999 -0.452515 -0.216446
v -0.832708 -0.186021 0.158638
v -0.822334 -0.196357 0.078255
v -0.897022 -0.143141 0.099138
v -0.897409 -0.125320 0.063296
v -0.822334 -0.196357 -0.087847
v -0.832708 -0.186021 -0.157395
v -0.897022 -0.143141 -0.097895
v -0.897409 -0.125320 -0.072888
v 1.479095 -0.430702 0.163518
v 1.530999 -0.452515 0.213863
v 1.559878 -0.382265 0.156451
v 0.746859 -0.527088 -0.164610
v 0.721164 -0.591187 -0.097092
v 0.712245 -0.592005 -0.095595
v 0.746859 -0.527088 -0.164610
v 0.692225 -0.541401 -0.160381
v 0.705453 -0.592244 -0.069987
v 0.629317 -0.603167 -0.124606
v 0.721164 -0.591187 0.097499
v 0.746859 -0.527088 0.165017
v 0.712245 -0.592005 0.096002
v 0.746859 -0.527088 0.165017
v 0.692225 -0.541401 0.160788
v 0.705453 -0.592244 0.070394
v 0.629317 -0.603167 0.125013
v 1.407615 -0.338856 0.147167
v 1.415677 -0.390628 0.091282
v 1.354411 -0.365715 0.141309
v 1.407615 -0.338856 -0.156759
v 1.415677 -0.390628 -0.100874
v 1.354411 -0.365715 -0.150901
v 1.002679 -0.200891 -0.093883
v 0.947341 -0.255327 -0.071077
v 0.954208 -0.245888 -0.140270
v 0.947341 -0.255327 0.061485
v 1.002679 -0.200890 0.084291
v 0.954208 -0.245888 0.130678
v 1.426623 -0.494248 0.000895
v 1.528725 -0.458315 0.063296
v 1.534168 -0.445261 0.000895
v 1.433936 -0.497944 0.077554
v 1.433936 -0.497944 -0.087146
v 1.426623 -0.494248 0.000895
v 1.528725 -0.458315 -0.072888
v 1.534168 -0.445261 0.000895
v 1.529846 -0.455323 0.095610
v 1.479095 -0.430702 0.163518
v 1.559878 -0.382265 0.156451
v 1.433936 -0.497944 -0.087146
v 1.521794 -0.474737 -0.097895
v 1.446396 -0.492335 -0.155527
v 1.528725 -0.458315 -0.072888
v 1.479095 -0.430702 -0.166101
v 1.529846 -0.455323 -0.098192
v 1.559878 -0.382265 -0.150953
v 1.433936 -0.497944 0.077554
v 1.521794 -0.474737 0.099138
v 1.528725 -0.458315 0.063296
v 1.446396 -0.492335 0.156770
v 1.412105 -0.456558 -0.152522
v 1.459863 -0.419376 -0.158626
v 1.415677 -0.390628 -0.100874
v 1.305802 -0.168609 0.096477
v 1.269061 -0.239394 0.116563
v 1.325488 -0.168250 0.094685
v 1.433058 -0.379669 0.190868
v 1.459863 -0.419376 0.149034
v 1.487846 -0.344916 0.152094
v -1.752879 -0.156390 0.049171
v -1.725814 -0.132922 0.080884
v -1.750497 -0.133874 0.056417
v -1.725245 -0.174114 0.068770
v 1.562944 -0.540168 0.158638
v 1.530999 -0.452515 0.213863
v 1.488533 -0.555653 0.198533
v 1.583459 -0.472348 0.165670
v -1.837456 -0.148434 0.054451
v -1.807740 -0.120765 0.085525
v -1.834735 -0.120562 0.063158
v -1.806745 -0.168299 0.072273
v -1.637869 -0.112859 -0.026058
v -1.672440 -0.138861 -0.055611
v -1.637804 -0.115339 -0.027520
v 1.486967 0.109879 0.000204
v 1.461448 0.083100 0.041163
v 1.460762 0.109192 0.026417
v 1.254524 -0.112464 0.115538
v 1.305802 -0.168609 0.096477
v 1.325488 -0.168250 0.094685
v 1.531806 0.168210 0.000204
v 1.478332 0.148872 0.050244
v 1.497454 0.181243 0.036945
v 1.529422 0.202033 0.020367
v 1.545424 0.189766 0.000204
v -1.669749 -0.109847 -0.055526
v -1.637869 -0.112859 -0.026058
v -1.637953 -0.109654 -0.025228
v -1.672440 -0.138861 -0.055611
v -1.680689 -0.160029 0.042234
v -1.636602 -0.161228 0.080219
v -1.672440 -0.138861 0.056019
v -1.635576 -0.200417 0.050483
v -1.807740 -0.120765 0.085525
v -1.808517 -0.084221 0.057731
v -1.834735 -0.120562 0.063158
v -1.568469 -0.153182 0.051702
v -1.541853 -0.126327 0.080128
v -1.566131 -0.127863 0.057884
v -1.540683 -0.171039 0.070380
v -1.672440 -0.138861 0.056019
v -1.637990 -0.108226 0.081278
v -1.669749 -0.109847 0.055934
v -1.636602 -0.161228 0.080219
v 1.000092 -0.180507 0.176631
v 1.060923 -0.231991 0.132181
v 1.047408 -0.172994 0.137842
v 1.012288 -0.275004 0.164292
v -1.669749 -0.109847 -0.055526
v -1.637953 -0.109654 -0.025228
v -1.639059 -0.067401 -0.052350
v -1.106430 -0.116949 0.141309
v -1.086593 -0.178814 0.177561
v -1.027612 -0.103980 0.190868
v -1.065171 -0.073937 0.147167
v 1.327466 -0.166148 0.206875
v 1.334690 -0.214890 0.162732
v 1.393729 -0.158255 0.158511
v -1.637990 -0.108226 0.081278
v -1.639059 -0.067401 0.052758
v -1.669749 -0.109847 0.055934
v -1.479718 -0.140220 0.051410
v -1.448026 -0.112373 0.085987
v -1.477278 -0.113852 0.059186
v -1.446720 -0.160727 0.072883
v -1.541853 -0.126327 0.080128
v -1.542749 -0.092134 0.049946
v -1.566131 -0.127863 0.057884
v -1.448026 -0.112373 0.085987
v -1.449023 -0.075087 0.052670
v -1.477278 -0.113852 0.059186
v -0.864725 0.110266 0.116754
v -0.811759 0.158111 0.148718
v -0.809984 0.073905 0.163378
v -0.858203 0.072475 0.124847
v -0.958626 -0.190034 0.156770
v -0.894282 -0.230584 0.198533
v -0.897702 -0.119097 0.213863
v -0.953987 -0.120417 0.163518
v 1.111805 0.188552 0.040942
v 1.133845 0.138072 0.000204
v 1.147454 0.168837 0.000204
v 1.086514 0.162320 0.051705
v 0.976413 0.258697 0.015742
v 0.981638 0.233097 0.000204
v 0.989874 0.250935 0.000204
v 0.954081 0.239599 0.028517
v 0.940227 0.203436 0.038765
v 0.977853 0.194997 0.000204
v 0.612404 -0.592932 0.122464
v 0.653788 -0.510328 0.124723
v 0.589195 -0.543727 0.168218
v 1.137738 0.213818 0.030115
v 1.147454 0.168837 0.000204
v 1.164561 0.200581 0.000204
v 1.111805 0.188552 0.040942
v 0.549528 0.112423 0.148408
v 0.597873 0.147330 0.107323
v 0.547916 0.188973 0.135081
v 0.593219 0.111678 0.114877
v 0.726979 -0.371846 0.169559
v 0.703390 -0.432824 0.136232
v 0.750311 -0.433332 0.118121
v 0.789143 -0.357649 0.118839
v 1.322001 -0.116986 0.160762
v 1.327466 -0.166148 0.206875
v 1.393729 -0.158255 0.158511
v -0.991175 0.231627 0.032596
v -1.004876 0.274292 0.000204
v -1.028798 0.240065 0.000204
v -0.977317 0.267789 0.023987
v 0.868116 -0.572045 0.124968
v 0.762415 -0.645985 0.162851
v 0.817370 -0.651384 0.119074
v 0.794817 -0.581250 0.211293
v 0.762415 -0.645985 0.162851
v 0.699307 -0.595130 0.220796
v 0.769167 0.188362 0.029186
v 0.793078 0.217390 0.000204
v 0.770072 0.217343 0.019529
v 0.803527 0.189263 0.000204
v -1.021771 0.149711 0.000204
v -1.032977 0.079890 0.000204
v -0.998619 0.080790 0.029186
v -0.998764 0.149757 0.019529
v -0.995058 0.167147 0.038659
v -1.028798 0.240065 0.000204
v -1.047669 0.166115 0.000204
v -0.991175 0.231627 0.032596
v 1.000092 -0.180507 0.176631
v 1.047408 -0.172994 0.137842
v 0.991750 -0.116165 0.133217
v -0.953987 -0.120417 0.163518
v -0.897702 -0.119097 0.213863
v -0.900080 -0.043180 0.156451
v 0.530651 -0.436822 0.116408
v 0.583800 -0.360395 0.118255
v 0.514580 -0.384413 0.165512
v 0.816337 0.250788 0.000204
v 0.792566 0.295390 0.023987
v 0.778712 0.259227 0.032596
v 0.820121 0.288888 0.000204
v 0.773780 0.234734 0.038659
v 0.816337 0.250788 0.000204
v 0.819344 0.221897 0.000204
v 1.165262 0.228175 0.016619
v 1.164561 0.200581 0.000204
v 1.177276 0.216988 0.000204
v 1.137738 0.213818 0.030115
v -0.758779 -0.213665 0.179027
v -0.761039 -0.139975 0.186329
v -0.799993 -0.187693 0.150379
v -0.797089 -0.140821 0.152697
v -0.686491 0.112479 0.098878
v -0.641539 0.153078 0.126001
v -0.640038 0.081625 0.138441
v -0.680950 0.080410 0.105745
v -0.638849 0.025548 0.109899
v -0.640038 0.081625 0.138441
v 0.379613 0.108325 0.138441
v 0.424739 0.140908 0.100091
v 0.378109 0.179778 0.126001
v 0.420396 0.107629 0.107142
v -0.797089 -0.140821 0.152697
v -0.761039 -0.139975 0.186329
v -0.762562 -0.091349 0.150852
v -0.676165 -0.184838 0.145766
v -0.622430 -0.218699 0.183116
v -0.625298 -0.125599 0.196663
v -0.672296 -0.126701 0.152814
v -0.519889 0.118777 0.106023
v -0.471731 0.162272 0.135081
v -0.470127 0.085722 0.148408
v -0.513958 0.084421 0.113380
v -0.672296 -0.126701 0.152814
v -0.625298 -0.125599 0.196663
v -0.627279 -0.062202 0.150727
v 0.514580 -0.384413 0.165512
v 0.478359 -0.460525 0.129053
v 0.530651 -0.436822 0.116408
v 0.418807 -0.414461 0.167430
v 1.529422 0.202033 0.020367
v 1.545424 0.189766 0.000204
v 1.579313 0.210276 0.000204
v 0.499373 -0.586810 0.171179
v 0.537259 -0.641014 0.133384
v 0.564396 -0.623622 0.131942
v 0.460175 -0.603224 0.145660
v 0.589195 -0.543727 0.168218
v 0.499373 -0.586810 0.171179
v 0.612404 -0.592932 0.122464
v 0.814897 0.314488 0.013256
v 0.820121 0.288888 0.000204
v 0.828358 0.306726 0.000204
v 0.792566 0.295390 0.023987
v 0.703390 -0.432824 -0.135825
v 0.653658 -0.388588 -0.089834
v 0.653876 -0.438680 -0.124844
v 0.209665 0.100606 0.163378
v 0.262846 0.139004 0.118184
v 0.207895 0.184811 0.148718
v 0.257727 0.099787 0.126494
v -0.474465 -0.217344 0.179774
v -0.477470 -0.119394 0.198341
v -0.530997 -0.181718 0.143082
v -0.526917 -0.120555 0.154110
v -0.800052 -0.185412 -0.153859
v -0.760978 -0.141919 -0.123290
v -0.797089 -0.140821 -0.155354
v 0.549858 0.101508 0.065924
v 0.605577 0.153616 0.058932
v 0.550384 0.083691 0.048525
v -0.526917 -0.120555 0.154110
v -0.477470 -0.119394 0.198341
v -0.479557 -0.052697 0.151951
v -0.858203 0.072475 0.124847
v -0.808584 0.007822 0.104481
v -0.809984 0.073905 0.163378
v 0.549528 0.112423 0.148408
v 0.550798 0.052347 0.108753
v 0.593219 0.111678 0.114877
v -0.354899 0.123616 0.116754
v -0.301934 0.171461 0.148718
v -0.300159 0.087255 0.163378
v -0.348378 0.085825 0.124847
v 0.703390 -0.432824 0.136232
v 0.726979 -0.371846 0.169559
v 0.642293 -0.392505 0.167894
v 0.653876 -0.438680 0.125250
v -0.760978 -0.141919 -0.123290
v -0.762562 -0.091349 -0.153510
v -0.797089 -0.140821 -0.155354
v 0.976413 0.258697 0.015742
v 0.989874 0.250935 0.000204
v 1.013703 0.270013 0.000204
v 0.039701 0.099072 0.148408
v 0.088048 0.133981 0.107323
v 0.038091 0.175622 0.135081
v 0.083394 0.098327 0.114877
v 1.433058 -0.379669 0.190868
v 1.412105 -0.456558 0.142930
v 1.459863 -0.419376 0.149034
v 1.352569 -0.430658 0.177561
v 0.379613 0.108325 0.138441
v 0.380798 0.052249 0.107700
v 0.420396 0.107629 0.107142
v -0.122150 -0.280950 0.220796
v -0.164546 -0.352320 0.165017
v -0.216374 -0.301849 0.211293
v -0.995058 0.167147 0.038659
v -1.021771 0.149711 0.000204
v -0.998764 0.149757 0.019529
v 0.418807 -0.414461 0.167430
v 0.433416 -0.486299 0.115815
v 0.478359 -0.460525 0.129053
v 0.337954 -0.433712 0.125769
v 0.379921 0.098138 0.061449
v 0.431929 0.146776 0.054923
v 0.380412 0.081507 0.045208
v -1.106430 -0.116948 -0.150901
v -1.065171 -0.073937 -0.156759
v -1.040365 -0.120090 -0.100874
v -0.513958 0.084421 0.113380
v -0.468854 0.025645 0.107089
v -0.470127 0.085722 0.148408
v 0.564396 -0.623622 -0.131535
v 0.567106 -0.549975 -0.082796
v 0.537259 -0.641014 -0.143631
v 0.576312 -0.548497 -0.077389
v 0.612404 -0.592932 -0.122056
v 0.711478 -0.304046 0.113380
v 0.726979 -0.371846 0.169559
v 0.789143 -0.357649 0.118839
v 0.679219 -0.327254 0.137722
v 1.165262 0.228175 0.016619
v 1.177276 0.216988 0.000204
v 1.206337 0.230968 0.000204
v -0.176662 0.125829 0.098878
v -0.131717 0.166428 0.126001
v -0.130213 0.094975 0.138441
v -0.171128 0.093760 0.105745
v -0.129027 0.038899 0.106912
v -0.130213 0.094975 0.138441
v 0.814897 0.314488 0.013256
v 0.828358 0.306726 0.000204
v 0.852187 0.325804 0.000204
v -0.130213 0.094975 0.138441
v -0.085086 0.127558 0.100091
v -0.131717 0.166428 0.126001
v -0.089429 0.094280 0.107142
v 0.209665 0.100606 0.163378
v 0.211064 0.034522 0.106902
v 0.257727 0.099787 0.126494
v 0.478359 -0.460525 -0.128646
v 0.484312 -0.385405 -0.091839
v 0.433416 -0.486299 -0.115408
v 0.210030 0.088600 0.072645
v 0.271319 0.145918 0.064955
v 0.210609 0.069002 0.053506
v -0.216374 -0.301849 0.211293
v -0.244041 -0.233573 0.131530
v -0.188843 -0.234897 0.162851
v -0.348378 0.085825 0.124847
v -0.298758 0.021171 0.103470
v -0.300159 0.087255 0.163378
v -0.010060 0.132128 0.106023
v 0.038091 0.175622 0.135081
v 0.039701 0.099072 0.148408
v -0.004131 0.097771 0.113380
v 0.039701 0.099072 0.148408
v 0.040972 0.038996 0.107961
v 0.083394 0.098327 0.114877
v 0.530651 -0.436822 -0.116001
v 0.501047 -0.387318 -0.075688
v 0.478359 -0.460525 -0.128646
v -0.300159 0.087255 0.163378
v -0.246976 0.125654 0.118184
v -0.301934 0.171461 0.148718
v -0.252101 0.086436 0.126494
v -0.122150 -0.280950 0.220796
v -0.188843 -0.234897 0.162851
v -0.216374 -0.301849 0.211293
v -0.130213 0.094975 0.138441
v -0.129027 0.038899 0.106912
v -0.089429 0.094280 0.107142
v 0.040033 0.088158 0.065924
v 0.095751 0.140265 0.058932
v 0.040559 0.070341 0.048525
v 0.514580 -0.384413 0.165512
v 0.439337 -0.342079 0.130770
v 0.418807 -0.414461 0.167430
v 0.496995 -0.330865 0.120543
v 0.583800 -0.360395 0.118255
v 0.154928 0.136966 0.116754
v 0.207895 0.184811 0.148718
v 0.209665 0.100606 0.163378
v 0.161449 0.099174 0.124847
v -0.004131 0.097771 0.113380
v 0.040972 0.038996 0.107961
v 0.039701 0.099072 0.148408
v -0.477470 -0.119394 0.198341
v -0.428280 -0.116446 0.156000
v -0.479557 -0.052697 0.151951
v -0.470127 0.085722 0.148408
v -0.421774 0.120629 0.107323
v -0.471731 0.162272 0.135081
v -0.426432 0.084977 0.114877
v -0.420361 -0.178191 0.144723
v -0.477470 -0.119394 0.198341
v -0.474465 -0.217344 0.179774
v -0.428280 -0.116446 0.156000
v -0.300159 0.087255 0.163378
v -0.298758 0.021171 0.103470
v -0.252101 0.086436 0.126494
v -1.027612 -0.103980 0.190868
v -1.021829 -0.183461 0.142930
v -0.989142 -0.132523 0.149034
v -1.086593 -0.178814 0.177561
v -0.129904 0.084787 0.061449
v -0.077896 0.133425 0.054923
v -0.129413 0.068156 0.045208
v 0.418807 -0.414461 0.167430
v 0.382598 -0.334644 0.116974
v 0.337954 -0.433712 0.125769
v 0.439337 -0.342079 0.130770
v 0.161449 0.099174 0.124847
v 0.211064 0.034522 0.106902
v 0.209665 0.100606 0.163378
v -0.625298 -0.125599 0.196663
v -0.578546 -0.122797 0.154688
v -0.627279 -0.062202 0.150727
v -0.470127 0.085722 0.148408
v -0.468854 0.025645 0.107089
v -0.426432 0.084977 0.114877
v 0.746859 -0.527088 0.165017
v 0.699307 -0.595130 0.220796
v 0.794817 -0.581250 0.211293
v 0.589195 -0.543727 0.168218
v 0.497172 -0.519012 0.133697
v 0.499373 -0.586810 0.171179
v 0.552220 -0.499830 0.122513
v 0.333163 0.139180 0.098878
v 0.378109 0.179778 0.126001
v 0.379613 0.108325 0.138441
v 0.338697 0.107111 0.105745
v 0.380798 0.052249 0.107700
v 0.379613 0.108325 0.138441
v 0.501047 -0.387318 -0.075688
v 0.439337 -0.342079 -0.130362
v 0.484312 -0.385405 -0.091839
v -0.640038 0.081625 0.138441
v -0.594915 0.114208 0.100091
v -0.641539 0.153078 0.126001
v -0.599256 0.080929 0.107142
v -0.571017 -0.181486 0.147436
v -0.625298 -0.125599 0.196663
v -0.622430 -0.218699 0.183116
v -0.578546 -0.122797 0.154688
v 0.679219 -0.327254 0.137722
v 0.642293 -0.392505 0.167894
v 0.726979 -0.371846 0.169559
v 0.631323 -0.344803 0.128841
v 0.580052 -0.405726 0.124021
v -0.761039 -0.139975 0.186329
v -0.725172 -0.137825 0.154134
v -0.762562 -0.091349 0.150852
v -0.299794 0.075250 0.072645
v -0.238504 0.132568 0.064955
v -0.299211 0.055651 0.053506
v -0.640038 0.081625 0.138441
v -0.638849 0.025548 0.109899
v -0.599256 0.080929 0.107142
v 0.499765 0.145478 0.106023
v 0.547916 0.188973 0.135081
v 0.549528 0.112423 0.148408
v 0.505695 0.111121 0.113380
v -0.897702 -0.119097 0.213863
v -0.841720 -0.115742 0.165670
v -0.900080 -0.043180 0.156451
v -0.719342 -0.185122 0.151661
v -0.761039 -0.139975 0.186329
v -0.758779 -0.213665 0.179027
v -0.725172 -0.137825 0.154134
v 0.778712 0.259227 0.032596
v 0.765010 0.301892 0.000204
v 0.741084 0.267665 0.000204
v 0.792566 0.295390 0.023987
v -0.809984 0.073905 0.163378
v -0.756801 0.112304 0.118184
v -0.811759 0.158111 0.148718
v -0.761926 0.073086 0.126494
v 1.067881 0.210119 0.000204
v 1.086514 0.162320 0.051705
v 1.111805 0.188552 0.040942
v 1.032189 0.175867 0.000204
v 0.505695 0.111121 0.113380
v 0.550798 0.052347 0.108753
v 0.549528 0.112423 0.148408
v 0.773780 0.234734 0.038659
v 0.741084 0.267665 0.000204
v 0.721166 0.233702 0.000204
v 0.778712 0.259227 0.032596
v -0.809984 0.073905 0.163378
v -0.808584 0.007822 0.104481
v -0.761926 0.073086 0.126494
v -0.469791 0.074808 0.065924
v -0.414076 0.126915 0.058932
v -0.469265 0.056990 0.048525
v 0.734808 0.187463 0.000204
v 0.769167 0.188362 0.029186
v 0.747065 0.217297 0.000204
v 0.770072 0.217343 0.019529
v -0.832708 -0.186021 0.158638
v -0.897702 -0.119097 0.213863
v -0.894282 -0.230584 0.198533
v -0.841720 -0.115742 0.165670
v 0.940227 0.203436 0.038765
v 0.926525 0.246101 0.000204
v 0.902599 0.211875 0.000204
v 0.954081 0.239599 0.028517
v 0.631323 -0.344803 -0.128434
v 0.653658 -0.388588 -0.089834
v 0.679219 -0.327255 -0.137315
v 0.496995 -0.330865 -0.120136
v 0.501047 -0.387318 -0.075688
v 0.439337 -0.342079 -0.130362
v 0.499373 -0.586810 0.171179
v 0.467927 -0.520611 0.121027
v 0.460175 -0.603224 0.145660
v 0.497172 -0.519012 0.133697
v 0.576312 -0.548497 -0.077389
v 0.497172 -0.519013 -0.133289
v 0.567106 -0.549975 -0.082796
v 0.552220 -0.499830 -0.122106
v 0.497172 -0.519013 -0.133289
v -0.725172 -0.137825 -0.156792
v -0.762562 -0.091349 -0.153510
v -0.760978 -0.141919 -0.123290
v 0.935295 0.178943 0.045984
v 0.902599 0.211875 0.000204
v 0.882681 0.177911 0.000204
v 0.940227 0.203436 0.038765
v -0.639731 0.071437 0.061449
v -0.587716 0.120075 0.054923
v -0.639235 0.054806 0.045208
v 1.012288 -0.275004 0.164292
v 1.000092 -0.180507 0.176631
v 0.954208 -0.245888 0.130678
v 0.952351 -0.186317 0.136110
v -0.998619 0.080790 0.029186
v -0.975758 0.149804 0.000204
v -0.998764 0.149757 0.019529
v -0.964261 0.081689 0.000204
v 1.478332 0.148872 0.050244
v 1.463103 0.194275 0.000204
v 1.434016 0.172115 0.000204
v 1.497454 0.181243 0.036945
v -0.954989 0.286888 0.013256
v -0.941531 0.279126 0.000204
v -0.917692 0.298204 0.000204
v -0.953551 0.223188 0.000204
v -0.977317 0.267789 0.023987
v -0.991175 0.231627 0.032596
v -0.949767 0.261287 0.000204
v -0.995058 0.167147 0.038659
v -0.953551 0.223188 0.000204
v -0.949497 0.154311 0.000204
v 1.260042 -0.118279 0.149265
v 1.229479 -0.177701 0.187518
v 1.327466 -0.166148 0.206875
v 1.322001 -0.116986 0.160762
v 1.273196 -0.228178 0.150976
v 1.229479 -0.177701 0.187518
v 1.327466 -0.166148 0.206875
v 1.334690 -0.214890 0.162732
v 1.034432 0.137946 0.000204
v 1.068824 0.130253 0.035447
v 1.049723 0.160137 0.000204
v 1.074279 0.154644 0.025367
v -0.719402 -0.182841 -0.155140
v -0.760978 -0.141919 -0.123290
v -0.725172 -0.137825 -0.156792
v 0.952351 -0.186317 0.136110
v 1.000092 -0.180507 0.176631
v 0.991750 -0.116165 0.133217
v 0.773780 0.234734 0.038659
v 0.747065 0.217297 0.000204
v 0.770072 0.217343 0.019529
v 0.930683 0.132571 0.034706
v 0.908581 0.161506 0.000204
v 0.931587 0.161552 0.023210
v -0.954989 0.286888 0.013256
v -0.949767 0.261287 0.000204
v -0.941531 0.279126 0.000204
v -0.977317 0.267789 0.023987
v -0.809620 0.061900 0.072645
v -0.748329 0.119218 0.064955
v -0.809036 0.042301 0.053506
v -1.418729 -0.112275 0.059186
v -1.449023 -0.075087 0.052670
v -1.448026 -0.112373 0.085987
v 1.430868 -0.381058 -0.097812
v 1.407615 -0.338856 -0.156759
v 1.415677 -0.390628 -0.100874
v -1.029219 -0.106017 -0.097812
v -1.040365 -0.120090 -0.100874
v -0.989142 -0.132523 -0.158626
v -1.021829 -0.183461 -0.152522
v -1.517528 -0.126590 0.057884
v -1.542749 -0.092134 0.049946
v -1.541853 -0.126327 0.080128
v 1.466301 0.122069 0.059709
v 1.434016 0.172115 0.000204
v 1.406558 0.122332 0.000204
v 1.478332 0.148872 0.050244
v -1.446720 -0.160727 0.072883
v -1.414882 -0.138473 0.051410
v -1.448026 -0.112373 0.085987
v -1.418729 -0.112275 0.059186
v -1.636602 -0.161228 0.080219
v -1.601984 -0.137016 0.056019
v -1.637990 -0.108226 0.081278
v -1.606190 -0.108182 0.055934
v -1.639059 -0.067401 0.052758
v -1.637990 -0.108226 0.081278
v -1.540683 -0.171039 0.070380
v -1.513868 -0.151753 0.051702
v -1.541853 -0.126327 0.080128
v -1.517528 -0.126590 0.057884
v -1.601984 -0.137016 0.056019
v -1.636602 -0.161228 0.080219
v -1.592639 -0.157724 0.042234
v -1.635576 -0.200417 0.050483
v -1.780661 -0.119982 0.062159
v -1.808517 -0.084221 0.057731
v -1.807740 -0.120765 0.085525
v 1.420502 0.082028 0.000204
v 1.460762 0.109192 0.026417
v 1.461448 0.083100 0.041163
v -1.637953 -0.109654 -0.025228
v -1.606190 -0.108182 -0.055526
v -1.639059 -0.067401 -0.052350
v -1.806745 -0.168299 0.072273
v -1.776838 -0.147191 0.053616
v -1.807740 -0.120765 0.085525
v -1.780661 -0.119982 0.062159
v -1.725245 -0.174114 0.068770
v -1.698120 -0.155638 0.049171
v -1.725814 -0.132922 0.080884
v -1.701108 -0.133196 0.056417
v -1.637869 -0.112859 -0.026058
v -1.601984 -0.137016 -0.055611
v -1.606190 -0.108182 -0.055526
v -1.637953 -0.109654 -0.025228
v -1.601984 -0.137016 -0.055611
v -1.637869 -0.112859 -0.026058
v -1.637804 -0.115339 -0.027520
v 1.446396 -0.492335 -0.155527
v 1.521794 -0.474737 -0.097895
v 1.479095 -0.430702 -0.166101
v 1.446396 -0.492335 0.156770
v 1.488533 -0.555653 0.198533
v 1.530999 -0.452515 0.213863
v 1.479095 -0.430702 0.163518
v 1.352569 -0.430658 0.177561
v 1.433058 -0.379669 0.190868
v 1.354411 -0.365715 0.141309
v 1.407615 -0.338856 0.147167
v -1.837456 -0.148434 -0.054043
v -1.807572 -0.129075 -0.022549
v -1.807627 -0.126206 -0.027462
v -1.845667 -0.169109 -0.031141
v -1.807712 -0.122225 -0.030234
v -1.834735 -0.120562 -0.062750
v -1.837456 -0.148434 0.054451
v -1.807572 -0.129075 0.022958
v -1.845667 -0.169109 0.031550
v -1.807627 -0.126206 0.027870
v -1.807712 -0.122225 0.030642
v -1.834735 -0.120562 0.063158
v -1.807484 -0.133205 0.000204
v -1.845608 -0.175982 0.000204
v -1.845667 -0.169109 0.031550
v -1.807572 -0.129075 0.022958
v -1.807572 -0.129075 -0.022549
v -1.845667 -0.169109 -0.031141
v -1.807484 -0.133205 0.000204
v -1.845608 -0.175982 0.000204
v -1.752879 -0.156390 -0.048763
v -1.725739 -0.138450 -0.021158
v -1.725769 -0.136523 -0.024828
v -1.759492 -0.172756 -0.029096
v -1.725805 -0.134032 -0.026758
v -1.750497 -0.133874 -0.056009
v -1.752879 -0.156390 0.049171
v -1.725739 -0.138450 0.021567
v -1.759492 -0.172756 0.029504
v -1.725769 -0.136523 0.025236
v -1.725805 -0.134032 0.027166
v -1.750497 -0.133874 0.056417
v -1.725693 -0.141717 0.000204
v -1.759474 -0.178417 0.000204
v -1.759492 -0.172756 0.029504
v -1.759492 -0.172756 -0.029096
v -1.725693 -0.141717 0.000204
v -1.759474 -0.178417 0.000204
v -1.834735 -0.120562 -0.062750
v -1.807712 -0.122225 -0.030234
v -1.808517 -0.084221 -0.057323
v -1.834735 -0.120562 0.063158
v -1.808517 -0.084221 0.057731
v -1.807712 -0.122225 0.030642
v -1.752879 -0.156390 0.049171
v -1.725245 -0.174114 0.068770
v -1.759492 -0.172756 0.029504
v -1.724828 -0.204570 0.034080
v -1.752879 -0.156390 -0.048763
v -1.725245 -0.174114 -0.068362
v -1.759492 -0.172756 -0.029096
v -1.724828 -0.204570 -0.033672
v -1.637694 -0.119543 0.000204
v -1.680578 -0.167315 0.000204
v -1.680689 -0.160029 0.042234
v -1.637804 -0.115339 0.027928
v -1.637804 -0.115339 -0.027520
v -1.680689 -0.160029 -0.041826
v -1.637694 -0.119543 0.000204
v -1.680578 -0.167315 0.000204
v -1.837456 -0.148434 0.054451
v -1.806745 -0.168299 0.072273
v -1.845667 -0.169109 0.031550
v -1.805991 -0.203986 0.034606
v -1.837456 -0.148434 -0.054043
v -1.806745 -0.168299 -0.071865
v -1.845667 -0.169109 -0.031141
v -1.805991 -0.203986 -0.034197
v -1.672440 -0.138861 -0.055611
v -1.637804 -0.115339 -0.027520
v -1.680689 -0.160029 -0.041826
v -1.672440 -0.138861 0.056019
v -1.637804 -0.115339 0.027928
v -1.680689 -0.160029 0.042234
v -1.750497 -0.133874 -0.056009
v -1.725805 -0.134032 -0.026758
v -1.726254 -0.101194 -0.054043
v -1.750497 -0.133874 0.056417
v -1.726254 -0.101194 0.054451
v -1.725805 -0.134032 0.027166
v -1.725814 -0.132922 0.080884
v -1.726254 -0.101194 0.054451
v -1.750497 -0.133874 0.056417
v -1.725814 -0.132922 -0.080476
v -1.750497 -0.133874 -0.056009
v -1.726254 -0.101194 -0.054043
v -1.541479 -0.140626 0.000204
v -1.575902 -0.178384 0.000204
v -1.575993 -0.172259 0.029061
v -1.541591 -0.136348 0.023352
v -1.541591 -0.136348 -0.022944
v -1.575993 -0.172259 -0.028653
v -1.541479 -0.140626 0.000204
v -1.575902 -0.178384 0.000204
v -1.104876 -0.202272 -0.081505
v -1.108542 -0.207028 0.000144
v -1.117979 -0.118648 -0.076279
v -1.123125 -0.113903 0.000144
v -1.108542 -0.207028 0.000144
v -1.117979 -0.118648 0.066687
v -1.123125 -0.113903 0.000144
v -1.104876 -0.202272 0.071913
v -1.568469 -0.153182 -0.051294
v -1.541591 -0.136348 -0.022944
v -1.541680 -0.132945 -0.029446
v -1.575993 -0.172259 -0.028653
v -1.568469 -0.153182 0.051702
v -1.541591 -0.136348 0.023352
v -1.575993 -0.172259 0.029061
v -1.541680 -0.132945 0.029854
v -1.541680 -0.132945 -0.029446
v -1.566131 -0.127863 -0.057476
v -1.568469 -0.153182 -0.051294
v -1.541811 -0.127936 -0.031884
v -1.541680 -0.132945 0.029854
v -1.566131 -0.127863 0.057884
v -1.541811 -0.127936 0.032292
v -1.568469 -0.153182 0.051702
v -1.479718 -0.140220 -0.051003
v -1.447859 -0.118398 -0.020929
v -1.447914 -0.116288 -0.024683
v -1.487159 -0.159406 -0.029800
v -1.447994 -0.113618 -0.026619
v -1.477278 -0.113852 -0.058778
v -1.479718 -0.140220 0.051410
v -1.447859 -0.118398 0.021337
v -1.487159 -0.159406 0.030208
v -1.447914 -0.116288 0.025091
v -1.447994 -0.113618 0.027027
v -1.477278 -0.113852 0.059186
v -1.447760 -0.122152 0.000204
v -1.487055 -0.166047 0.000204
v -1.487159 -0.159406 0.030208
v -1.447859 -0.118398 0.021337
v -1.447859 -0.118398 -0.020929
v -1.487159 -0.159406 -0.029800
v -1.447760 -0.122152 0.000204
v -1.487055 -0.166047 0.000204
v -1.540683 -0.171039 0.070380
v -1.575993 -0.172259 0.029061
v -1.539788 -0.205191 0.032261
v -1.568469 -0.153182 0.051702
v -1.540683 -0.171039 -0.069972
v -1.575993 -0.172259 -0.028653
v -1.568469 -0.153182 -0.051294
v -1.539788 -0.205191 -0.031853
v -1.566131 -0.127863 -0.057476
v -1.541811 -0.127936 -0.031884
v -1.542749 -0.092134 -0.049538
v -1.566131 -0.127863 0.057884
v -1.542749 -0.092134 0.049946
v -1.541811 -0.127936 0.032292
v -1.106430 -0.116948 -0.150901
v -1.104876 -0.202272 -0.081505
v -1.117979 -0.118648 -0.076279
v -1.086593 -0.178814 -0.187153
v -1.104876 -0.202272 0.071913
v -1.106430 -0.116949 0.141309
v -1.117979 -0.118648 0.066687
v -1.086593 -0.178814 0.177561
v -1.446720 -0.160727 0.072883
v -1.487159 -0.159406 0.030208
v -1.445757 -0.196357 0.035324
v -1.479718 -0.140220 0.051410
v -1.446720 -0.160727 -0.072475
v -1.487159 -0.159406 -0.029800
v -1.479718 -0.140220 -0.051003
v -1.445757 -0.196357 -0.034916
v -1.477278 -0.113852 -0.058778
v -1.447994 -0.113618 -0.026619
v -1.449023 -0.075087 -0.052262
v -1.477278 -0.113852 0.059186
v -1.449023 -0.075087 0.052670
v -1.447994 -0.113618 0.027027
v -0.879859 0.115210 -0.002964
v -0.812461 0.196401 0.069027
v -0.812574 0.204135 -0.002964
v -0.872879 0.116049 0.064418
v -0.812461 0.196401 -0.066244
v -0.879859 0.115210 -0.002964
v -0.812574 0.204135 -0.002964
v -0.872879 0.116049 -0.061635
v -0.864725 0.110266 -0.122264
v -0.812461 0.196401 -0.066244
v -0.811759 0.158111 -0.154228
v -0.872879 0.116049 -0.061635
v -0.812461 0.196401 0.069027
v -0.864725 0.110266 0.116754
v -0.811759 0.158111 0.148718
v -0.872879 0.116049 0.064418
v -0.699336 0.116674 -0.002711
v -0.642140 0.185570 0.058378
v -0.642231 0.192133 -0.002711
v -0.693412 0.117387 0.054467
v -0.642140 0.185570 -0.056408
v -0.699336 0.116674 -0.002711
v -0.642231 0.192133 -0.002711
v -0.693412 0.117387 -0.052497
v -0.958626 -0.190034 0.156770
v -0.897022 -0.143141 0.099138
v -0.953987 -0.120417 0.163518
v -0.897612 -0.122132 0.095610
v -0.975884 -0.199865 0.000895
v -0.897409 -0.125320 -0.072888
v -0.897779 -0.111181 0.000895
v -0.958626 -0.190034 -0.155527
v -0.897022 -0.143141 -0.097895
v -0.953987 -0.120417 -0.166101
v -0.897612 -0.122132 -0.098192
v -0.900080 -0.043180 -0.150953
v -0.953987 -0.120417 -0.166101
v -0.975884 -0.199865 0.000895
v -0.897409 -0.125320 0.063296
v -0.897779 -0.111181 0.000895
v -0.758779 -0.213665 0.179027
v -0.805555 -0.204115 0.132145
v -0.757716 -0.245831 0.141182
v -0.799993 -0.187693 0.150379
v -0.800052 -0.185412 -0.153859
v -0.758839 -0.211384 -0.182507
v -0.805555 -0.204115 -0.128348
v -0.757716 -0.245831 -0.137385
v -0.686491 0.112479 -0.103944
v -0.642140 0.185570 -0.056408
v -0.641539 0.153079 -0.131067
v -0.693412 0.117387 -0.052497
v -0.642140 0.185570 0.058378
v -0.686491 0.112479 0.098878
v -0.641539 0.153078 0.126001
v -0.693412 0.117387 0.054467
v -0.897612 -0.122132 0.095610
v -0.953987 -0.120417 0.163518
v -0.900080 -0.043180 0.156451
v -0.533652 0.123272 -0.002812
v -0.472373 0.197082 0.062634
v -0.472477 0.204113 -0.002812
v -0.527299 0.124035 0.058445
v -0.472373 0.197082 -0.060339
v -0.533652 0.123272 -0.002812
v -0.472477 0.204113 -0.002812
v -0.527299 0.124035 -0.056150
v -0.519889 0.118777 -0.111266
v -0.472373 0.197082 -0.060339
v -0.471731 0.162273 -0.140324
v -0.527299 0.124035 -0.056150
v -0.805555 -0.204115 -0.128348
v -0.810545 -0.213332 -0.001118
v -0.760526 -0.156122 -0.106952
v -0.760515 -0.156529 -0.001118
v -0.810545 -0.213332 -0.001118
v -0.760526 -0.156122 0.110749
v -0.760515 -0.156529 -0.001118
v -0.805555 -0.204115 0.132145
v -0.472373 0.197082 0.062634
v -0.519889 0.118777 0.106023
v -0.471731 0.162272 0.135081
v -0.527299 0.124035 0.058445
v -0.879859 0.115210 -0.002964
v -0.808639 0.026748 -0.002964
v -0.809036 0.042301 0.053506
v -0.872879 0.116049 0.064418
v -0.872879 0.116049 -0.061635
v -0.809036 0.042301 -0.050723
v -0.879859 0.115210 -0.002964
v -0.808639 0.026748 -0.002964
v -0.760595 -0.155376 -0.114326
v -0.805555 -0.204115 -0.128348
v -0.760526 -0.156122 -0.106952
v -0.800052 -0.185412 -0.153859
v -0.799993 -0.187693 0.150379
v -0.760536 -0.157656 0.110847
v -0.805555 -0.204115 0.132145
v -0.872879 0.116049 0.064418
v -0.809620 0.061900 0.072645
v -0.864725 0.110266 0.116754
v -0.809036 0.042301 0.053506
v -0.809620 0.061900 0.072645
v -0.858203 0.072475 0.124847
v -0.809620 0.061900 -0.078155
v -0.872879 0.116049 -0.061635
v -0.864725 0.110266 -0.122264
v -0.809036 0.042301 -0.050723
v -0.858203 0.072474 -0.127429
v -0.810061 0.077244 -0.075455
v -0.530997 -0.181718 -0.152674
v -0.474465 -0.217344 -0.189366
v -0.538528 -0.207372 -0.120323
v -0.472918 -0.264593 -0.128771
v -0.474465 -0.217344 0.179774
v -0.538528 -0.207372 0.110732
v -0.472918 -0.264593 0.119179
v -0.530997 -0.181718 0.143082
v -0.800052 -0.185412 -0.153859
v -0.760978 -0.141919 -0.123290
v -0.760595 -0.155376 -0.114326
v -0.760978 -0.141919 0.120632
v -0.799993 -0.187693 0.150379
v -0.760536 -0.157656 0.110847
v -0.624623 -0.147181 -0.000010
v -0.683329 -0.209221 0.064006
v -0.624627 -0.146650 0.052100
v -0.689847 -0.221240 -0.000010
v -0.683329 -0.209221 0.064006
v -0.624723 -0.145676 0.094225
v -0.676165 -0.184838 0.145766
v -0.624723 -0.145676 0.094225
v -0.672296 -0.126701 0.152814
v -0.625212 -0.128132 0.093667
v -0.624723 -0.145677 -0.103751
v -0.683329 -0.209221 -0.073532
v -0.624627 -0.146650 -0.061626
v -0.676165 -0.184838 -0.155292
v -0.624723 -0.145677 -0.103751
v -0.672296 -0.126701 -0.157241
v -0.625212 -0.128132 -0.098094
v -0.810061 0.077244 0.072873
v -0.808584 0.007822 0.104481
v -0.858203 0.072475 0.124847
v -0.683329 -0.209221 -0.073532
v -0.689847 -0.221240 -0.000010
v -0.624627 -0.146650 -0.061626
v -0.624623 -0.147181 -0.000010
v -0.370034 0.128560 -0.002964
v -0.302636 0.209752 0.069027
v -0.302749 0.217485 -0.002964
v -0.363054 0.129400 0.064418
v -0.302636 0.209752 -0.066244
v -0.370034 0.128560 -0.002964
v -0.302749 0.217485 -0.002964
v -0.363054 0.129400 -0.061635
v -0.810061 0.077244 -0.075455
v -0.858203 0.072474 -0.127429
v -0.808584 0.007822 -0.113247
v -0.354899 0.123616 -0.122264
v -0.302636 0.209752 -0.066244
v -0.301934 0.171461 -0.154228
v -0.363054 0.129400 -0.061635
v -0.302636 0.209752 0.069027
v -0.354899 0.123616 0.116754
v -0.301934 0.171461 0.148718
v -0.363054 0.129400 0.064418
v -0.699336 0.116674 -0.002711
v -0.638890 0.041609 -0.002711
v -0.639235 0.054806 0.045208
v -0.693412 0.117387 0.054467
v -0.693412 0.117387 -0.052497
v -0.639235 0.054806 -0.043238
v -0.699336 0.116674 -0.002711
v -0.638890 0.041609 -0.002711
v -0.625212 -0.128132 -0.098094
v -0.627279 -0.062202 -0.152941
v -0.672296 -0.126701 -0.157241
v -0.625212 -0.128132 0.093667
v -0.672296 -0.126701 0.152814
v -0.627279 -0.062202 0.150727
v -0.693412 0.117387 0.054467
v -0.639731 0.071437 0.061449
v -0.686491 0.112479 0.098878
v -0.639235 0.054806 0.045208
v -0.639731 0.071437 0.061449
v -0.680950 0.080410 0.105745
v -0.639731 0.071437 -0.066515
v -0.693412 0.117387 -0.052497
v -0.686491 0.112479 -0.103944
v -0.639235 0.054806 -0.043238
v -0.680950 0.080410 -0.108327
v -0.640102 0.084458 -0.064224
v -0.538528 -0.207372 -0.120323
v -0.545379 -0.220016 0.000204
v -0.476770 -0.141542 -0.100322
v -0.476755 -0.142101 0.000204
v -0.545379 -0.220016 0.000204
v -0.476770 -0.141542 0.090730
v -0.476755 -0.142101 0.000204
v -0.538528 -0.207372 0.110732
v -0.476867 -0.140518 -0.102040
v -0.538528 -0.207372 -0.120323
v -0.476770 -0.141542 -0.100322
v -0.530997 -0.181718 -0.152674
v -0.476867 -0.140518 -0.102040
v -0.526917 -0.120555 -0.158603
v -0.477390 -0.122061 -0.098941
v -0.538528 -0.207372 0.110732
v -0.476867 -0.140518 0.092448
v -0.476770 -0.141542 0.090730
v -0.530997 -0.181718 0.143082
v -0.526917 -0.120555 0.154110
v -0.477390 -0.122061 0.094448
v -0.526917 -0.120555 0.154110
v -0.479557 -0.052697 0.151951
v -1.040365 -0.120090 0.091282
v -1.065171 -0.073937 0.147167
v -1.029219 -0.106017 0.088220
v -0.189508 0.130025 -0.002711
v -0.132316 0.198920 0.058378
v -0.132411 0.205483 -0.002711
v -0.183584 0.130737 0.054467
v -0.132316 0.198920 -0.056408
v -0.189508 0.130025 -0.002711
v -0.132411 0.205483 -0.002711
v -0.183584 0.130737 -0.052497
v -1.065171 -0.073937 -0.156759
v -1.040365 -0.120090 -0.100874
v -1.029219 -0.106017 -0.097812
v -0.477390 -0.122061 -0.098941
v -0.479557 -0.052697 -0.154231
v -0.526917 -0.120555 -0.158603
v -0.640102 0.084458 0.061642
v -0.638849 0.025548 0.109899
v -0.680950 0.080410 0.105745
v -0.533652 0.123272 -0.002812
v -0.468894 0.042852 -0.002812
v -0.469265 0.056990 0.048525
v -0.527299 0.124035 0.058445
v -0.527299 0.124035 -0.056150
v -0.469265 0.056990 -0.046230
v -0.533652 0.123272 -0.002812
v -0.468894 0.042852 -0.002812
v -0.176662 0.125829 -0.103944
v -0.132316 0.198920 -0.056408
v -0.131717 0.166429 -0.131068
v -0.183584 0.130737 -0.052497
v -0.640102 0.084458 -0.064224
v -0.680950 0.080410 -0.108327
v -0.638849 0.025548 -0.117728
v -0.132316 0.198920 0.058378
v -0.176662 0.125829 0.098878
v -0.131717 0.166428 0.126001
v -0.183584 0.130737 0.054467
v -0.527299 0.124035 0.058445
v -0.469791 0.074808 0.065924
v -0.519889 0.118777 0.106023
v -0.469265 0.056990 0.048525
v -0.469791 0.074808 0.065924
v -0.513958 0.084421 0.113380
v -0.469791 0.074808 -0.071167
v -0.527299 0.124035 -0.056150
v -0.519889 0.118777 -0.111266
v -0.469265 0.056990 -0.046230
v -0.513958 0.084421 -0.115962
v -0.470186 0.088757 -0.068713
v 0.478359 -0.460525 -0.128646
v 0.484312 -0.385405 -0.091839
v 0.501047 -0.387318 -0.075688
v 0.478359 -0.460525 0.129053
v 0.484312 -0.385405 0.092247
v 0.501047 -0.387318 0.076095
v -0.470186 0.088757 0.066131
v -0.468854 0.025645 0.107089
v -0.513958 0.084421 0.113380
v -0.288787 -0.316444 0.138041
v -0.216374 -0.301849 0.211293
v -0.244041 -0.233573 0.131530
v -0.216375 -0.301849 -0.210886
v -0.244041 -0.233573 -0.131123
v -0.288787 -0.316444 -0.137635
v -0.470186 0.088757 -0.068713
v -0.513958 0.084421 -0.115962
v -0.468854 0.025645 -0.115293
v -0.023823 0.136622 -0.002812
v 0.037448 0.210432 0.062634
v 0.037347 0.217463 -0.002812
v -0.017475 0.137385 0.058445
v 0.037448 0.210432 -0.060339
v -0.023823 0.136622 -0.002812
v 0.037347 0.217463 -0.002812
v -0.017475 0.137385 -0.056150
v 0.037448 0.210432 0.062634
v -0.010060 0.132128 0.106023
v 0.038091 0.175622 0.135081
v -0.017475 0.137385 0.058445
v -0.298079 -0.318778 0.000203
v -0.244041 -0.233573 0.131530
v -0.243622 -0.228972 0.000203
v -0.288787 -0.316444 0.138041
v -0.288787 -0.316444 -0.137635
v -0.298079 -0.318778 0.000203
v -0.244041 -0.233573 -0.131123
v -0.243622 -0.228972 0.000203
v -0.164546 -0.352319 -0.164610
v -0.143656 -0.286497 -0.107287
v -0.134822 -0.285022 -0.095595
v -0.111118 -0.334008 -0.160381
v -0.128067 -0.284282 -0.069987
v -0.143656 -0.286497 0.107694
v -0.164546 -0.352320 0.165017
v -0.134822 -0.285022 0.096002
v -0.111119 -0.334008 0.160788
v -0.128067 -0.284282 0.070394
v -0.370034 0.128560 -0.002964
v -0.298814 0.040098 -0.002964
v -0.299211 0.055651 0.053506
v -0.363054 0.129400 0.064418
v -0.363054 0.129400 -0.061635
v -0.299211 0.055651 -0.050723
v -0.370034 0.128560 -0.002964
v -0.298814 0.040098 -0.002964
v 0.530651 -0.436822 -0.116001
v 0.501047 -0.387318 -0.075688
v 0.507519 -0.384480 -0.052395
v 0.507519 -0.384480 0.052803
v 0.530651 -0.436822 0.116408
v 0.501047 -0.387318 0.076095
v -0.010060 0.132128 -0.111266
v 0.037448 0.210432 -0.060339
v 0.038092 0.175623 -0.140324
v -0.017475 0.137385 -0.056150
v -0.363054 0.129400 0.064418
v -0.299794 0.075250 0.072645
v -0.354899 0.123616 0.116754
v -0.299211 0.055651 0.053506
v -0.299794 0.075250 0.072645
v -0.348378 0.085825 0.124847
v -0.299794 0.075250 -0.078155
v -0.363054 0.129400 -0.061635
v -0.354899 0.123616 -0.122264
v -0.299211 0.055651 -0.050723
v -0.348378 0.085825 -0.127429
v -0.300236 0.090595 -0.075455
v -0.300236 0.090595 0.072873
v -0.298758 0.021171 0.103470
v -0.348378 0.085825 0.124847
v -0.300236 0.090595 -0.075455
v -0.348378 0.085825 -0.127429
v -0.298758 0.021171 -0.112236
v 0.207187 0.223102 0.069027
v 0.154928 0.136966 0.116754
v 0.207895 0.184811 0.148718
v 0.146771 0.142750 0.064418
v 0.154928 0.136966 -0.122264
v 0.207188 0.223102 -0.066244
v 0.207895 0.184811 -0.154228
v 0.146771 0.142750 -0.061635
v 0.139789 0.141910 -0.002964
v 0.207187 0.223102 0.069027
v 0.207076 0.230835 -0.002964
v 0.146771 0.142750 0.064418
v 0.207188 0.223102 -0.066244
v 0.139789 0.141910 -0.002964
v 0.207076 0.230835 -0.002964
v 0.146771 0.142750 -0.061635
v -0.183584 0.130737 -0.052497
v -0.129413 0.068156 -0.043238
v -0.189508 0.130025 -0.002711
v -0.129069 0.054959 -0.002711
v -0.189508 0.130025 -0.002711
v -0.129069 0.054959 -0.002711
v -0.129413 0.068156 0.045208
v -0.183584 0.130737 0.054467
v -0.183584 0.130737 0.054467
v -0.129904 0.084787 0.061449
v -0.176662 0.125829 0.098878
v -0.129413 0.068156 0.045208
v -0.129904 0.084787 0.061449
v -0.171128 0.093760 0.105745
v -0.129904 0.084787 -0.066515
v -0.183584 0.130737 -0.052497
v -0.176662 0.125829 -0.103944
v -0.129413 0.068156 -0.043238
v -0.171128 0.093760 -0.108327
v -0.130276 0.097808 -0.064224
v -0.130276 0.097808 0.061642
v -0.129027 0.038899 0.106912
v -0.171128 0.093760 0.105745
v -0.130276 0.097808 -0.064224
v -0.171128 0.093760 -0.108327
v -0.129027 0.038899 -0.114741
v -0.134822 -0.285022 -0.095595
v -0.133896 -0.229568 -0.154864
v -0.128067 -0.284282 -0.069987
v -0.133897 -0.229568 0.155271
v -0.128067 -0.284282 0.070394
v -0.134822 -0.285022 0.096002
v 0.320317 0.143375 -0.002711
v 0.377509 0.212271 0.058378
v 0.377414 0.218833 -0.002711
v 0.326241 0.144087 0.054467
v 0.377509 0.212271 -0.056408
v 0.320317 0.143375 -0.002711
v 0.377414 0.218833 -0.002711
v 0.326241 0.144087 -0.052497
v 0.692225 -0.541401 0.160788
v 0.699307 -0.595130 0.220796
v 0.629317 -0.603167 0.125013
v 0.692225 -0.541401 -0.160381
v 0.699307 -0.595130 -0.220389
v 0.629317 -0.603167 -0.124606
v -0.017475 0.137385 -0.056150
v 0.040560 0.070341 -0.046230
v -0.023823 0.136622 -0.002812
v 0.040927 0.056202 -0.002812
v -0.023823 0.136622 -0.002812
v 0.040927 0.056202 -0.002812
v 0.040559 0.070341 0.048525
v -0.017475 0.137385 0.058445
v 0.333163 0.139180 -0.103944
v 0.377509 0.212271 -0.056408
v 0.378109 0.179779 -0.131068
v 0.326241 0.144087 -0.052497
v 0.377509 0.212271 0.058378
v 0.333163 0.139180 0.098878
v 0.378109 0.179778 0.126001
v 0.326241 0.144087 0.054467
v 0.039635 0.102107 0.066131
v 0.040972 0.038996 0.107961
v -0.004131 0.097771 0.113380
v -0.017475 0.137385 0.058445
v 0.040033 0.088158 0.065924
v -0.010060 0.132128 0.106023
v 0.040559 0.070341 0.048525
v 0.040033 0.088158 0.065924
v -0.004131 0.097771 0.113380
v 0.039635 0.102107 -0.068713
v -0.004131 0.097771 -0.115962
v 0.040972 0.038997 -0.116164
v 0.040033 0.088158 -0.071167
v -0.017475 0.137385 -0.056150
v -0.010060 0.132128 -0.111266
v 0.040560 0.070341 -0.046230
v -0.004131 0.097771 -0.115962
v 0.039635 0.102107 -0.068713
v 0.547274 0.223782 0.062634
v 0.499765 0.145478 0.106023
v 0.547916 0.188973 0.135081
v 0.492350 0.150736 0.058445
v 0.486003 0.149972 -0.002812
v 0.547274 0.223782 0.062634
v 0.547173 0.230813 -0.002812
v 0.492350 0.150736 0.058445
v 0.547274 0.223782 -0.060339
v 0.486003 0.149972 -0.002812
v 0.547173 0.230813 -0.002812
v 0.492350 0.150736 -0.056150
v 0.209592 0.103945 0.072873
v 0.211064 0.034522 0.106902
v 0.161449 0.099174 0.124847
v 0.209592 0.103945 -0.075455
v 0.161450 0.099175 -0.127429
v 0.211064 0.034523 -0.115668
v 0.146771 0.142750 -0.061635
v 0.210609 0.069002 -0.050723
v 0.139789 0.141910 -0.002964
v 0.211014 0.053449 -0.002964
v 0.139789 0.141910 -0.002964
v 0.211014 0.053449 -0.002964
v 0.210609 0.069002 0.053506
v 0.146771 0.142750 0.064418
v 0.499765 0.145478 -0.111266
v 0.547274 0.223782 -0.060339
v 0.547916 0.188973 -0.140324
v 0.492350 0.150736 -0.056150
v 0.146771 0.142750 0.064418
v 0.210030 0.088600 0.072645
v 0.154928 0.136966 0.116754
v 0.210609 0.069002 0.053506
v 0.210030 0.088600 0.072645
v 0.161449 0.099174 0.124847
v 0.210030 0.088600 -0.078155
v 0.146771 0.142750 -0.061635
v 0.154928 0.136966 -0.122264
v 0.210609 0.069002 -0.050723
v 0.161450 0.099175 -0.127429
v 0.209592 0.103945 -0.075455
v 0.379549 0.111158 -0.064224
v 0.338697 0.107111 -0.108327
v 0.380798 0.052249 -0.115529
v 0.379549 0.111158 0.061642
v 0.380798 0.052249 0.107700
v 0.338697 0.107111 0.105745
v 0.467927 -0.520611 -0.127026
v 0.460175 -0.603224 -0.152736
v 0.429573 -0.619411 -0.099399
v 0.447276 -0.521985 -0.091534
v 0.576312 -0.548497 0.077797
v 0.552220 -0.499830 0.122513
v 0.582268 -0.544793 0.053664
v 0.326241 0.144087 -0.052497
v 0.380412 0.081507 -0.043238
v 0.320317 0.143375 -0.002711
v 0.380755 0.068309 -0.002711
v 0.320317 0.143375 -0.002711
v 0.380755 0.068309 -0.002711
v 0.380412 0.081507 0.045208
v 0.326241 0.144087 0.054467
v 0.631323 -0.344803 -0.128434
v 0.580052 -0.405726 -0.123614
v 0.647572 -0.389384 -0.069606
v 0.496995 -0.330865 -0.120136
v 0.501047 -0.387318 -0.075688
v 0.507519 -0.384480 -0.052395
v 0.631323 -0.344803 0.128841
v 0.647572 -0.389384 0.070013
v 0.580052 -0.405726 0.124021
v 0.467927 -0.520611 0.121027
v 0.460175 -0.603224 0.145660
v 0.429573 -0.619412 0.084960
v 0.447276 -0.521985 0.078993
v 0.496995 -0.330865 0.120543
v 0.501047 -0.387318 0.076095
v 0.507519 -0.384480 0.052803
v 0.326241 0.144087 0.054467
v 0.379921 0.098138 0.061449
v 0.333163 0.139180 0.098878
v 0.380412 0.081507 0.045208
v 0.379921 0.098138 0.061449
v 0.338697 0.107111 0.105745
v 0.379921 0.098138 -0.066515
v 0.326241 0.144087 -0.052497
v 0.333163 0.139180 -0.103944
v 0.380412 0.081507 -0.043238
v 0.338697 0.107111 -0.108327
v 0.379549 0.111158 -0.064224
v 0.576312 -0.548497 -0.077389
v 0.552220 -0.499830 -0.122106
v 0.582268 -0.544793 -0.053256
v 0.382598 -0.334644 -0.116566
v 0.337954 -0.433712 -0.125361
v 0.380248 -0.342672 0.000204
v 0.335744 -0.441878 0.000204
v 0.380248 -0.342672 0.000204
v 0.335744 -0.441878 0.000204
v 0.337954 -0.433712 0.125769
v 0.382598 -0.334644 0.116974
v 1.203239 -0.182812 -0.134153
v 1.260042 -0.118279 -0.159074
v 1.229479 -0.177701 -0.197327
v 1.254524 -0.112464 -0.125347
v 0.549460 0.115458 -0.068713
v 0.505695 0.111121 -0.115962
v 0.550798 0.052347 -0.116956
v 0.549460 0.115458 0.066131
v 0.550798 0.052347 0.108753
v 0.505695 0.111121 0.113380
v 1.203239 -0.182812 0.124345
v 1.260042 -0.118279 0.149265
v 1.254524 -0.112464 0.115538
v 1.229479 -0.177701 0.187518
v 0.439211 -0.527966 0.014166
v 0.421664 -0.625506 0.014166
v 0.429573 -0.619412 0.084960
v 0.447276 -0.521985 0.078993
v 0.447276 -0.521985 -0.091534
v 0.429573 -0.619411 -0.099399
v 0.439211 -0.527966 0.014166
v 0.421664 -0.625506 0.014166
v 0.492350 0.150736 -0.056150
v 0.550384 0.083691 -0.046230
v 0.486003 0.149972 -0.002812
v 0.550752 0.069553 -0.002812
v 0.486003 0.149972 -0.002812
v 0.550752 0.069553 -0.002812
v 0.550384 0.083691 0.048525
v 0.492350 0.150736 0.058445
v 0.896325 0.131672 0.000204
v 0.930683 0.132571 0.034706
v 0.908581 0.161506 0.000204
v 0.930683 0.132571 -0.034298
v 0.908581 0.161506 0.000204
v 0.896325 0.131672 0.000204
v 0.492350 0.150736 0.058445
v 0.549858 0.101508 0.065924
v 0.499765 0.145478 0.106023
v 0.550384 0.083691 0.048525
v 0.549858 0.101508 0.065924
v 0.505695 0.111121 0.113380
v 0.549858 0.101508 -0.071167
v 0.492350 0.150736 -0.056150
v 0.499765 0.145478 -0.111266
v 0.550384 0.083691 -0.046230
v 0.505695 0.111121 -0.115962
v 0.549460 0.115458 -0.068713
v 0.746859 -0.527088 -0.164610
v 0.721164 -0.591187 -0.097092
v 0.788142 -0.504808 -0.117355
v 0.721164 -0.591187 0.097499
v 0.746859 -0.527088 0.165017
v 0.788142 -0.504809 0.117761
v 0.653658 -0.388588 0.090241
v 0.679219 -0.327254 0.137722
v 0.711478 -0.304046 0.113380
v 0.658655 -0.387446 -0.097625
v 0.711478 -0.304046 -0.112973
v 0.679219 -0.327255 -0.137315
v 0.723413 -0.301166 0.000203
v 0.658655 -0.387446 0.098032
v 0.711478 -0.304046 0.113380
v 0.665850 -0.385804 0.000203
v 0.658655 -0.387446 -0.097625
v 0.723413 -0.301166 0.000203
v 0.711478 -0.304046 -0.112973
v 0.665850 -0.385804 0.000203
v 1.002679 -0.200891 -0.093883
v 0.947341 -0.255327 -0.071077
v 1.000863 -0.185772 -0.059602
v 0.947341 -0.255327 0.061485
v 1.002679 -0.200890 0.084291
v 1.000863 -0.185772 0.050010
v 0.952351 -0.186317 0.136110
v 1.000426 -0.183080 0.081452
v 1.002679 -0.200890 0.084291
v 0.954208 -0.245888 0.130678
v 0.954208 -0.245888 -0.140270
v 1.002679 -0.200891 -0.093883
v 0.952351 -0.186317 -0.145702
v 1.000426 -0.183080 -0.091044
v 1.000426 -0.183080 0.081452
v 0.952351 -0.186317 0.136110
v 0.991750 -0.116165 0.133217
v 1.000426 -0.183080 -0.091044
v 0.991750 -0.116164 -0.136978
v 0.952351 -0.186317 -0.145702
v 0.940351 -0.255683 -0.000215
v 1.000863 -0.185772 0.050010
v 0.999370 -0.173784 -0.000215
v 0.947341 -0.255327 0.061485
v 0.947341 -0.255327 -0.071077
v 0.940351 -0.255683 -0.000215
v 1.000863 -0.185772 -0.059602
v 0.999370 -0.173784 -0.000215
v 0.797643 -0.502991 0.000203
v 0.721164 -0.591187 0.097499
v 0.788142 -0.504809 0.117761
v 0.725311 -0.590235 0.000203
v 0.721164 -0.591187 -0.097092
v 0.797643 -0.502991 0.000203
v 0.788142 -0.504808 -0.117355
v 0.725311 -0.590235 0.000203
v 1.420502 0.082028 0.000204
v 1.460762 0.109192 0.026417
v 1.434559 0.108506 0.000204
v 1.460762 0.109192 -0.026009
v 1.420502 0.082028 0.000204
v 1.434559 0.108506 0.000204
v 1.184212 -0.185074 0.000308
v 1.254524 -0.112464 0.115538
v 1.241332 -0.106742 0.000308
v 1.203239 -0.182812 0.124345
v 1.203239 -0.182812 -0.134153
v 1.184212 -0.185074 0.000308
v 1.254524 -0.112464 -0.125347
v 1.241332 -0.106742 0.000308
v 1.521794 -0.474737 -0.097895
v 1.479095 -0.430702 -0.166101
v 1.529846 -0.455323 -0.098192
v 1.521794 -0.474737 0.099138
v 1.479095 -0.430702 0.163518
v 1.529846 -0.455323 0.095610
v 1.446396 -0.492335 -0.155527
v 1.475451 -0.587919 -0.093167
v 1.433936 -0.497944 -0.087146
v 1.488533 -0.555654 -0.197291
v 1.475451 -0.587919 0.083575
v 1.446396 -0.492335 0.156770
v 1.433936 -0.497944 0.077554
v 1.488533 -0.555653 0.198533
v 1.354411 -0.365715 -0.150901
v 1.327531 -0.446709 -0.081505
v 1.342954 -0.363481 -0.076279
v 1.352569 -0.430658 -0.187153
v 1.327531 -0.446709 0.071913
v 1.354411 -0.365715 0.141309
v 1.342954 -0.363481 0.066686
v 1.352569 -0.430658 0.177561
v 1.475451 -0.587919 -0.093167
v 1.472842 -0.594448 0.000895
v 1.433936 -0.497944 -0.087146
v 1.426623 -0.494248 0.000895
v 1.472842 -0.594448 0.000895
v 1.433936 -0.497944 0.077554
v 1.426623 -0.494248 0.000895
v 1.475451 -0.587919 0.083575
v 1.327531 -0.446709 -0.081505
v 1.322491 -0.449977 0.000144
v 1.342954 -0.363481 -0.076279
v 1.339677 -0.357297 0.000144
v 1.322491 -0.449977 0.000144
v 1.342954 -0.363481 0.066686
v 1.339677 -0.357297 0.000144
v 1.327531 -0.446709 0.071913
v 1.415677 -0.390628 0.091282
v 1.459863 -0.419376 0.149034
v 1.430868 -0.381058 0.088220
v 1.459863 -0.419376 -0.158626
v 1.415677 -0.390628 -0.100874
v 1.430868 -0.381058 -0.097812
v -1.805842 -0.210814 0.000204
v -1.845667 -0.169109 0.031550
v -1.845608 -0.175982 0.000204
v -1.805991 -0.203986 0.034606
v -1.845667 -0.169109 -0.031141
v -1.805842 -0.210814 0.000204
v -1.845608 -0.175982 0.000204
v -1.805991 -0.203986 -0.034197
v -1.724752 -0.210529 0.000204
v -1.759492 -0.172756 0.029504
v -1.759474 -0.178417 0.000204
v -1.724828 -0.204570 0.034080
v -1.759492 -0.172756 -0.029096
v -1.724752 -0.210529 0.000204
v -1.759474 -0.178417 0.000204
v -1.724828 -0.204570 -0.033672
v 1.488533 -0.555653 0.198533
v 1.475451 -0.587919 0.083575
v 1.562944 -0.540168 0.158638
v 1.568181 -0.553842 0.078255
v 1.488533 -0.555654 -0.197291
v 1.562944 -0.540168 -0.157395
v 1.475451 -0.587919 -0.093167
v 1.568181 -0.553842 -0.087847
v -1.635375 -0.208085 0.000204
v -1.680689 -0.160029 0.042234
v -1.680578 -0.167315 0.000204
v -1.635576 -0.200417 0.050483
v -1.680689 -0.160029 -0.041826
v -1.635375 -0.208085 0.000204
v -1.680578 -0.167315 0.000204
v -1.635576 -0.200417 -0.050075
v -1.539621 -0.211569 0.000204
v -1.575993 -0.172259 0.029061
v -1.575902 -0.178384 0.000204
v -1.539788 -0.205191 0.032261
v -1.575993 -0.172259 -0.028653
v -1.539621 -0.211569 0.000204
v -1.575902 -0.178384 0.000204
v -1.539788 -0.205191 -0.031853
v 1.568181 -0.553842 -0.087847
v 1.472842 -0.594448 0.000895
v 1.475451 -0.587919 -0.093167
v 1.576004 -0.556736 0.000895
v 1.472842 -0.594448 0.000895
v 1.568181 -0.553842 0.078255
v 1.475451 -0.587919 0.083575
v 1.576004 -0.556736 0.000895
v -1.445574 -0.203361 0.000204
v -1.487159 -0.159406 0.030208
v -1.487055 -0.166047 0.000204
v -1.445757 -0.196357 0.035324
v -1.487159 -0.159406 -0.029800
v -1.445574 -0.203361 0.000204
v -1.487055 -0.166047 0.000204
v -1.445757 -0.196357 -0.034916
v 1.334690 -0.214890 0.162732
v 1.324818 -0.166465 0.098561
v 1.393729 -0.158255 0.158511
v -0.893021 -0.265378 0.083575
v -0.958626 -0.190034 0.156770
v -0.967702 -0.200248 0.077554
v -0.894282 -0.230584 0.198533
v -0.893021 -0.265378 -0.093167
v -0.958626 -0.190034 -0.155527
v -0.894282 -0.230584 -0.197291
v -0.967702 -0.200248 -0.087146
v -0.893021 -0.265378 -0.093167
v -0.892737 -0.272403 0.000895
v -0.967702 -0.200248 -0.087146
v -0.975884 -0.199865 0.000895
v -0.892737 -0.272403 0.000895
v -0.967702 -0.200248 0.077554
v -0.975884 -0.199865 0.000895
v -0.893021 -0.265378 0.083575
v 0.868116 -0.572045 0.124968
v 0.762415 -0.645985 0.162851
v 0.794817 -0.581250 0.211293
v 0.762415 -0.645985 0.162851
v 0.699307 -0.595130 0.220796
v 0.707226 -0.647240 0.155271
v 0.699307 -0.595130 0.220796
v 0.629317 -0.603167 0.125013
v 0.868116 -0.572044 -0.124562
v 0.762415 -0.645985 -0.162444
v 0.794817 -0.581250 -0.210886
v 0.699307 -0.595130 -0.220389
v 0.762415 -0.645985 -0.162444
v 0.707226 -0.647240 -0.154864
v 0.629317 -0.603167 -0.124606
v 0.699307 -0.595130 -0.220389
v 0.762415 -0.645985 -0.162444
v 0.712245 -0.592005 -0.095595
v 0.707226 -0.647240 -0.154864
v 0.707226 -0.647240 0.155271
v 0.712245 -0.592005 0.096002
v 0.762415 -0.645985 0.162851
v -0.757716 -0.245831 -0.137385
v -0.757281 -0.259795 -0.001118
v -0.805555 -0.204115 -0.128348
v -0.810545 -0.213332 -0.001118
v -0.757281 -0.259795 -0.001118
v -0.805555 -0.204115 0.132145
v -0.810545 -0.213332 -0.001118
v -0.757716 -0.245831 0.141182
v -0.620974 -0.263611 -0.078561
v -0.676165 -0.184838 -0.155292
v -0.622440 -0.218700 -0.192642
v -0.683329 -0.209221 -0.073532
v -0.620974 -0.263611 0.069035
v -0.676165 -0.184838 0.145766
v -0.683329 -0.209221 0.064006
v -0.622430 -0.218699 0.183116
v 1.334690 -0.214890 -0.167226
v 1.393729 -0.158255 -0.160697
v 1.324818 -0.166465 -0.103055
v 1.305802 -0.168609 -0.106286
v 1.334690 -0.214890 -0.167226
v 1.273196 -0.228178 -0.160785
v -0.620974 -0.263611 -0.078561
v -0.620407 -0.281815 -0.000010
v -0.683329 -0.209221 -0.073532
v -0.689847 -0.221240 -0.000010
v -0.620407 -0.281815 -0.000010
v -0.683329 -0.209221 0.064006
v -0.689847 -0.221240 -0.000010
v -0.620974 -0.263611 0.069035
v -0.872879 0.116049 0.064418
v -0.809620 0.061900 0.072645
v -0.864725 0.110266 0.116754
v 0.460175 -0.603224 -0.152736
v 0.518718 -0.658179 -0.122577
v 0.429573 -0.619411 -0.099399
v 0.460175 -0.603224 0.145660
v 0.518718 -0.658179 0.102543
v 0.537259 -0.641014 0.133384
v 0.429573 -0.619412 0.084960
v -0.809620 0.061900 -0.078155
v -0.872879 0.116049 -0.061635
v -0.864725 0.110266 -0.122264
v -0.472918 -0.264593 -0.128771
v -0.472326 -0.283746 0.000204
v -0.538528 -0.207372 -0.120323
v -0.545379 -0.220016 0.000204
v -0.472326 -0.283746 0.000204
v -0.538528 -0.207372 0.110732
v -0.545379 -0.220016 0.000204
v -0.472918 -0.264593 0.119179
v 0.597873 0.147330 0.107323
v 0.549858 0.101508 0.065924
v 0.605577 0.153616 0.058932
v 0.549858 0.101508 -0.071167
v 0.597873 0.147331 -0.112566
v 0.605577 0.153616 -0.056637
v 1.334690 -0.214890 0.162732
v 1.305802 -0.168609 0.096477
v 1.324818 -0.166465 0.098561
v 1.273196 -0.228178 0.150976
v -0.693412 0.117387 0.054467
v -0.639731 0.071437 0.061449
v -0.686491 0.112479 0.098878
v -0.639731 0.071437 -0.066515
v -0.693412 0.117387 -0.052497
v -0.686491 0.112479 -0.103944
v 0.576312 -0.548497 0.077797
v 0.612404 -0.592932 0.122464
v 0.582268 -0.544793 0.053664
v -0.213410 -0.380103 0.000203
v -0.288787 -0.316444 0.138041
v -0.298079 -0.318778 0.000203
v -0.204070 -0.377589 0.130079
v -0.213410 -0.380103 0.000203
v -0.288787 -0.316444 -0.137635
v -0.204070 -0.377589 -0.129672
v -0.298079 -0.318778 0.000203
v 1.412105 -0.456558 -0.152522
v 1.352569 -0.430658 -0.187153
v 1.327531 -0.446709 -0.081505
v 1.409015 -0.468678 -0.076887
v 1.412105 -0.456558 0.142930
v 1.352569 -0.430658 0.177561
v 1.327531 -0.446709 0.071913
v 1.409015 -0.468678 0.067295
v 0.429573 -0.619411 -0.099399
v 0.523117 -0.663713 0.014166
v 0.421664 -0.625506 0.014166
v 0.518718 -0.658179 -0.122577
v 0.523117 -0.663713 0.014166
v 0.429573 -0.619412 0.084960
v 0.421664 -0.625506 0.014166
v 0.518718 -0.658179 0.102543
v -0.122150 -0.280950 0.220796
v -0.164546 -0.352320 0.165017
v -0.111119 -0.334008 0.160788
v -0.216374 -0.301849 0.211293
v -0.204070 -0.377589 0.130079
v -0.288787 -0.316444 0.138041
v -0.164546 -0.352320 0.165017
v -0.122150 -0.280949 -0.220389
v -0.164546 -0.352319 -0.164610
v -0.216375 -0.301849 -0.210886
v -0.111118 -0.334008 -0.160381
v -0.204070 -0.377589 -0.129672
v -0.164546 -0.352319 -0.164610
v -0.288787 -0.316444 -0.137635
v -0.995058 0.167147 0.038659
v -1.047669 0.166115 0.000204
v -1.021771 0.149711 0.000204
v -1.021771 0.149711 0.000204
v -0.995058 0.167147 -0.038251
v -1.047669 0.166115 0.000204
v 0.424739 0.140908 0.100091
v 0.379921 0.098138 0.061449
v 0.431929 0.146776 0.054923
v 0.379921 0.098138 -0.066515
v 0.424739 0.140908 -0.105157
v 0.431929 0.146776 -0.052952
v 0.576312 -0.548497 -0.077389
v 0.612404 -0.592932 -0.122056
v 0.582268 -0.544793 -0.053256
v -0.527299 0.124035 0.058445
v -0.469791 0.074808 0.065924
v -0.519889 0.118777 0.106023
v -0.469791 0.074808 -0.071167
v -0.527299 0.124035 -0.056150
v -0.519889 0.118777 -0.111266
v 0.705453 -0.592244 -0.069987
v 0.629317 -0.603167 -0.124606
v 0.707226 -0.647240 -0.154864
v 0.705453 -0.592244 0.070394
v 0.707226 -0.647240 0.155271
v 0.629317 -0.603167 0.125013
v 0.262846 0.139004 0.118184
v 0.210030 0.088600 0.072645
v 0.271319 0.145918 0.064955
v 0.210030 0.088600 -0.078155
v 0.262846 0.139004 -0.123693
v 0.271320 0.145918 -0.062172
v 1.466301 0.122069 0.059709
v 1.486967 0.109879 0.000204
v 1.522433 0.114584 0.000204
v 1.460762 0.109192 0.026417
v 1.486967 0.109879 0.000204
v 1.460762 0.109192 -0.026009
v 1.466301 0.122069 -0.059301
v 1.522433 0.114584 0.000204
v 0.337954 -0.433712 -0.125361
v 0.433416 -0.486299 -0.115408
v 0.335744 -0.441878 0.000204
v 0.431427 -0.494569 0.000204
v 0.335744 -0.441878 0.000204
v 0.431427 -0.494569 0.000204
v 0.433416 -0.486299 0.115815
v 0.337954 -0.433712 0.125769
v 0.653876 -0.438680 0.125250
v 0.642293 -0.392505 0.167894
v 0.580052 -0.405726 0.124021
v 0.653876 -0.438680 -0.124844
v 0.580052 -0.405726 -0.123614
v 0.642292 -0.392505 -0.167487
v -0.134822 -0.285022 -0.095595
v -0.164546 -0.352319 -0.164610
v -0.111118 -0.334008 -0.160381
v -0.128067 -0.284282 -0.069987
v -0.052945 -0.267764 -0.124606
v 0.935295 0.178943 0.045984
v 0.954593 0.161599 0.000204
v 0.980860 0.166106 0.000204
v 0.931587 0.161552 0.023210
v -0.134822 -0.285022 0.096002
v -0.164546 -0.352320 0.165017
v -0.111119 -0.334008 0.160788
v -0.128067 -0.284282 0.070394
v -0.052946 -0.267764 0.125013
v 0.935295 0.178943 -0.045576
v 0.954593 0.161599 0.000204
v 0.931587 0.161552 -0.022802
v 0.980860 0.166106 0.000204
v 0.762415 -0.645985 0.162851
v 0.721164 -0.591187 0.097499
v 0.817370 -0.651384 0.119074
v 0.712245 -0.592005 0.096002
v 0.712245 -0.592005 -0.095595
v 0.762415 -0.645985 -0.162444
v 0.721164 -0.591187 -0.097092
v 0.817370 -0.651384 -0.118668
v -0.363054 0.129400 0.064418
v -0.299794 0.075250 0.072645
v -0.354899 0.123616 0.116754
v -0.299794 0.075250 -0.078155
v -0.363054 0.129400 -0.061635
v -0.354899 0.123616 -0.122264
v -1.020723 -0.195920 -0.076887
v -1.108542 -0.207028 0.000144
v -1.104876 -0.202272 -0.081505
v -1.014971 -0.200125 0.000144
v -1.108542 -0.207028 0.000144
v -1.020723 -0.195920 0.067295
v -1.104876 -0.202272 0.071913
v -1.014971 -0.200125 0.000144
v 0.703390 -0.432824 0.136232
v 0.653658 -0.388588 0.090241
v 0.750311 -0.433332 0.118121
v 0.088048 0.133981 0.107323
v 0.040033 0.088158 0.065924
v 0.095751 0.140265 0.058932
v 0.040033 0.088158 -0.071167
v 0.088048 0.133981 -0.112566
v 0.095751 0.140265 -0.056637
v 0.773780 0.234734 0.038659
v 0.793078 0.217390 0.000204
v 0.819344 0.221897 0.000204
v 0.770072 0.217343 0.019529
v 0.793078 0.217390 0.000204
v 0.770072 0.217343 -0.019121
v 0.773780 0.234734 -0.038251
v 0.819344 0.221897 0.000204
v 0.750312 -0.433331 -0.117714
v 0.658655 -0.387446 -0.097625
v 0.703390 -0.432824 -0.135825
v 1.409015 -0.468678 -0.076887
v 1.322491 -0.449977 0.000144
v 1.327531 -0.446709 -0.081505
v 1.413043 -0.474554 0.000144
v 1.322491 -0.449977 0.000144
v 1.409015 -0.468678 0.067295
v 1.327531 -0.446709 0.071913
v 1.413043 -0.474554 0.000144
v 0.816605 -0.655941 0.000203
v 0.721164 -0.591187 0.097499
v 0.725311 -0.590235 0.000203
v 0.817370 -0.651384 0.119074
v 0.817370 -0.651384 -0.118668
v 0.816605 -0.655941 0.000203
v 0.721164 -0.591187 -0.097092
v 0.725311 -0.590235 0.000203
v 0.647572 -0.389384 -0.069606
v 0.580052 -0.405726 -0.123614
v 0.653876 -0.438680 -0.124844
v 0.647572 -0.389384 0.070013
v 0.653876 -0.438680 0.125250
v 0.580052 -0.405726 0.124021
v -0.183584 0.130737 0.054467
v -0.129904 0.084787 0.061449
v -0.176662 0.125829 0.098878
v -0.129904 0.084787 -0.066515
v -0.183584 0.130737 -0.052497
v -0.176662 0.125829 -0.103944
v -1.086593 -0.178814 -0.187153
v -1.021829 -0.183461 -0.152522
v -1.104876 -0.202272 -0.081505
v -1.020723 -0.195920 -0.076887
v 0.753563 -0.437061 0.000203
v 0.658655 -0.387446 0.098032
v 0.665850 -0.385804 0.000203
v 0.750311 -0.433332 0.118121
v 0.750312 -0.433331 -0.117714
v 0.753563 -0.437061 0.000203
v 0.658655 -0.387446 -0.097625
v 0.665850 -0.385804 0.000203
v -1.086593 -0.178814 0.177561
v -1.104876 -0.202272 0.071913
v -1.021829 -0.183461 0.142930
v -1.020723 -0.195920 0.067295
v -0.410814 -0.203953 -0.121307
v -0.472326 -0.283746 0.000204
v -0.472918 -0.264593 -0.128771
v -0.403164 -0.216443 0.000204
v -0.472326 -0.283746 0.000204
v -0.410814 -0.203953 0.111715
v -0.472918 -0.264593 0.119179
v -0.403164 -0.216443 0.000204
v -0.085086 0.127558 0.100091
v -0.129904 0.084787 0.061449
v -0.077896 0.133425 0.054923
v -0.129904 0.084787 -0.066515
v -0.085086 0.127558 -0.105157
v -0.077896 0.133425 -0.052952
v 1.273196 -0.228178 -0.160785
v 1.229479 -0.177701 -0.197327
v 1.203239 -0.182812 -0.134153
v 1.269061 -0.239394 -0.126372
v -0.017475 0.137385 0.058445
v 0.040033 0.088158 0.065924
v -0.010060 0.132128 0.106023
v 0.040033 0.088158 -0.071167
v -0.017475 0.137385 -0.056150
v -0.010060 0.132128 -0.111266
v -0.620407 -0.281815 -0.000010
v -0.561943 -0.205973 0.064591
v -0.620974 -0.263611 0.069035
v -0.554669 -0.217844 -0.000010
v -0.561943 -0.205973 -0.074117
v -0.620407 -0.281815 -0.000010
v -0.620974 -0.263611 -0.078561
v -0.554669 -0.217844 -0.000010
v -0.571017 -0.181486 -0.156963
v -0.622440 -0.218700 -0.192642
v -0.620974 -0.263611 -0.078561
v -0.561943 -0.205973 -0.074117
v -0.571017 -0.181486 0.147436
v -0.622430 -0.218699 0.183116
v -0.620974 -0.263611 0.069035
v -0.561943 -0.205973 0.064591
v -0.246976 0.125654 0.118184
v -0.299794 0.075250 0.072645
v -0.238504 0.132568 0.064955
v -0.299794 0.075250 -0.078155
v -0.246976 0.125654 -0.123693
v -0.238504 0.132568 -0.062172
v 0.146771 0.142750 0.064418
v 0.210030 0.088600 0.072645
v 0.154928 0.136966 0.116754
v 0.210030 0.088600 -0.078155
v 0.146771 0.142750 -0.061635
v 0.154928 0.136966 -0.122264
v -0.712438 -0.201623 -0.129400
v -0.757281 -0.259795 -0.001118
v -0.757716 -0.245831 -0.137385
v -0.706868 -0.210728 -0.001118
v -0.757281 -0.259795 -0.001118
v -0.712438 -0.201623 0.133197
v -0.757716 -0.245831 0.141182
v -0.706868 -0.210728 -0.001118
v -0.421774 0.120629 0.107323
v -0.469791 0.074808 0.065924
v -0.414076 0.126915 0.058932
v -0.469791 0.074808 -0.071167
v -0.421774 0.120629 -0.112566
v -0.414076 0.126915 -0.056637
v -0.832708 -0.186021 -0.157395
v -0.894282 -0.230584 -0.197291
v -0.893021 -0.265378 -0.093167
v -0.822334 -0.196357 -0.087847
v -0.832708 -0.186021 0.158638
v -0.894282 -0.230584 0.198533
v -0.893021 -0.265378 0.083575
v -0.822334 -0.196357 0.078255
v -0.822334 -0.196357 -0.087847
v -0.892737 -0.272403 0.000895
v -0.893021 -0.265378 -0.093167
v -0.814015 -0.195800 0.000895
v -0.892737 -0.272403 0.000895
v -0.822334 -0.196357 0.078255
v -0.893021 -0.265378 0.083575
v -0.814015 -0.195800 0.000895
v -0.995058 0.167147 0.038659
v -0.975758 0.149804 0.000204
v -0.949497 0.154311 0.000204
v -0.998764 0.149757 0.019529
v -0.975758 0.149804 0.000204
v -0.998764 0.149757 -0.019121
v -0.995058 0.167147 -0.038251
v -0.949497 0.154311 0.000204
v 1.086514 0.162320 0.051705
v 1.098835 0.149152 0.000204
v 1.133845 0.138072 0.000204
v 1.074279 0.154644 0.025367
v 1.098835 0.149152 0.000204
v 1.074279 0.154644 -0.024959
v 1.086514 0.162320 -0.051297
v 1.133845 0.138072 0.000204
v 1.016254 -0.304478 -0.075924
v 1.017086 -0.310427 -0.000215
v 0.947341 -0.255327 -0.071077
v 0.940351 -0.255683 -0.000215
v 1.017086 -0.310427 -0.000215
v 0.947341 -0.255327 0.061485
v 0.940351 -0.255683 -0.000215
v 1.016254 -0.304478 0.066332
v 0.326241 0.144087 0.054467
v 0.379921 0.098138 0.061449
v 0.333163 0.139180 0.098878
v 0.379921 0.098138 -0.066515
v 0.326241 0.144087 -0.052497
v 0.333163 0.139180 -0.103944
v 0.954208 -0.245888 -0.140270
v 1.016254 -0.304478 -0.075924
v 0.947341 -0.255327 -0.071077
v 1.012288 -0.275004 -0.173884
v -0.639731 0.071437 -0.066515
v -0.594915 0.114208 -0.105157
v -0.587716 0.120075 -0.052952
v -0.594915 0.114208 0.100091
v -0.639731 0.071437 0.061449
v -0.587716 0.120075 0.054923
v 1.016254 -0.304478 0.066332
v 0.954208 -0.245888 0.130678
v 0.947341 -0.255327 0.061485
v 1.012288 -0.275004 0.164292
v 1.257286 -0.248105 0.000308
v 1.203239 -0.182812 0.124345
v 1.184212 -0.185074 0.000308
v 1.269061 -0.239394 0.116563
v 1.269061 -0.239394 0.116563
v 1.273196 -0.228178 0.150976
v 1.229479 -0.177701 0.187518
v 0.773780 0.234734 0.038659
v 0.721166 0.233702 0.000204
v 0.747065 0.217297 0.000204
v 0.747065 0.217297 0.000204
v 0.773780 0.234734 -0.038251
v 0.721166 0.233702 0.000204
v 0.492350 0.150736 0.058445
v 0.549858 0.101508 0.065924
v 0.499765 0.145478 0.106023
v 0.549858 0.101508 -0.071167
v 0.492350 0.150736 -0.056150
v 0.499765 0.145478 -0.111266
v -0.756801 0.112304 0.118184
v -0.809620 0.061900 0.072645
v -0.748329 0.119218 0.064955
v -0.809620 0.061900 -0.078155
v -0.756801 0.112304 -0.123693
v -0.748329 0.119218 -0.062172
v 0.882681 0.177911 0.000204
v 0.931587 0.161552 0.023210
v 0.935295 0.178943 0.045984
v 0.908581 0.161506 0.000204
v 0.882681 0.177911 0.000204
v 0.931587 0.161552 -0.022802
v 0.908581 0.161506 0.000204
v 0.935295 0.178943 -0.045576
v 1.257286 -0.248105 0.000308
v 1.203239 -0.182812 -0.134153
v 1.269061 -0.239394 -0.126372
v 1.184212 -0.185074 0.000308
v 1.406558 0.122332 0.000204
v 1.460762 0.109192 0.026417
v 1.466301 0.122069 0.059709
v 1.434559 0.108506 0.000204
v 1.406558 0.122332 0.000204
v 1.460762 0.109192 -0.026009
v 1.434559 0.108506 0.000204
v 1.466301 0.122069 -0.059301
v 1.074279 0.154644 0.025367
v 1.032189 0.175867 0.000204
v 1.049723 0.160137 0.000204
v 1.086514 0.162320 0.051705
v 1.032189 0.175867 0.000204
v 1.074279 0.154644 -0.024959
v 1.049723 0.160137 0.000204
v 1.086514 0.162320 -0.051297
v -1.445574 -0.203361 0.000204
v -1.406154 -0.163867 0.000204
v -1.406408 -0.157232 0.030208
v -1.445757 -0.196357 0.035324
v -1.445757 -0.196357 -0.034916
v -1.406408 -0.157232 -0.029800
v -1.445574 -0.203361 0.000204
v -1.406154 -0.163867 0.000204
v -1.539621 -0.211569 0.000204
v -1.505136 -0.176531 0.000204
v -1.505357 -0.170409 0.029061
v -1.539788 -0.205191 0.032261
v -1.539788 -0.205191 -0.031853
v -1.505357 -0.170409 -0.028653
v -1.539621 -0.211569 0.000204
v -1.505136 -0.176531 0.000204
v -1.635375 -0.208085 0.000204
v -1.592368 -0.165005 0.000204
v -1.592639 -0.157724 0.042234
v -1.635576 -0.200417 0.050483
v -1.635576 -0.200417 -0.050075
v -1.592639 -0.157724 -0.041826
v -1.635375 -0.208085 0.000204
v -1.592368 -0.165005 0.000204
v -1.724752 -0.210529 0.000204
v -1.690915 -0.177476 0.000204
v -1.691064 -0.171816 0.029504
v -1.724828 -0.204570 0.034080
v -1.724828 -0.204570 -0.033672
v -1.691064 -0.171816 -0.029096
v -1.724752 -0.210529 0.000204
v -1.690915 -0.177476 0.000204
v -1.805842 -0.210814 0.000204
v -1.767706 -0.173859 0.000204
v -1.767933 -0.167119 0.031147
v -1.805991 -0.203986 0.034606
v -1.805991 -0.203986 -0.034197
v -1.767933 -0.167119 -0.030739
v -1.805842 -0.210814 0.000204
v -1.767706 -0.173859 0.000204
v 1.412105 -0.456558 0.142930
v 1.415677 -0.390628 0.091282
v 1.459863 -0.419376 0.149034
v 1.325488 -0.168250 -0.104494
v 1.269061 -0.239394 -0.126372
v 1.305802 -0.168609 -0.106286
v -1.725814 -0.132922 -0.080476
v -1.752879 -0.156390 -0.048763
v -1.750497 -0.133874 -0.056009
v -1.725245 -0.174114 -0.068362
v 1.562944 -0.540168 -0.157395
v 1.530999 -0.452515 -0.216446
v 1.583459 -0.472348 -0.168252
v 1.488533 -0.555654 -0.197291
v -1.807740 -0.120765 -0.085117
v -1.837456 -0.148434 -0.054043
v -1.834735 -0.120562 -0.062750
v -1.806745 -0.168299 -0.071865
v -1.672440 -0.138861 0.056019
v -1.637869 -0.112859 0.026466
v -1.637804 -0.115339 0.027928
v 1.486967 0.109879 0.000204
v 1.461448 0.083100 -0.040755
v 1.460762 0.109192 -0.026009
v 1.305802 -0.168609 -0.106286
v 1.254524 -0.112464 -0.125347
v 1.325488 -0.168250 -0.104494
v -1.669749 -0.109847 0.055934
v -1.637869 -0.112859 0.026466
v -1.672440 -0.138861 0.056019
v -1.637953 -0.109654 0.025636
v -1.636602 -0.161228 -0.079811
v -1.680689 -0.160029 -0.041826
v -1.672440 -0.138861 -0.055611
v -1.635576 -0.200417 -0.050075
v -1.807740 -0.120765 -0.085117
v -1.834735 -0.120562 -0.062750
v -1.808517 -0.084221 -0.057323
v -1.541853 -0.126327 -0.079720
v -1.568469 -0.153182 -0.051294
v -1.566131 -0.127863 -0.057476
v -1.540683 -0.171039 -0.069972
v -1.637990 -0.108226 -0.080870
v -1.672440 -0.138861 -0.055611
v -1.669749 -0.109847 -0.055526
v -1.636602 -0.161228 -0.079811
v 1.531806 0.168210 0.000204
v 1.478332 0.148872 -0.049836
v 1.497454 0.181243 -0.036537
v 1.529422 0.202033 -0.019960
v 1.545424 0.189766 0.000204
v 1.529422 0.202033 -0.019960
v 1.579313 0.210276 0.000204
v 1.000092 -0.180508 -0.186223
v 1.060923 -0.231991 -0.141773
v 1.012288 -0.275004 -0.173884
v 1.047408 -0.172994 -0.147434
v 1.327466 -0.166149 -0.211369
v 1.393729 -0.158255 -0.160697
v 1.334690 -0.214890 -0.167226
v -1.669749 -0.109847 0.055934
v -1.639059 -0.067401 0.052758
v -1.637953 -0.109654 0.025636
v -1.106430 -0.116948 -0.150901
v -1.086593 -0.178814 -0.187153
v -1.027612 -0.103980 -0.200460
v -1.065171 -0.073937 -0.156759
v -1.637990 -0.108226 -0.080870
v -1.669749 -0.109847 -0.055526
v -1.639059 -0.067401 -0.052350
v -1.448026 -0.112373 -0.085579
v -1.479718 -0.140220 -0.051003
v -1.477278 -0.113852 -0.058778
v -1.446720 -0.160727 -0.072475
v -1.541853 -0.126327 -0.079720
v -1.566131 -0.127863 -0.057476
v -1.542749 -0.092134 -0.049538
v -1.448026 -0.112373 -0.085579
v -1.477278 -0.113852 -0.058778
v -1.449023 -0.075087 -0.052262
v -0.864725 0.110266 -0.122264
v -0.811759 0.158111 -0.154228
v -0.809984 0.073905 -0.165961
v -0.858203 0.072474 -0.127429
v -0.958626 -0.190034 -0.155527
v -0.894282 -0.230584 -0.197291
v -0.897702 -0.119097 -0.216446
v -0.953987 -0.120417 -0.166101
v 1.147454 0.168837 0.000204
v 1.133845 0.138072 0.000204
v 1.111805 0.188552 -0.040534
v 1.086514 0.162320 -0.051297
v 0.612404 -0.592932 -0.122056
v 0.589195 -0.543727 -0.167811
v 0.653788 -0.510328 -0.124316
v 1.322001 -0.116986 -0.165255
v 1.393729 -0.158255 -0.160697
v 1.327466 -0.166149 -0.211369
v 1.164561 0.200581 0.000204
v 1.147454 0.168837 0.000204
v 1.137738 0.213818 -0.029707
v 1.111805 0.188552 -0.040534
v 0.549528 0.112423 -0.150991
v 0.597873 0.147331 -0.112566
v 0.593220 0.111678 -0.117459
v 0.547916 0.188973 -0.140324
v 0.989874 0.250935 0.000204
v 0.976413 0.258697 -0.015334
v 1.013703 0.270013 0.000204
v 0.981638 0.233097 0.000204
v 0.976413 0.258697 -0.015334
v 0.954081 0.239599 -0.028109
v 0.940227 0.203436 -0.038357
v 0.977853 0.194997 0.000204
v 0.789143 -0.357649 -0.118433
v 0.750312 -0.433331 -0.117714
v 0.726979 -0.371846 -0.169152
v 0.703390 -0.432824 -0.135825
v -0.977317 0.267789 -0.023579
v -0.991175 0.231627 -0.032188
v -1.004876 0.274292 0.000204
v -1.028798 0.240065 0.000204
v 0.868116 -0.572044 -0.124562
v 0.762415 -0.645985 -0.162444
v 0.794817 -0.581250 -0.210886
v 0.817370 -0.651384 -0.118668
v 0.699307 -0.595130 -0.220389
v 0.762415 -0.645985 -0.162444
v 0.793078 0.217390 0.000204
v 0.769167 0.188362 -0.028778
v 0.770072 0.217343 -0.019121
v 0.803527 0.189263 0.000204
v -0.998619 0.080790 -0.028778
v -1.021771 0.149711 0.000204
v -0.998764 0.149757 -0.019121
v -1.032977 0.079890 0.000204
v -0.991175 0.231627 -0.032188
v -0.995058 0.167147 -0.038251
v -1.028798 0.240065 0.000204
v -1.047669 0.166115 0.000204
v 0.530651 -0.436822 -0.116001
v 0.514580 -0.384413 -0.165105
v 0.583801 -0.360394 -0.117848
v -0.953987 -0.120417 -0.166101
v -0.900080 -0.043180 -0.150953
v -0.897702 -0.119097 -0.216446
v 0.816337 0.250788 0.000204
v 0.773780 0.234734 -0.038251
v 0.778712 0.259227 -0.032188
v 0.819344 0.221897 0.000204
v 0.816337 0.250788 0.000204
v 0.792566 0.295390 -0.023579
v 0.820121 0.288888 0.000204
v 1.000092 -0.180508 -0.186223
v 0.991750 -0.116164 -0.136978
v 1.047408 -0.172994 -0.147434
v -0.761039 -0.139975 -0.188987
v -0.800052 -0.185412 -0.153859
v -0.797089 -0.140821 -0.155354
v -0.758839 -0.211384 -0.182507
v -0.686491 0.112479 -0.103944
v -0.641539 0.153079 -0.131067
v -0.640038 0.081624 -0.141024
v -0.680950 0.080410 -0.108327
v -0.640038 0.081624 -0.141024
v -0.638849 0.025548 -0.117728
v 0.379613 0.108325 -0.141024
v 0.424739 0.140908 -0.105157
v 0.420396 0.107629 -0.109724
v 0.378109 0.179779 -0.131068
v -0.797089 -0.140821 -0.155354
v -0.762562 -0.091349 -0.153510
v -0.761039 -0.139975 -0.188987
v -0.676165 -0.184838 -0.155292
v -0.622440 -0.218700 -0.192642
v -0.625298 -0.125599 -0.201090
v -0.672296 -0.126701 -0.157241
v -0.519889 0.118777 -0.111266
v -0.471731 0.162273 -0.140324
v -0.470127 0.085723 -0.150991
v -0.513958 0.084421 -0.115962
v 1.177276 0.216988 0.000204
v 1.165262 0.228175 -0.016211
v 1.206337 0.230968 0.000204
v 1.164561 0.200581 0.000204
v 1.165262 0.228175 -0.016211
v 1.137738 0.213818 -0.029707
v -0.672296 -0.126701 -0.157241
v -0.627279 -0.062202 -0.152941
v -0.625298 -0.125599 -0.201090
v 0.499374 -0.586810 -0.170771
v 0.564396 -0.623622 -0.131535
v 0.537259 -0.641014 -0.143631
v 0.460175 -0.603224 -0.152736
v 0.589195 -0.543727 -0.167811
v 0.612404 -0.592932 -0.122056
v 0.499374 -0.586810 -0.170771
v 0.518718 -0.658179 -0.122577
v 0.537259 -0.641014 -0.143631
v 0.418807 -0.414461 -0.167022
v 0.514580 -0.384413 -0.165105
v 0.478359 -0.460525 -0.128646
v 0.530651 -0.436822 -0.116001
v 0.653876 -0.438680 0.125250
v 0.653658 -0.388588 0.090241
v 0.703390 -0.432824 0.136232
v 0.209666 0.100606 -0.165961
v 0.262846 0.139004 -0.123693
v 0.257727 0.099786 -0.129076
v 0.207895 0.184811 -0.154228
v -0.477470 -0.119394 -0.202835
v -0.530997 -0.181718 -0.152674
v -0.526917 -0.120555 -0.158603
v -0.474465 -0.217344 -0.189366
v -0.760978 -0.141919 0.120632
v -0.799993 -0.187693 0.150379
v -0.797089 -0.140821 0.152697
v -0.858203 0.072474 -0.127429
v -0.809984 0.073905 -0.165961
v -0.808584 0.007822 -0.113247
v 0.549528 0.112423 -0.150991
v 0.593220 0.111678 -0.117459
v 0.550798 0.052347 -0.116956
v -0.526917 -0.120555 -0.158603
v -0.479557 -0.052697 -0.154231
v -0.477470 -0.119394 -0.202835
v 0.828358 0.306726 0.000204
v 0.814897 0.314488 -0.012848
v 0.852187 0.325804 0.000204
v 0.820121 0.288888 0.000204
v 0.814897 0.314488 -0.012848
v 0.792566 0.295390 -0.023579
v -0.354899 0.123616 -0.122264
v -0.301934 0.171461 -0.154228
v -0.300159 0.087255 -0.165961
v -0.348378 0.085825 -0.127429
v 0.642292 -0.392505 -0.167487
v 0.726979 -0.371846 -0.169152
v 0.703390 -0.432824 -0.135825
v 0.653876 -0.438680 -0.124844
v -0.760978 -0.141919 0.120632
v -0.797089 -0.140821 0.152697
v -0.762562 -0.091349 0.150852
v 0.379613 0.108325 -0.141024
v 0.420396 0.107629 -0.109724
v 0.380798 0.052249 -0.115529
v 0.576312 -0.548497 0.077797
v 0.564396 -0.623622 0.131942
v 0.567106 -0.549975 0.079823
v 0.537259 -0.641014 0.133384
v 0.612404 -0.592932 0.122464
v 0.039702 0.099073 -0.150991
v 0.088048 0.133981 -0.112566
v 0.083395 0.098327 -0.117459
v 0.038092 0.175623 -0.140324
v 1.412105 -0.456558 -0.152522
v 1.433058 -0.379669 -0.200460
v 1.459863 -0.419376 -0.158626
v 1.352569 -0.430658 -0.187153
v -0.122150 -0.280949 -0.220389
v -0.164546 -0.352319 -0.164610
v -0.216375 -0.301849 -0.210886
v -1.021771 0.149711 0.000204
v -0.995058 0.167147 -0.038251
v -0.998764 0.149757 -0.019121
v 0.433416 -0.486299 -0.115408
v 0.337954 -0.433712 -0.125361
v 0.418807 -0.414461 -0.167022
v 0.478359 -0.460525 -0.128646
v -0.513958 0.084421 -0.115962
v -0.470127 0.085723 -0.150991
v -0.468854 0.025645 -0.115293
v -1.106430 -0.116949 0.141309
v -1.040365 -0.120090 0.091282
v -1.065171 -0.073937 0.147167
v 0.711478 -0.304046 -0.112973
v 0.726979 -0.371846 -0.169152
v 0.679219 -0.327255 -0.137315
v 0.789143 -0.357649 -0.118433
v -0.176662 0.125829 -0.103944
v -0.131717 0.166429 -0.131068
v -0.130213 0.094975 -0.141024
v -0.171128 0.093760 -0.108327
v -0.130213 0.094975 -0.141024
v -0.129027 0.038899 -0.114741
v 0.209666 0.100606 -0.165961
v 0.257727 0.099786 -0.129076
v 0.211064 0.034523 -0.115668
v -0.130213 0.094975 -0.141024
v -0.085086 0.127558 -0.105157
v -0.089429 0.094279 -0.109724
v -0.131717 0.166429 -0.131068
v 0.478359 -0.460525 0.129053
v 0.484312 -0.385405 0.092247
v 0.433416 -0.486299 0.115815
v -0.348378 0.085825 -0.127429
v -0.300159 0.087255 -0.165961
v -0.298758 0.021171 -0.112236
v -0.188843 -0.234897 -0.162444
v -0.216375 -0.301849 -0.210886
v -0.244041 -0.233573 -0.131123
v 0.039702 0.099073 -0.150991
v 0.083395 0.098327 -0.117459
v 0.040972 0.038997 -0.116164
v 0.530651 -0.436822 0.116408
v 0.501047 -0.387318 0.076095
v 0.478359 -0.460525 0.129053
v -0.010060 0.132128 -0.111266
v 0.038092 0.175623 -0.140324
v 0.039702 0.099073 -0.150991
v -0.004131 0.097771 -0.115962
v 0.039702 0.099073 -0.150991
v 0.040972 0.038997 -0.116164
v -0.300159 0.087255 -0.165961
v -0.246976 0.125654 -0.123693
v -0.252101 0.086436 -0.129076
v -0.301934 0.171461 -0.154228
v -0.122150 -0.280949 -0.220389
v -0.188843 -0.234897 -0.162444
v -0.216375 -0.301849 -0.210886
v -0.130213 0.094975 -0.141024
v -0.089429 0.094279 -0.109724
v -0.129027 0.038899 -0.114741
v 0.514580 -0.384413 -0.165105
v 0.439337 -0.342079 -0.130362
v 0.496995 -0.330865 -0.120136
v 0.418807 -0.414461 -0.167022
v 0.583801 -0.360394 -0.117848
v 0.154928 0.136966 -0.122264
v 0.207895 0.184811 -0.154228
v 0.209666 0.100606 -0.165961
v 0.161450 0.099175 -0.127429
v -0.477470 -0.119394 -0.202835
v -0.479557 -0.052697 -0.154231
v -0.428280 -0.116446 -0.160494
v -0.470127 0.085723 -0.150991
v -0.421774 0.120629 -0.112566
v -0.426432 0.084977 -0.117459
v -0.471731 0.162273 -0.140324
v -0.300159 0.087255 -0.165961
v -0.252101 0.086436 -0.129076
v -0.298758 0.021171 -0.112236
v -0.477470 -0.119394 -0.202835
v -0.420361 -0.178191 -0.154315
v -0.474465 -0.217344 -0.189366
v -0.428280 -0.116446 -0.160494
v -1.021829 -0.183461 -0.152522
v -1.027612 -0.103980 -0.200460
v -0.989142 -0.132523 -0.158626
v -1.086593 -0.178814 -0.187153
v 0.161450 0.099175 -0.127429
v 0.209666 0.100606 -0.165961
v 0.211064 0.034523 -0.115668
v 0.418807 -0.414461 -0.167022
v 0.382598 -0.334644 -0.116566
v 0.439337 -0.342079 -0.130362
v 0.337954 -0.433712 -0.125361
v -0.625298 -0.125599 -0.201090
v -0.627279 -0.062202 -0.152941
v -0.578546 -0.122797 -0.159115
v -0.470127 0.085723 -0.150991
v -0.426432 0.084977 -0.117459
v -0.468854 0.025645 -0.115293
v 1.327466 -0.166149 -0.211369
v 1.273196 -0.228178 -0.160785
v 1.229479 -0.177701 -0.197327
v 1.334690 -0.214890 -0.167226
v 0.746859 -0.527088 -0.164610
v 0.699307 -0.595130 -0.220389
v 0.794817 -0.581250 -0.210886
v 0.497172 -0.519013 -0.133289
v 0.589195 -0.543727 -0.167811
v 0.499374 -0.586810 -0.170771
v 0.552220 -0.499830 -0.122106
v 0.333163 0.139180 -0.103944
v 0.378109 0.179779 -0.131068
v 0.379613 0.108325 -0.141024
v 0.338697 0.107111 -0.108327
v 0.379613 0.108325 -0.141024
v 0.380798 0.052249 -0.115529
v 0.439337 -0.342079 0.130770
v 0.484312 -0.385405 0.092247
v 0.501047 -0.387318 0.076095
v -0.640038 0.081624 -0.141024
v -0.594915 0.114208 -0.105157
v -0.599256 0.080929 -0.109724
v -0.641539 0.153079 -0.131067
v -0.625298 -0.125599 -0.201090
v -0.571017 -0.181486 -0.156963
v -0.622440 -0.218700 -0.192642
v -0.578546 -0.122797 -0.159115
v 0.679219 -0.327255 -0.137315
v 0.642292 -0.392505 -0.167487
v 0.631323 -0.344803 -0.128434
v 0.580052 -0.405726 -0.123614
v 0.726979 -0.371846 -0.169152
v -0.761039 -0.139975 -0.188987
v -0.762562 -0.091349 -0.153510
v -0.725172 -0.137825 -0.156792
v -0.640038 0.081624 -0.141024
v -0.599256 0.080929 -0.109724
v -0.638849 0.025548 -0.117728
v -0.897702 -0.119097 -0.216446
v -0.900080 -0.043180 -0.150953
v -0.841720 -0.115742 -0.168252
v -0.761039 -0.139975 -0.188987
v -0.719402 -0.182841 -0.155140
v -0.758839 -0.211384 -0.182507
v -0.725172 -0.137825 -0.156792
v 0.792566 0.295390 -0.023579
v 0.778712 0.259227 -0.032188
v 0.765010 0.301892 0.000204
v 0.741084 0.267665 0.000204
v 1.111805 0.188552 -0.040534
v 1.086514 0.162320 -0.051297
v 1.067881 0.210119 0.000204
v 1.032189 0.175867 0.000204
v 0.499765 0.145478 -0.111266
v 0.547916 0.188973 -0.140324
v 0.549528 0.112423 -0.150991
v 0.505695 0.111121 -0.115962
v 0.549528 0.112423 -0.150991
v 0.550798 0.052347 -0.116956
v -0.809984 0.073905 -0.165961
v -0.756801 0.112304 -0.123693
v -0.761926 0.073086 -0.129076
v -0.811759 0.158111 -0.154228
v 0.741084 0.267665 0.000204
v 0.778712 0.259227 -0.032188
v 0.773780 0.234734 -0.038251
v 0.721166 0.233702 0.000204
v -0.809984 0.073905 -0.165961
v -0.761926 0.073086 -0.129076
v -0.808584 0.007822 -0.113247
v -0.897702 -0.119097 -0.216446
v -0.832708 -0.186021 -0.157395
v -0.894282 -0.230584 -0.197291
v -0.841720 -0.115742 -0.168252
v 0.769167 0.188362 -0.028778
v 0.747065 0.217297 0.000204
v 0.770072 0.217343 -0.019121
v 0.734808 0.187463 0.000204
v 0.499374 -0.586810 -0.170771
v 0.467927 -0.520611 -0.127026
v 0.497172 -0.519013 -0.133289
v 0.460175 -0.603224 -0.152736
v 0.497172 -0.519012 0.133697
v 0.567106 -0.549975 0.079823
v 0.576312 -0.548497 0.077797
v 0.552220 -0.499830 0.122513
v 0.497172 -0.519012 0.133697
v 0.954081 0.239599 -0.028109
v 0.940227 0.203436 -0.038357
v 0.926525 0.246101 0.000204
v 0.902599 0.211875 0.000204
v 0.631323 -0.344803 0.128841
v 0.653658 -0.388588 0.090241
v 0.679219 -0.327254 0.137722
v 0.496995 -0.330865 0.120543
v 0.501047 -0.387318 0.076095
v 0.439337 -0.342079 0.130770
v -0.725172 -0.137825 0.154134
v -0.760978 -0.141919 0.120632
v -0.762562 -0.091349 0.150852
v 0.902599 0.211875 0.000204
v 0.940227 0.203436 -0.038357
v 0.935295 0.178943 -0.045576
v 0.882681 0.177911 0.000204
v 1.260042 -0.118279 -0.159074
v 1.229479 -0.177701 -0.197327
v 1.327466 -0.166149 -0.211369
v 1.322001 -0.116986 -0.165255
v 1.012288 -0.275004 -0.173884
v 1.000092 -0.180508 -0.186223
v 0.954208 -0.245888 -0.140270
v 0.952351 -0.186317 -0.145702
v -0.975758 0.149804 0.000204
v -0.998619 0.080790 -0.028778
v -0.998764 0.149757 -0.019121
v -0.964261 0.081689 0.000204
v 1.497454 0.181243 -0.036537
v 1.478332 0.148872 -0.049836
v 1.463103 0.194275 0.000204
v 1.434016 0.172115 0.000204
v -0.953551 0.223188 0.000204
v -0.995058 0.167147 -0.038251
v -0.991175 0.231627 -0.032188
v -0.949497 0.154311 0.000204
v -0.953551 0.223188 0.000204
v -0.977317 0.267789 -0.023579
v -0.949767 0.261287 0.000204
v -0.719342 -0.185122 0.151661
v -0.760978 -0.141919 0.120632
v -0.725172 -0.137825 0.154134
v 1.068824 0.130253 -0.035039
v 1.049723 0.160137 0.000204
v 1.074279 0.154644 -0.024959
v 1.034432 0.137946 0.000204
v 0.952351 -0.186317 -0.145702
v 0.991750 -0.116164 -0.136978
v 1.000092 -0.180508 -0.186223
v 0.747065 0.217297 0.000204
v 0.773780 0.234734 -0.038251
v 0.770072 0.217343 -0.019121
v -0.941531 0.279126 0.000204
v -0.954989 0.286888 -0.012848
v -0.917692 0.298204 0.000204
v -0.949767 0.261287 0.000204
v -0.954989 0.286888 -0.012848
v -0.977317 0.267789 -0.023579
v 0.930683 0.132571 -0.034298
v 0.908581 0.161506 0.000204
v 0.931587 0.161552 -0.022802
v -1.418729 -0.112275 -0.058778
v -1.448026 -0.112373 -0.085579
v -1.449023 -0.075087 -0.052262
v 1.407615 -0.338856 0.147167
v 1.430868 -0.381058 0.088220
v 1.415677 -0.390628 0.091282
v -1.029219 -0.106017 0.088220
v -0.989142 -0.132523 0.149034
v -1.040365 -0.120090 0.091282
v -1.021829 -0.183461 0.142930
v -1.517528 -0.126590 -0.057476
v -1.541853 -0.126327 -0.079720
v -1.542749 -0.092134 -0.049538
v -1.446720 -0.160727 -0.072475
v -1.414882 -0.138473 -0.051003
v -1.448026 -0.112373 -0.085579
v -1.418729 -0.112275 -0.058778
v 1.434016 0.172115 0.000204
v 1.478332 0.148872 -0.049836
v 1.466301 0.122069 -0.059301
v 1.406558 0.122332 0.000204
v -1.637990 -0.108226 -0.080870
v -1.601984 -0.137016 -0.055611
v -1.636602 -0.161228 -0.079811
v -1.606190 -0.108182 -0.055526
v -1.637990 -0.108226 -0.080870
v -1.639059 -0.067401 -0.052350
v -1.541853 -0.126327 -0.079720
v -1.513868 -0.151753 -0.051294
v -1.540683 -0.171039 -0.069972
v -1.517528 -0.126590 -0.057476
v -1.636602 -0.161228 -0.079811
v -1.592639 -0.157724 -0.041826
v -1.635576 -0.200417 -0.050075
v -1.601984 -0.137016 -0.055611
v -1.780661 -0.119982 -0.061751
v -1.807740 -0.120765 -0.085117
v -1.808517 -0.084221 -0.057323
v 1.460762 0.109192 -0.026009
v 1.461448 0.083100 -0.040755
v 1.420502 0.082028 0.000204
v -1.637953 -0.109654 0.025636
v -1.639059 -0.067401 0.052758
v -1.606190 -0.108182 0.055934
v -1.807740 -0.120765 -0.085117
v -1.776838 -0.147191 -0.053208
v -1.806745 -0.168299 -0.071865
v -1.780661 -0.119982 -0.061751
v -1.725814 -0.132922 -0.080476
v -1.698120 -0.155638 -0.048763
v -1.725245 -0.174114 -0.068362
v -1.701108 -0.133196 -0.056009
v -1.606190 -0.108182 0.055934
v -1.637869 -0.112859 0.026466
v -1.637953 -0.109654 0.025636
v -1.601984 -0.137016 0.056019
v -1.637804 -0.115339 0.027928
v -1.601984 -0.137016 0.056019
v -1.637869 -0.112859 0.026466
v 1.446396 -0.492335 0.156770
v 1.521794 -0.474737 0.099138
v 1.479095 -0.430702 0.163518
v 1.446396 -0.492335 -0.155527
v 1.488533 -0.555654 -0.197291
v 1.530999 -0.452515 -0.216446
v 1.479095 -0.430702 -0.166101
v 1.352569 -0.430658 -0.187153
v 1.354411 -0.365715 -0.150901
v 1.433058 -0.379669 -0.200460
v 1.407615 -0.338856 -0.156759
v 1.680994 0.130610 -0.203375
v 1.657257 -0.110084 0.179620
v 1.657257 -0.110084 -0.182379
v 1.680994 0.130610 0.200616
v 1.663278 -0.339985 0.179620
v 1.663278 -0.339985 -0.182379
v 1.699579 -0.579107 0.200616
v 1.699579 -0.579107 -0.203375
v 0.788926 0.197370 -0.136420
v 0.795732 -0.062551 0.171625
v 0.795732 -0.062551 -0.174384
v 0.789712 0.167351 -0.174384
v 0.788926 0.197370 0.133600
v 0.789712 0.167351 0.171625
v 0.796257 -0.082564 -0.161383
v 0.796257 -0.082564 0.158624
v 0.801232 -0.272562 0.112604
v 0.800446 -0.242543 0.158624
v 0.801232 -0.272562 -0.115424
v 0.800446 -0.242543 -0.161383
v 0.260976 -0.266683 -0.144415
v 0.260976 -0.266683 0.140619
v 0.279294 -0.206124 0.140619
v 0.279294 -0.206124 -0.144415
v -0.456194 -0.005337 0.149591
v -0.424865 -0.054583 -0.152411
v -0.456194 -0.005337 -0.152411
v -0.424865 -0.054583 0.149591
v -0.453577 -0.105279 -0.152411
v -0.453577 -0.105279 0.149591
v -0.424865 -0.054583 0.149591
v -0.424865 -0.054583 -0.152411
v 0.353325 0.025874 -0.127387
v 0.353325 0.025874 0.124628
v 0.356204 -0.084074 -0.127387
v 0.356204 -0.084074 0.124628
v 0.560335 0.141318 -0.092413
v 0.560335 0.141318 0.088617
v 0.562428 0.061389 -0.092413
v 0.562428 0.061389 0.088617
v 0.257835 -0.146729 -0.144415
v 0.257835 -0.146729 0.140619
v 0.279294 -0.206124 -0.144415
v 0.279294 -0.206124 0.140619
v -1.046220 -0.010775 -0.035407
v -1.044648 -0.070813 -0.028388
v -1.045172 -0.050800 -0.048407
v -1.044648 -0.070813 0.025629
v -1.047789 0.049141 -0.028388
v -1.047265 0.029129 -0.048407
v -1.048051 0.059148 -0.001410
v -1.046220 -0.010775 0.031610
v -1.045172 -0.050800 0.045587
v -1.047789 0.049141 0.025629
v -1.047265 0.029129 0.045587
v -1.902245 -0.173253 -0.052374
v -1.902245 -0.173253 0.049615
v -1.901721 -0.193266 -0.001410
v -1.904862 -0.073312 -0.052374
v -1.903556 -0.123221 -0.073370
v -1.904862 -0.073312 0.049615
v -1.903556 -0.123221 0.070611
v -1.905386 -0.053299 -0.001410
v -2.162690 -0.160047 0.034601
v -1.932788 -0.154026 0.034601
v -2.162166 -0.180059 -0.001410
v -1.932788 -0.154026 -0.037421
v -2.162690 -0.160047 -0.037421
v -1.932264 -0.174039 -0.001410
v -1.915130 -0.063567 -0.001410
v -1.354862 -0.068923 0.037591
v -1.355386 -0.048910 -0.001410
v -1.914606 -0.083580 0.037591
v -1.914606 -0.083580 -0.040411
v -1.354862 -0.068923 -0.040411
v 0.788926 0.197370 0.133600
v 0.788926 0.197370 -0.136420
v 0.688985 0.194753 -0.136420
v 0.688985 0.194753 0.133600
v 0.689771 0.164733 -0.174384
v 0.789712 0.167351 0.171625
v 0.789712 0.167351 -0.174384
v 0.689771 0.164733 0.171625
v 1.680994 0.130610 0.200616
v 1.680994 0.130610 -0.203375
v 1.541028 0.126945 -0.203375
v 1.541028 0.126945 0.200616
v -1.047789 0.049141 -0.028388
v -1.357741 0.041025 -0.028388
v -1.358003 0.051031 -0.001410
v -1.048051 0.059148 -0.001410
v -1.357741 0.041025 0.025629
v -1.047789 0.049141 0.025629
v -0.456194 -0.005337 0.149591
v -0.456194 -0.005337 -0.152411
v -0.995926 -0.019471 0.149591
v -0.995926 -0.019471 -0.152411
v 1.073835 0.014701 -0.001410
v 1.314005 0.010977 0.103632
v 1.313743 0.020984 -0.001410
v 1.074097 0.004695 0.103632
v 1.074097 0.004695 -0.106390
v 1.314005 0.010977 -0.106390
v -1.375015 -0.059437 -0.051398
v -1.045696 -0.030787 -0.001410
v -1.045172 -0.050800 -0.051398
v -1.375539 -0.039424 -0.001410
v -1.045172 -0.050800 0.048578
v -1.375015 -0.059437 0.048578
v 0.353325 0.025874 -0.127387
v 0.353325 0.025874 0.124628
v -0.366521 0.007024 0.124628
v -0.366521 0.007024 -0.127387
v 0.560335 0.141318 -0.092413
v 0.560335 0.141318 0.088617
v -0.979177 0.101004 0.088617
v -0.979177 0.101004 -0.092413
v -1.904862 -0.073312 0.049615
v -2.164783 -0.080118 0.049615
v -1.905386 -0.053299 -0.001410
v -2.165307 -0.060105 -0.001410
v -1.904862 -0.073312 -0.052374
v -2.164783 -0.080118 -0.052374
v 0.257835 -0.146729 -0.144415
v 0.257835 -0.146729 0.140619
v 0.087849 -0.151180 0.140619
v 0.087849 -0.151180 -0.144415
v -1.934619 -0.084104 -0.037421
v -2.164521 -0.090124 -0.037421
v -1.933574 -0.124007 -0.052374
v -2.163476 -0.130028 -0.052374
v -1.932788 -0.154026 -0.037421
v -2.162690 -0.160047 -0.037421
v -1.354862 -0.068923 0.037591
v -1.914606 -0.083580 0.037591
v -1.353817 -0.108826 0.053583
v -1.913562 -0.123483 0.053583
v -1.352769 -0.148851 0.037591
v -1.912514 -0.163509 0.037591
v 1.657257 -0.110084 0.179620
v 1.541028 0.126945 0.200616
v 1.547310 -0.112963 0.179620
v 1.680994 0.130610 0.200616
v 1.553330 -0.342864 0.179620
v 1.663278 -0.339985 0.179620
v 1.559612 -0.582772 0.200616
v 1.699579 -0.579107 0.200616
v 0.789712 0.167351 0.171625
v 0.689771 0.164733 0.171625
v 0.695791 -0.065168 0.171625
v 0.795732 -0.062551 0.171625
v 0.700504 -0.245160 0.158624
v 0.800446 -0.242543 0.158624
v 0.696315 -0.085181 0.158624
v 0.796257 -0.082564 0.158624
v -1.357741 0.041025 0.025629
v -1.047789 0.049141 0.025629
v -1.357217 0.021012 0.045587
v -1.047265 0.029129 0.045587
v 0.796257 -0.082564 0.158624
v 0.695791 -0.065168 0.171625
v 0.696315 -0.085181 0.158624
v 0.795732 -0.062551 0.171625
v -0.993309 -0.119412 0.149591
v -0.456194 -0.005337 0.149591
v -0.995926 -0.019471 0.149591
v -1.024635 -0.070288 0.149591
v -0.453577 -0.105279 0.149591
v -0.424865 -0.054583 0.149591
v 0.090990 -0.271134 0.140619
v 0.257835 -0.146729 0.140619
v 0.087849 -0.151180 0.140619
v 0.069405 -0.211620 0.140619
v 0.260976 -0.266683 0.140619
v 0.279294 -0.206124 0.140619
v 0.353325 0.025874 0.124628
v -0.366521 0.007024 0.124628
v 0.356204 -0.084074 0.124628
v -0.363642 -0.102924 0.124628
v 1.316622 -0.088964 0.120599
v 1.076714 -0.095246 0.120599
v 1.319239 -0.188905 0.103632
v 1.079331 -0.195187 0.103632
v 1.314005 0.010977 0.103632
v 1.074097 0.004695 0.103632
v 0.560335 0.141318 0.088617
v -0.979177 0.101004 0.088617
v 0.562428 0.061389 0.088617
v -0.977084 0.021075 0.088617
v -1.047265 0.029129 0.045587
v -1.357217 0.021012 0.045587
v -1.046220 -0.010775 0.031610
v -1.356172 -0.018891 0.031610
v -1.045172 -0.050800 0.045587
v -1.355124 -0.058916 0.045587
v -1.354600 -0.078929 0.025629
v -1.044648 -0.070813 0.025629
v -1.045172 -0.050800 0.045587
v -1.355124 -0.058916 0.045587
v -1.045172 -0.050800 0.048578
v -1.375015 -0.059437 0.048578
v -1.043865 -0.100709 0.068597
v -1.373708 -0.109347 0.068597
v -1.042555 -0.150741 0.048578
v -1.372398 -0.159378 0.048578
v -2.162166 -0.180059 0.049615
v -1.902245 -0.173253 0.049615
v -1.903556 -0.123221 0.070611
v -2.163476 -0.130028 0.070611
v -1.904862 -0.073312 0.049615
v -2.164783 -0.080118 0.049615
v -2.164783 -0.080118 -0.001410
v -2.164783 -0.080118 0.049615
v -2.165307 -0.060105 -0.001410
v -2.164783 -0.080118 -0.052374
v -2.164521 -0.090124 0.034601
v -2.164521 -0.090124 -0.037421
v -2.163476 -0.130028 0.049615
v -2.163476 -0.130028 -0.052374
v -2.163476 -0.130028 0.070611
v -2.163476 -0.130028 -0.073370
v -2.162166 -0.180059 0.049615
v -2.162166 -0.180059 -0.052374
v -2.162690 -0.160047 0.034601
v -2.162690 -0.160047 -0.037421
v -2.162166 -0.180059 -0.001410
v -2.161642 -0.200072 -0.001410
v -1.934619 -0.084104 0.034601
v -1.933574 -0.124007 0.049615
v -1.934881 -0.074098 -0.001410
v -1.932788 -0.154026 0.034601
v -1.934619 -0.084104 -0.037421
v -1.933574 -0.124007 -0.052374
v -1.932788 -0.154026 -0.037421
v -1.932264 -0.174039 -0.001410
v -1.373708 -0.109347 0.068597
v -1.375015 -0.059437 0.048578
v -1.372398 -0.159378 0.048578
v -1.372398 -0.159378 -0.051398
v -1.371874 -0.179391 -0.001410
v -1.375015 -0.059437 -0.051398
v -1.375539 -0.039424 -0.001410
v -1.373708 -0.109347 -0.071417
v -1.354600 -0.078929 0.025629
v -1.356172 -0.018891 0.031610
v -1.354600 -0.078929 -0.028388
v -1.355124 -0.058916 0.045587
v -1.356172 -0.018891 -0.035407
v -1.355124 -0.058916 -0.048407
v -1.357741 0.041025 0.025629
v -1.357217 0.021012 0.045587
v -1.358003 0.051031 -0.001410
v -1.357741 0.041025 -0.028388
v -1.357217 0.021012 -0.048407
v 0.090990 -0.271134 -0.144415
v 0.090990 -0.271134 0.140619
v 0.069405 -0.211620 -0.144415
v 0.069405 -0.211620 0.140619
v -0.995926 -0.019471 0.149591
v -0.995926 -0.019471 -0.152411
v -1.024635 -0.070288 0.149591
v -1.024635 -0.070288 -0.152411
v -0.993309 -0.119412 -0.152411
v -0.993309 -0.119412 0.149591
v -1.024635 -0.070288 -0.152411
v -1.024635 -0.070288 0.149591
v -0.366521 0.007024 0.124628
v -0.363642 -0.102924 -0.127387
v -0.366521 0.007024 -0.127387
v -0.363642 -0.102924 0.124628
v -0.979177 0.101004 0.088617
v -0.977084 0.021075 -0.092413
v -0.979177 0.101004 -0.092413
v -0.977084 0.021075 0.088617
v 0.087849 -0.151180 0.140619
v 0.087849 -0.151180 -0.144415
v 0.069405 -0.211620 0.140619
v 0.069405 -0.211620 -0.144415
v 0.695791 -0.065168 -0.174384
v 0.688985 0.194753 -0.136420
v 0.689771 0.164733 -0.174384
v 0.688985 0.194753 0.133600
v 0.695791 -0.065168 0.171625
v 0.689771 0.164733 0.171625
v 0.696315 -0.085181 0.158624
v 0.696315 -0.085181 -0.161383
v 0.701290 -0.275179 -0.115424
v 0.700504 -0.245160 -0.161383
v 0.701290 -0.275179 0.112604
v 0.700504 -0.245160 0.158624
v 1.541028 0.126945 -0.203375
v 1.547310 -0.112963 -0.182379
v 1.541028 0.126945 0.200616
v 1.547310 -0.112963 0.179620
v 1.553330 -0.342864 -0.182379
v 1.553330 -0.342864 0.179620
v 1.559612 -0.582772 -0.203375
v 1.559612 -0.582772 0.200616
v -1.934619 -0.084104 0.034601
v -2.164521 -0.090124 0.034601
v -1.934881 -0.074098 -0.001410
v -2.164783 -0.080118 -0.001410
v -1.934619 -0.084104 -0.037421
v -2.164521 -0.090124 -0.037421
v -1.352769 -0.148851 0.037591
v -1.912514 -0.163509 0.037591
v -1.912514 -0.163509 -0.040411
v -1.352507 -0.158858 -0.001410
v -1.352769 -0.148851 -0.040411
v -1.912252 -0.173515 -0.001410
v 1.559612 -0.582772 0.200616
v 1.559612 -0.582772 -0.203375
v 1.699579 -0.579107 -0.203375
v 1.699579 -0.579107 0.200616
v 0.260976 -0.266683 -0.144415
v 0.260976 -0.266683 0.140619
v 0.090990 -0.271134 -0.144415
v 0.090990 -0.271134 0.140619
v 0.700504 -0.245160 -0.161383
v 0.800446 -0.242543 -0.161383
v 0.701290 -0.275179 -0.115424
v 0.801232 -0.272562 -0.115424
v 0.701290 -0.275179 0.112604
v 0.801232 -0.272562 0.112604
v 0.700504 -0.245160 0.158624
v 0.800446 -0.242543 0.158624
v 1.319501 -0.198912 -0.001410
v 1.079593 -0.205194 -0.001410
v 1.319239 -0.188905 -0.106390
v 1.079331 -0.195188 -0.106390
v 1.079331 -0.195187 0.103632
v 1.319239 -0.188905 0.103632
v -0.993309 -0.119412 -0.152411
v -0.453577 -0.105279 -0.152411
v -0.453577 -0.105279 0.149591
v -0.993309 -0.119412 0.149591
v -1.372398 -0.159378 -0.051398
v -1.042555 -0.150741 -0.051398
v -1.371874 -0.179391 -0.001410
v -1.042555 -0.150741 0.048578
v -1.042031 -0.170754 -0.001410
v -1.372398 -0.159378 0.048578
v 0.356204 -0.084074 -0.127387
v 0.356204 -0.084074 0.124628
v -0.363642 -0.102924 -0.127387
v -0.363642 -0.102924 0.124628
v 0.562428 0.061389 -0.092413
v 0.562428 0.061389 0.088617
v -0.977084 0.021075 -0.092413
v -0.977084 0.021075 0.088617
v -2.162166 -0.180059 0.049615
v -1.902245 -0.173253 0.049615
v -2.161642 -0.200072 -0.001410
v -1.901721 -0.193266 -0.001410
v -2.162166 -0.180059 -0.052374
v -1.902245 -0.173253 -0.052374
v -1.934619 -0.084104 0.034601
v -2.163476 -0.130028 0.049615
v -2.164521 -0.090124 0.034601
v -1.933574 -0.124007 0.049615
v -2.162690 -0.160047 0.034601
v -1.932788 -0.154026 0.034601
v -1.914606 -0.083580 -0.040411
v -1.354862 -0.068923 -0.040411
v -1.913562 -0.123483 -0.056403
v -1.353817 -0.108826 -0.056403
v -1.912514 -0.163509 -0.040411
v -1.352769 -0.148851 -0.040411
v 1.680994 0.130610 -0.203375
v 1.657257 -0.110084 -0.182379
v 1.541028 0.126945 -0.203375
v 1.547310 -0.112963 -0.182379
v 1.663278 -0.339985 -0.182379
v 1.553330 -0.342864 -0.182379
v 1.559612 -0.582772 -0.203375
v 1.699579 -0.579107 -0.203375
v 0.689771 0.164733 -0.174384
v 0.789712 0.167351 -0.174384
v 0.795732 -0.062551 -0.174384
v 0.695791 -0.065168 -0.174384
v 0.696315 -0.085181 -0.161383
v 0.796257 -0.082564 -0.161383
v 0.700504 -0.245160 -0.161383
v 0.800446 -0.242543 -0.161383
v -1.047789 0.049141 -0.028388
v -1.357741 0.041025 -0.028388
v -1.047265 0.029129 -0.048407
v -1.357217 0.021012 -0.048407
v 0.796257 -0.082564 -0.161383
v 0.696315 -0.085181 -0.161383
v 0.795732 -0.062551 -0.174384
v 0.695791 -0.065168 -0.174384
v -0.995926 -0.019471 -0.152411
v -0.993309 -0.119412 -0.152411
v -1.024635 -0.070288 -0.152411
v -0.453577 -0.105279 -0.152411
v -0.456194 -0.005337 -0.152411
v -0.424865 -0.054583 -0.152411
v 0.087849 -0.151180 -0.144415
v 0.090990 -0.271134 -0.144415
v 0.069405 -0.211620 -0.144415
v 0.260976 -0.266683 -0.144415
v 0.257835 -0.146729 -0.144415
v 0.279294 -0.206124 -0.144415
v 0.353325 0.025874 -0.127387
v -0.363642 -0.102924 -0.127387
v -0.366521 0.007024 -0.127387
v 0.356204 -0.084074 -0.127387
v 1.319239 -0.188905 -0.106390
v 1.079331 -0.195188 -0.106390
v 1.316622 -0.088964 -0.123419
v 1.076714 -0.095246 -0.123419
v 1.314005 0.010977 -0.106390
v 1.074097 0.004695 -0.106390
v 0.560335 0.141318 -0.092413
v -0.977084 0.021075 -0.092413
v -0.979177 0.101004 -0.092413
v 0.562428 0.061389 -0.092413
v -1.047265 0.029129 -0.048407
v -1.356172 -0.018891 -0.035407
v -1.357217 0.021012 -0.048407
v -1.046220 -0.010775 -0.035407
v -1.355124 -0.058916 -0.048407
v -1.045172 -0.050800 -0.048407
v -1.355124 -0.058916 -0.048407
v -1.045172 -0.050800 -0.048407
v -1.044648 -0.070813 -0.028388
v -1.354600 -0.078929 -0.028388
v -1.375015 -0.059437 -0.051398
v -1.045172 -0.050800 -0.051398
v -1.373708 -0.109347 -0.071417
v -1.043865 -0.100710 -0.071417
v -1.372398 -0.159378 -0.051398
v -1.042555 -0.150741 -0.051398
v -2.162166 -0.180059 -0.052374
v -1.902245 -0.173253 -0.052374
v -2.163476 -0.130028 -0.073370
v -1.903556 -0.123221 -0.073370
v -1.904862 -0.073312 -0.052374
v -2.164783 -0.080118 -0.052374
vn 0.9780 -0.1863 -0.0941
vn 0.9723 -0.2338 0.0078
vn 0.9807 -0.1711 -0.0944
vn 0.9723 -0.2337 0.0079
vn 0.9768 -0.1878 0.1027
vn 0.9799 -0.1710 0.1022
vn 0.9723 -0.2338 0.0079
vn 0.8462 -0.4113 -0.3387
vn 0.9800 -0.1710 0.1022
vn 0.8667 -0.3937 -0.3063
vn 0.8462 -0.4113 0.3388
vn 0.8667 -0.3937 0.3063
vn 0.9780 -0.1863 -0.0942
vn 0.6159 -0.4775 0.6266
vn 0.7668 -0.3119 0.5610
vn 0.6037 -0.4884 0.6301
vn 0.9021 0.4172 -0.1102
vn 0.9285 0.3712 0.0079
vn 0.8946 0.4330 -0.1102
vn 0.9285 0.3712 0.0078
vn 0.9051 0.4106 0.1105
vn 0.8977 0.4266 0.1106
vn 0.4760 -0.4363 -0.7635
vn 0.7022 -0.2347 -0.6722
vn 0.4622 -0.4463 -0.7663
vn 0.8409 -0.4906 -0.2286
vn 0.8375 -0.3099 -0.4501
vn 0.8375 -0.3098 -0.4501
vn 0.9307 0.1579 -0.3298
vn 0.9362 0.1826 -0.3004
vn 0.9051 0.4106 0.1106
vn 0.8375 -0.3099 0.4501
vn 0.8375 -0.3098 0.4501
vn 0.8409 -0.4906 0.2286
vn 0.8946 0.4331 -0.1102
vn 0.9325 0.1899 0.3072
vn 0.9398 0.2216 0.2600
vn 0.6352 -0.4567 -0.6229
vn 0.6109 -0.4800 -0.6296
vn 0.7883 -0.2713 -0.5522
vn 0.7743 -0.0507 0.6308
vn 0.8008 0.0997 0.5905
vn 0.7741 -0.0585 0.6304
vn 0.9398 0.2217 0.2600
vn 0.9325 0.1899 0.3071
vn 0.7741 -0.0586 0.6304
vn 0.6370 -0.0617 0.7684
vn 0.6318 -0.0779 0.7712
vn 0.7038 0.2552 0.6629
vn 0.7705 -0.0504 -0.6355
vn 0.7667 -0.0666 -0.6385
vn 0.8020 0.1554 -0.5767
vn 0.6408 -0.0621 -0.7652
vn 0.7030 0.3107 -0.6398
vn 0.6406 -0.0700 -0.7647
vn 0.7705 -0.0505 -0.6355
vn 0.9362 0.1827 -0.3003
vn 0.7667 -0.0667 -0.6385
vn 0.9307 0.1580 -0.3299
vn 0.7167 -0.0989 0.6903
vn 0.7259 -0.0676 0.6845
vn 0.7167 -0.0990 0.6903
vn 0.7167 -0.0989 -0.6903
vn 0.7259 -0.0676 -0.6845
vn 0.7167 -0.0990 -0.6903
vn 0.8259 -0.5457 -0.1417
vn 0.7733 -0.6340 -0.0000
vn 0.8259 -0.5457 0.1418
vn 0.6465 0.3887 0.6565
vn 0.6465 0.3887 -0.6565
vn 0.8271 -0.5620 -0.0000
vn 0.7375 -0.5851 0.3374
vn 0.7608 -0.5843 0.2824
vn 0.7608 -0.5843 -0.2824
vn 0.7375 -0.5851 -0.3374
vn 0.6976 0.6867 -0.2043
vn 0.7401 0.5459 -0.3928
vn 0.7401 0.5459 -0.3927
vn 0.7401 0.5459 0.3927
vn 0.6987 0.6878 0.1968
vn 0.7401 0.5459 0.3928
vn 0.6588 -0.2577 0.7068
vn 0.7568 -0.6414 -0.1259
vn 0.7662 -0.6425 0.0079
vn 0.7662 -0.6426 -0.0000
vn 0.7560 -0.6408 0.1336
vn 0.6588 -0.2577 -0.7068
vn 0.7466 -0.3647 -0.5565
vn 0.7520 -0.3829 -0.5366
vn 0.7520 -0.3829 0.5366
vn 0.7466 -0.3647 0.5565
vn 0.8772 -0.4801 -0.0000
vn 0.7366 -0.4843 0.4720
vn 0.7946 -0.4924 0.3552
vn 0.7946 -0.4924 -0.3552
vn 0.7366 -0.4843 -0.4720
vn 0.7237 0.1216 0.6793
vn 0.7237 0.1217 0.6793
vn 0.7237 0.1216 -0.6793
vn 0.7237 0.1217 -0.6793
vn 0.7150 0.0030 0.6991
vn 0.6319 -0.3461 0.6935
vn 0.6366 -0.3442 0.6901
vn 0.7149 0.0109 0.6992
vn 0.7150 0.0030 -0.6991
vn 0.6319 -0.3461 -0.6935
vn 0.7149 0.0109 -0.6992
vn 0.6847 0.2536 0.6833
vn 0.6847 0.2536 0.6832
vn 0.6847 0.2536 -0.6833
vn 0.8996 -0.4246 0.1021
vn 0.9089 -0.4095 0.0787
vn 0.9295 -0.3688 0.0078
vn 0.9295 -0.3687 0.0079
vn 0.9295 -0.3688 0.0079
vn 0.9295 -0.3687 0.0078
vn 0.9146 -0.4006 -0.0550
vn 0.9118 -0.4030 -0.0790
vn 0.9118 -0.4030 -0.0791
vn 0.6104 -0.5640 -0.5563
vn 0.7406 -0.5257 -0.4185
vn 0.8549 -0.4659 0.2283
vn 0.8996 -0.4246 0.1022
vn 0.9089 -0.4095 0.0788
vn 0.7682 0.6402 -0.0078
vn 0.7524 0.6397 0.1569
vn 0.7515 0.6389 0.1645
vn 0.7524 0.6397 -0.1569
vn 0.7533 0.6405 -0.1492
vn 0.7682 0.6402 -0.0079
vn 0.7149 0.0108 0.6992
vn 0.6814 -0.1866 0.7077
vn 0.6902 -0.1397 0.7100
vn 0.6824 0.3161 0.6591
vn 0.7169 0.6179 0.3230
vn 0.7204 0.6063 0.3367
vn 0.6842 0.3090 0.6606
vn 0.6824 0.3162 0.6591
vn 0.6187 0.4979 0.6078
vn 0.7533 0.6405 -0.1493
vn 0.7127 0.4038 -0.5736
vn 0.7268 0.4592 -0.5107
vn 0.7169 0.6179 -0.3230
vn 0.6761 0.3405 -0.6534
vn 0.7204 0.6063 -0.3367
vn 0.6764 0.3247 -0.6611
vn 0.6761 0.3406 -0.6533
vn 0.6764 0.3248 -0.6611
vn 0.6015 0.5367 -0.5917
vn 0.6814 -0.1867 -0.7077
vn 0.7149 0.0108 -0.6992
vn 0.6902 -0.1397 -0.7100
vn 0.7202 0.4598 0.5195
vn 0.7096 0.4144 0.5698
vn 0.7515 0.6389 0.1646
vn 0.8855 -0.4646 -0.0000
vn 0.8880 -0.4581 0.0394
vn 0.8880 -0.4582 0.0394
vn 0.8880 -0.4581 -0.0394
vn 0.8880 -0.4582 -0.0394
vn 0.4628 -0.5542 0.6919
vn 0.3486 -0.6087 0.7127
vn 0.7404 -0.3502 0.5738
vn 0.4629 -0.5541 -0.6919
vn 0.7404 -0.3502 -0.5738
vn 0.3472 -0.6136 -0.7092
vn -0.0258 -0.8085 0.5880
vn 0.1308 -0.7775 0.6151
vn 0.1547 -0.7784 0.6083
vn 0.1308 -0.7775 -0.6151
vn -0.0258 -0.8085 -0.5880
vn 0.1547 -0.7784 -0.6084
vn 0.7126 0.4039 -0.5736
vn 0.7096 0.4145 0.5698
vn 0.3462 -0.5969 0.7238
vn 0.2142 -0.6345 0.7426
vn 0.6575 -0.4474 0.6062
vn 0.3462 -0.5969 -0.7238
vn 0.6575 -0.4474 -0.6062
vn 0.2142 -0.6346 -0.7426
vn 0.1592 -0.6512 0.7421
vn 0.3374 -0.5731 0.7468
vn 0.0260 -0.6908 0.7226
vn 0.1592 -0.6513 -0.7419
vn 0.0260 -0.6908 -0.7226
vn 0.3374 -0.5731 -0.7468
vn 0.7940 -0.6079 -0.0078
vn 0.7580 -0.6348 0.1498
vn 0.7343 -0.6584 0.1654
vn 0.7939 -0.6079 -0.0079
vn 0.7580 -0.6348 -0.1498
vn 0.7426 -0.6509 -0.1577
vn 0.7517 -0.6595 -0.0078
vn 0.7781 -0.6082 -0.1571
vn 0.7013 -0.3900 -0.5967
vn 0.7811 -0.6183 0.0867
vn 0.7011 -0.3356 0.6292
vn 0.7011 -0.3356 0.6291
vn 0.8040 -0.5552 0.2130
vn 0.6629 -0.4070 -0.6284
vn 0.7046 -0.3918 -0.5916
vn 0.7011 -0.3357 0.6292
vn 0.7011 -0.3357 0.6291
vn 0.6430 -0.4564 0.6150
vn 0.4094 -0.6032 0.6845
vn 0.4794 -0.5776 0.6607
vn 0.7674 -0.4056 0.4965
vn 0.4094 -0.6032 -0.6845
vn 0.7674 -0.4056 -0.4965
vn 0.4794 -0.5776 -0.6607
vn 0.7426 -0.6509 -0.1576
vn 0.6901 -0.4162 -0.5921
vn 0.6900 -0.4163 -0.5921
vn 0.6408 -0.4626 -0.6127
vn 0.6942 -0.4138 -0.5889
vn 0.7812 -0.6183 0.0867
vn 0.6950 -0.3601 0.6223
vn 0.6890 -0.3690 0.6238
vn 0.6210 -0.5047 0.5997
vn 0.7940 -0.6079 -0.0079
vn 0.7176 -0.3433 -0.6060
vn 0.7098 -0.2969 0.6387
vn 0.7153 -0.2879 0.6368
vn 0.7175 -0.3433 -0.6060
vn 0.6966 -0.3062 -0.6488
vn 0.7175 -0.3434 -0.6060
vn 0.7153 -0.2880 0.6367
vn 0.6816 -0.3539 0.6405
vn 0.7576 -0.6113 0.2287
vn 0.3746 -0.7325 0.5684
vn 0.7166 -0.6264 0.3068
vn 0.7166 -0.6264 -0.3067
vn 0.3746 -0.7325 -0.5684
vn 0.7576 -0.6113 -0.2287
vn 0.8209 -0.5711 -0.0000
vn 0.7167 -0.6264 -0.3067
vn 0.7167 -0.6264 0.3067
vn 0.7202 0.4598 0.5194
vn 0.7524 0.6397 0.1570
vn 0.7126 0.4038 -0.5736
vn 0.7268 0.4593 -0.5107
vn 0.7034 -0.3834 -0.5986
vn 0.7033 -0.3834 -0.5986
vn 0.6649 -0.4005 -0.6305
vn 0.6498 -0.4477 0.6142
vn 0.6942 -0.6434 -0.3228
vn 0.6704 -0.3524 -0.6530
vn 0.6616 -0.3056 -0.6848
vn 0.6940 -0.6585 -0.2911
vn 0.6658 -0.3699 0.6480
vn 0.6924 -0.6417 0.3298
vn 0.6640 -0.3301 0.6709
vn 0.6958 -0.6526 0.2999
vn 0.7517 -0.6595 -0.0079
vn 0.7781 -0.6082 -0.1570
vn 0.6969 -0.3532 0.6242
vn 0.6259 -0.5021 0.5968
vn 0.6430 -0.4564 -0.6150
vn 0.6963 -0.4074 -0.5909
vn 0.7232 -0.3343 -0.6043
vn 0.7071 -0.2725 -0.6525
vn 0.7212 -0.3294 -0.6094
vn 0.7168 -0.2808 0.6383
vn 0.6917 -0.3274 0.6437
vn 0.7168 -0.2807 0.6383
vn 0.7075 0.6889 0.1576
vn 0.7004 0.7137 -0.0000
vn 0.7092 0.6905 0.1422
vn 0.7075 0.6889 -0.1577
vn 0.7092 0.6905 -0.1422
vn 0.6759 -0.3123 0.6675
vn 0.7017 -0.6352 0.3228
vn 0.6693 -0.2663 0.6936
vn 0.7091 -0.6423 0.2910
vn 0.7051 -0.6459 -0.2926
vn 0.6859 -0.3363 -0.6453
vn 0.6825 -0.2805 -0.6749
vn 0.7088 -0.6496 -0.2751
vn 0.7175 0.3266 -0.6153
vn 0.7233 0.3020 -0.6209
vn 0.6591 0.4916 -0.5691
vn 0.7075 0.6889 0.1577
vn 0.7092 0.6905 0.1423
vn 0.7687 0.3741 0.5188
vn 0.7603 0.4374 0.4802
vn 0.7231 0.2701 0.6357
vn 0.7687 0.3740 0.5189
vn 0.7604 0.4373 0.4802
vn 0.7247 0.2628 0.6370
vn 0.7231 0.2702 0.6357
vn 0.6632 0.4810 0.5734
vn 0.7247 0.2629 0.6370
vn 0.7598 0.4211 -0.4954
vn 0.7544 0.4623 -0.4661
vn 0.7092 0.6905 -0.1423
vn 0.7075 0.6889 -0.1578
vn 0.7175 0.3265 -0.6153
vn 0.7233 0.3020 -0.6210
vn 0.6713 -0.3916 -0.6293
vn 0.7028 -0.3287 0.6309
vn 0.6519 -0.4415 0.6165
vn 0.6829 0.7278 0.0631
vn 0.6829 0.7277 -0.0630
vn 0.6829 0.7278 -0.0631
vn 0.7580 -0.6348 -0.1499
vn 0.8039 -0.5552 0.2130
vn 0.6829 0.7278 -0.0630
vn 0.7778 0.4949 -0.3874
vn 0.7779 0.4949 -0.3874
vn 0.7340 0.3034 -0.6076
vn 0.7821 0.4768 -0.4011
vn 0.7394 0.2787 -0.6129
vn 0.7394 0.2788 -0.6128
vn 0.6666 0.4996 -0.5531
vn 0.6829 0.7278 0.0630
vn 0.7946 0.4397 0.4187
vn 0.7402 0.2394 0.6284
vn 0.7914 0.4539 0.4094
vn 0.7402 0.2393 0.6284
vn 0.7402 0.2394 0.6283
vn 0.6734 0.4829 0.5597
vn -0.0421 0.7060 0.7069
vn -0.1749 0.6862 0.7061
vn -0.2940 0.6642 0.6873
vn -0.1750 0.6861 -0.7061
vn -0.0421 0.7061 -0.7069
vn -0.2940 0.6641 -0.6874
vn 0.7086 0.6981 0.1027
vn 0.7145 0.6882 0.1260
vn 0.7097 0.6991 -0.0870
vn 0.7145 0.6882 -0.1259
vn 0.6931 -0.3668 0.6205
vn 0.6871 -0.3757 0.6219
vn 0.6118 -0.5269 0.5900
vn 0.7516 -0.6595 -0.0079
vn 0.6879 -0.4227 -0.5901
vn 0.6346 -0.4794 -0.6061
vn 0.6974 -0.4158 -0.5837
vn 0.6555 0.7472 0.1099
vn 0.6964 0.7176 0.0079
vn 0.6964 0.7177 0.0079
vn 0.6963 0.7177 0.0078
vn 0.6555 0.7471 -0.1099
vn 0.6964 0.7177 0.0078
vn 0.5963 -0.2517 0.7623
vn 0.5837 -0.2691 0.7661
vn 0.7415 0.0194 0.6707
vn 0.7487 0.4747 -0.4628
vn 0.7482 0.4903 -0.4470
vn 0.7145 0.6882 -0.1260
vn 0.6701 0.2854 -0.6852
vn 0.7482 0.4903 0.4470
vn 0.7482 0.4904 0.4470
vn 0.6701 0.2855 0.6852
vn 0.6033 -0.2356 -0.7619
vn 0.7541 0.0670 -0.6533
vn 0.5983 -0.2369 -0.7654
vn 0.6859 -0.3363 0.6453
vn 0.7194 -0.3364 -0.6077
vn 0.7016 -0.2814 -0.6546
vn 0.7303 0.2702 0.6274
vn 0.6896 0.4196 0.5902
vn 0.7320 0.2629 0.6286
vn 0.7811 0.5481 -0.2991
vn 0.7247 0.2628 -0.6370
vn 0.7834 0.5257 -0.3314
vn 0.7263 0.2554 -0.6382
vn 0.7247 0.2629 -0.6370
vn 0.7263 0.2555 -0.6382
vn 0.6727 0.4663 -0.5745
vn 0.7304 0.2701 0.6274
vn 0.7657 0.5882 0.2603
vn 0.7728 0.5556 0.3069
vn 0.7320 0.2628 0.6286
vn -0.1158 0.8095 0.5756
vn -0.2491 0.7965 0.5509
vn -0.1314 0.8140 0.5658
vn -0.2491 0.7965 -0.5509
vn -0.1158 0.8094 -0.5757
vn -0.1314 0.8141 -0.5657
vn 0.7257 -0.2731 0.6315
vn 0.8135 -0.0890 0.5747
vn 0.7242 -0.2803 0.6300
vn 0.7373 -0.2478 -0.6284
vn 0.7309 -0.2641 -0.6293
vn 0.8245 -0.0411 -0.5644
vn 0.6608 -0.3594 0.6590
vn 0.6980 -0.6319 0.3368
vn 0.6920 -0.6107 0.3851
vn 0.6624 -0.3370 0.6691
vn 0.6999 -0.6335 -0.3298
vn 0.6608 -0.3594 -0.6590
vn 0.6920 -0.6107 -0.3851
vn 0.6624 -0.3370 -0.6691
vn 0.6704 -0.3524 0.6530
vn 0.6940 -0.6125 0.3783
vn 0.6684 -0.3281 0.6675
vn 0.7017 -0.6352 -0.3228
vn 0.6940 -0.6125 -0.3783
vn 0.6684 -0.3282 -0.6675
vn 0.9813 0.1676 -0.0946
vn 0.9343 -0.1097 0.3393
vn 0.9478 -0.0855 0.3072
vn 0.9838 0.1522 -0.0948
vn 0.9343 -0.1098 -0.3393
vn 0.9805 0.1675 0.1024
vn 0.9478 -0.0855 -0.3072
vn 0.9830 0.1521 0.1026
vn 0.9945 0.1046 0.0079
vn 0.9945 0.1046 0.0078
vn 0.6913 0.0891 0.7170
vn 0.6087 0.5120 0.6061
vn 0.6862 0.1434 0.7132
vn 0.7043 0.7099 -0.0000
vn 0.6976 0.6867 0.2044
vn 0.6939 0.6825 0.2293
vn 0.6913 0.0891 -0.7171
vn 0.6861 0.1434 -0.7132
vn 0.6087 0.5120 -0.6061
vn 0.6979 0.6865 -0.2043
vn 0.6940 0.6825 -0.2293
vn 0.7099 0.5299 0.4640
vn 0.7136 0.5086 0.4818
vn 0.6940 0.6825 0.2293
vn 0.6908 0.3564 0.6291
vn 0.6846 0.3650 0.6309
vn 0.6607 0.4284 0.6164
vn 0.6976 0.6867 -0.2044
vn 0.6939 0.6825 -0.2293
vn 0.7099 0.5299 -0.4640
vn 0.7136 0.5086 -0.4818
vn 0.6908 0.3564 -0.6291
vn 0.6846 0.3650 -0.6309
vn 0.6607 0.4284 -0.6164
vn 0.6794 -0.3761 0.6300
vn 0.6959 -0.6450 0.3158
vn 0.6935 -0.6274 0.3542
vn 0.6798 -0.3607 0.6386
vn 0.6959 -0.6450 -0.3158
vn 0.6795 -0.3761 -0.6300
vn 0.6935 -0.6274 -0.3542
vn 0.6798 -0.3607 -0.6386
vn 0.6401 -0.3771 0.6694
vn 0.6863 -0.6436 0.3386
vn 0.6781 -0.6205 0.3939
vn 0.6384 -0.3529 0.6840
vn 0.6863 -0.6436 -0.3386
vn 0.6401 -0.3771 -0.6694
vn 0.6781 -0.6205 -0.3939
vn 0.6384 -0.3529 -0.6840
vn 0.6901 0.6868 0.2281
vn 0.6898 0.6946 0.2045
vn 0.7129 0.5242 0.4658
vn 0.7139 0.4927 0.4975
vn 0.6898 0.6945 -0.2045
vn 0.6901 0.6868 -0.2281
vn 0.7129 0.5242 -0.4658
vn 0.7139 0.4928 -0.4975
vn 0.7129 0.5242 0.4659
vn 0.6860 0.3018 0.6621
vn 0.7139 0.4927 0.4976
vn 0.6761 0.3405 0.6533
vn 0.6860 0.3018 -0.6621
vn 0.7139 0.4927 -0.4976
vn 0.6859 0.3018 -0.6621
vn 0.7129 0.5241 -0.4659
vn 0.6898 0.6946 -0.2044
vn 0.7130 0.6546 0.2511
vn 0.7150 0.6163 0.3301
vn 0.7130 0.6546 -0.2511
vn 0.7150 0.6163 -0.3300
vn 0.7150 0.6162 0.3301
vn 0.7130 0.6546 0.2512
vn 0.7140 0.3887 0.5823
vn 0.7130 0.6546 -0.2512
vn 0.7150 0.6162 -0.3301
vn 0.7140 0.3887 -0.5823
vn 0.7080 0.3735 0.5993
vn 0.6997 0.3890 0.5992
vn 0.7080 0.3735 -0.5993
vn 0.6632 0.4810 -0.5734
vn 0.6997 0.3890 -0.5992
vn 0.7016 0.3581 0.6160
vn 0.6934 0.3737 0.6161
vn 0.6666 0.4433 0.5992
vn 0.7016 0.3581 -0.6160
vn 0.6666 0.4433 -0.5992
vn 0.6974 0.3719 -0.6127
vn 0.7121 0.7020 -0.0000
vn 0.7076 0.6808 -0.1891
vn 0.7042 0.6776 -0.2118
vn 0.7076 0.6809 0.1892
vn 0.7042 0.6776 0.2118
vn 0.7317 0.5213 0.4392
vn 0.7352 0.5078 0.4490
vn 0.7043 0.6776 0.2118
vn 0.7076 0.6808 0.1892
vn 0.7081 0.3735 0.5993
vn 0.7076 0.6808 -0.1892
vn 0.7317 0.5213 -0.4392
vn 0.7352 0.5078 -0.4489
vn 0.7081 0.3735 -0.5993
vn 0.6997 0.3890 -0.5993
vn 0.7121 0.7020 0.0001
vn 0.7054 0.6788 0.2043
vn 0.7018 0.6746 0.2291
vn 0.7054 0.6787 -0.2043
vn 0.7018 0.6746 -0.2291
vn 0.7018 0.6745 0.2292
vn 0.7054 0.6787 0.2043
vn 0.7193 0.5233 0.4570
vn 0.7237 0.5050 0.4703
vn 0.7017 0.3581 0.6160
vn 0.7054 0.6787 -0.2044
vn 0.7017 0.6746 -0.2292
vn 0.7193 0.5233 -0.4570
vn 0.7238 0.5050 -0.4702
vn 0.7017 0.3581 -0.6160
vn 0.6974 0.3718 -0.6127
vn -0.7330 0.6803 -0.0000
vn -0.7274 0.6596 -0.1893
vn -0.7240 0.6564 -0.2119
vn -0.7240 0.6565 0.2119
vn -0.7274 0.6596 0.1893
vn 0.6031 0.7977 -0.0000
vn 0.6560 0.7478 -0.1021
vn 0.6565 0.7484 0.0943
vn 0.5681 0.8166 -0.1021
vn 0.7169 0.6178 0.3231
vn 0.5771 0.8102 -0.1024
vn 0.5676 0.8159 0.1099
vn 0.7169 0.6178 -0.3231
vn 0.5804 0.8067 0.1108
vn 0.5771 0.8102 -0.1023
vn 0.6206 0.7841 0.0079
vn 0.5805 0.8067 0.1108
vn 0.5677 0.8159 0.1099
vn 0.6206 0.7841 0.0080
vn -0.6895 0.7158 0.1104
vn -0.8099 0.4995 -0.3076
vn -0.6975 0.7080 0.1105
vn -0.8099 0.4840 -0.3314
vn -0.6857 0.7195 -0.1098
vn -0.7368 0.6761 0.0079
vn -0.6975 0.7080 -0.1105
vn -0.7971 0.5406 0.2688
vn -0.6857 0.7196 -0.1098
vn -0.6975 0.7081 -0.1105
vn -0.8039 0.5087 0.3082
vn -0.4477 0.5554 0.7007
vn -0.2554 0.7407 0.6213
vn -0.4860 0.4997 0.7170
vn -0.1855 0.7739 0.6055
vn -0.1854 0.7739 -0.6055
vn -0.2554 0.7408 -0.6213
vn -0.0611 0.8325 -0.5506
vn -0.2554 0.7407 -0.6213
vn -0.1855 0.7739 -0.6055
vn -0.4477 0.5554 -0.7008
vn -0.4860 0.4997 -0.7170
vn -0.0846 0.8248 0.5590
vn -0.0220 0.8401 0.5419
vn 0.1350 0.8622 0.4882
vn 0.1535 0.7609 0.6305
vn 0.3834 0.7282 0.5680
vn 0.1688 0.7591 0.6287
vn -0.8004 0.4445 -0.4022
vn -0.7277 0.6829 -0.0631
vn -0.8006 0.4368 -0.4102
vn -0.2554 0.7408 0.6213
vn -0.1854 0.7739 0.6055
vn -0.0611 0.8325 0.5506
vn -0.7277 0.6829 0.0631
vn -0.8135 0.3883 0.4330
vn -0.8115 0.4105 0.4159
vn -0.1628 0.8136 0.5582
vn -0.1006 0.8331 0.5438
vn 0.0562 0.8702 0.4895
vn -0.1854 0.7740 0.6055
vn 0.5673 0.8235 -0.0000
vn 0.4905 0.7997 0.3461
vn 0.4521 0.7755 0.4407
vn 0.4905 0.7997 -0.3461
vn 0.4521 0.7755 -0.4407
vn -0.4145 0.5083 0.7549
vn -0.4006 0.5265 0.7499
vn -0.1767 0.7284 0.6619
vn 0.6426 0.7662 -0.0000
vn 0.5756 0.7675 0.2821
vn 0.5552 0.7631 0.3308
vn 0.5756 0.7675 -0.2820
vn 0.5552 0.7631 -0.3308
vn -0.2642 0.7868 0.5578
vn -0.2102 0.8131 0.5429
vn -0.0621 0.8710 0.4873
vn -0.3925 0.5339 -0.7489
vn -0.1378 0.7589 -0.6365
vn -0.3843 0.5413 -0.7479
vn 0.2661 0.9593 -0.0944
vn 0.0143 0.9494 0.3136
vn -0.0088 0.9405 0.3398
vn 0.2515 0.9632 -0.0949
vn 0.2659 0.9586 0.1022
vn 0.0146 0.9487 -0.3160
vn 0.2513 0.9625 0.1027
vn -0.0088 0.9405 -0.3398
vn 0.2243 0.7626 -0.6067
vn 0.2009 0.7625 -0.6150
vn 0.0745 0.7663 -0.6381
vn 0.2244 0.7626 -0.6067
vn 0.3984 0.7272 -0.5590
vn -0.0654 0.9926 0.1025
vn -0.3000 0.9002 -0.3157
vn -0.0812 0.9914 0.1025
vn -0.3231 0.8835 -0.3393
vn -0.0655 0.9933 -0.0947
vn -0.3000 0.9002 0.3158
vn -0.3231 0.8835 0.3392
vn -0.0812 0.9922 -0.0947
vn -0.4323 0.6320 0.6431
vn -0.2723 0.7654 0.5831
vn -0.4281 0.6375 0.6406
vn -0.0220 0.8401 -0.5419
vn -0.0846 0.8248 -0.5590
vn 0.1350 0.8622 -0.4882
vn -0.0220 0.8401 -0.5420
vn -0.2567 0.7444 -0.6165
vn -0.2788 0.7251 -0.6297
vn -0.4195 0.6444 -0.6393
vn -0.4110 0.6512 -0.6380
vn -0.2260 0.7913 -0.5681
vn -0.1286 0.9917 0.0079
vn -0.1286 0.9917 0.0078
vn -0.0655 0.9926 0.1025
vn -0.1854 0.7740 -0.6055
vn -0.2555 0.7407 -0.6214
vn 0.2114 0.9774 0.0079
vn 0.2515 0.9632 -0.0948
vn -0.3394 0.6366 0.6925
vn 0.1226 0.7455 0.6552
vn 0.1927 0.7528 0.6294
vn -0.2567 0.7444 0.6165
vn -0.2788 0.7251 0.6297
vn -0.0220 0.8401 0.5420
vn 0.1928 0.7528 -0.6294
vn 0.1226 0.7455 -0.6552
vn -0.3323 0.6384 -0.6942
vn -0.2209 0.6164 -0.7558
vn 0.0669 0.7484 -0.6599
vn -0.1978 0.6331 -0.7483
vn -0.2102 0.8131 -0.5429
vn -0.2642 0.7868 -0.5578
vn -0.0621 0.8710 -0.4873
vn -0.2643 0.7868 -0.5578
vn -0.4969 0.5870 -0.6392
vn -0.5258 0.5451 -0.6530
vn -0.4477 0.5554 0.7008
vn -0.2555 0.7407 0.6214
vn 0.2377 0.8488 0.4723
vn 0.4268 0.9043 -0.0000
vn 0.3397 0.9014 0.2684
vn 0.2376 0.8488 -0.4723
vn 0.3397 0.9014 -0.2684
vn -0.1629 0.8136 -0.5582
vn -0.1007 0.8331 -0.5439
vn -0.3718 0.6826 -0.6291
vn -0.4024 0.6501 -0.6446
vn -0.1006 0.8331 -0.5438
vn -0.1628 0.8136 -0.5581
vn 0.0562 0.8702 -0.4895
vn 0.1928 0.7528 0.6294
vn 0.1226 0.7454 0.6552
vn 0.5166 0.7142 0.4722
vn 0.5166 0.7142 -0.4722
vn -0.2442 0.6078 0.7556
vn -0.2200 0.6212 0.7521
vn 0.0123 0.7344 0.6786
vn -0.1909 0.6798 0.7081
vn -0.0820 0.7232 0.6857
vn 0.2477 0.7794 0.5755
vn -0.1909 0.6798 -0.7081
vn 0.2477 0.7794 -0.5755
vn -0.0820 0.7232 -0.6857
vn -0.4969 0.5870 0.6392
vn -0.5258 0.5451 0.6530
vn -0.0040 0.7565 0.6540
vn -0.0041 0.7565 0.6539
vn -0.1616 0.7526 -0.6383
vn -0.1384 0.7627 -0.6318
vn 0.0964 0.8290 -0.5508
vn -0.3777 0.6339 0.6749
vn -0.2789 0.7250 0.6298
vn -0.4031 0.6135 0.6791
vn -0.2789 0.7250 -0.6298
vn -0.3777 0.6339 -0.6749
vn -0.4031 0.6135 -0.6791
vn -0.0282 0.7773 0.6285
vn -0.2948 0.7178 0.6307
vn -0.1855 0.7671 0.6142
vn -0.2933 0.7143 -0.6354
vn -0.0282 0.7773 -0.6285
vn -0.1855 0.7671 -0.6142
vn -0.3719 0.6826 0.6291
vn -0.1629 0.8136 0.5582
vn -0.4024 0.6501 0.6446
vn -0.1007 0.8331 0.5439
vn 0.4954 0.8687 -0.0000
vn 0.3383 0.8723 -0.3531
vn 0.3955 0.8874 -0.2369
vn 0.3956 0.8874 0.2369
vn 0.3383 0.8723 0.3531
vn -0.0368 0.8076 0.5886
vn 0.1985 0.8313 0.5191
vn -0.0368 0.8076 -0.5886
vn 0.1985 0.8313 -0.5191
vn -0.1777 0.7470 0.6406
vn 0.0495 0.8217 0.5678
vn -0.1616 0.7526 0.6383
vn -0.3637 0.6298 0.6864
vn 0.1619 0.7193 0.6756
vn -0.4337 0.6114 0.6619
vn 0.5552 0.7631 0.3309
vn 0.2103 0.7249 0.6559
vn 0.1619 0.7193 0.6755
vn 0.1619 0.7193 -0.6756
vn -0.3637 0.6298 -0.6864
vn -0.4337 0.6114 -0.6619
vn 0.5552 0.7631 -0.3309
vn 0.2178 0.7238 -0.6547
vn 0.1619 0.7193 -0.6755
vn 0.5756 0.7675 -0.2821
vn -0.0488 0.6610 0.7488
vn 0.0596 0.7451 0.6642
vn -0.0796 0.6293 0.7731
vn -0.0488 0.6610 -0.7488
vn -0.0796 0.6293 -0.7731
vn 0.0596 0.7451 -0.6642
vn -0.2934 0.7142 -0.6355
vn 0.3955 0.8874 -0.2370
vn 0.3955 0.8873 0.2370
vn 0.3382 0.8723 0.3531
vn 0.3397 0.9014 0.2685
vn 0.2376 0.8488 0.4723
vn -0.0964 0.6746 0.7319
vn -0.0964 0.6746 -0.7319
vn 0.3397 0.9014 -0.2685
vn 0.2178 0.9707 0.1019
vn 0.2189 0.9756 -0.0157
vn 0.2189 0.9755 -0.0236
vn 0.2178 0.9707 0.1020
vn 0.2189 0.9756 -0.0158
vn 0.2195 0.9693 -0.1105
vn -0.3386 0.6203 0.7075
vn -0.1768 0.7359 0.6536
vn 0.0959 0.8536 0.5121
vn -0.3386 0.6202 -0.7076
vn 0.0959 0.8536 -0.5121
vn -0.1768 0.7359 -0.6536
vn -0.1241 0.8186 -0.5608
vn 0.1250 0.9408 -0.3151
vn 0.1716 0.9565 -0.2360
vn 0.1251 0.9408 -0.3150
vn 0.2195 0.9693 -0.1106
vn 0.1717 0.9565 -0.2359
vn 0.1405 0.9486 0.2835
vn 0.0630 0.9097 0.4105
vn -0.1854 0.7458 0.6398
vn 0.0631 0.9097 0.4104
vn 0.1395 0.9490 0.2828
vn 0.6963 0.7177 0.0079
vn 0.6555 0.7472 0.1098
vn 0.6426 0.7582 0.1104
vn 0.6555 0.7472 -0.1099
vn 0.6426 0.7582 -0.1104
vn -0.5206 0.4023 -0.7531
vn -0.3092 0.7142 -0.6279
vn -0.5164 0.4131 -0.7502
vn 0.7835 0.5257 -0.3314
vn 0.7811 0.5481 -0.2992
vn 0.7727 0.5556 0.3069
vn 0.7657 0.5881 0.2603
vn -0.5221 0.3958 0.7555
vn -0.5133 0.4106 0.7536
vn -0.3475 0.6743 0.6516
vn -0.7163 0.6568 0.2356
vn -0.3817 0.7757 0.5026
vn -0.1313 0.8140 0.5658
vn -0.3817 0.7757 0.5027
vn -0.1159 0.8094 0.5757
vn -0.1159 0.8094 0.5756
vn -0.4533 0.7453 0.4889
vn -0.2492 0.7965 0.5509
vn -0.1313 0.8140 -0.5658
vn -0.3817 0.7757 -0.5026
vn -0.7163 0.6568 -0.2356
vn -0.3817 0.7757 -0.5027
vn -0.1314 0.8140 -0.5658
vn -0.1159 0.8094 -0.5757
vn -0.1159 0.8094 -0.5756
vn -0.2492 0.7965 -0.5509
vn -0.4533 0.7453 -0.4889
vn 0.0147 0.9487 -0.3160
vn -0.0089 0.9405 -0.3398
vn -0.1385 0.7627 -0.6318
vn -0.0089 0.9405 0.3398
vn 0.0144 0.9494 0.3136
vn -0.1616 0.7526 0.6384
vn -0.7588 0.6432 -0.1025
vn -0.8457 0.4189 0.3307
vn -0.8462 0.4113 0.3388
vn -0.8457 0.4189 -0.3306
vn -0.7582 0.6426 0.1103
vn -0.8462 0.4113 -0.3387
vn -0.3942 0.9190 0.0079
vn -0.3483 0.9309 0.1106
vn -0.3319 0.9369 0.1103
vn -0.3318 0.9369 -0.1103
vn -0.3942 0.9190 0.0078
vn -0.3483 0.9309 -0.1105
vn -0.5801 0.4968 -0.6456
vn -0.5800 0.4968 -0.6456
vn -0.4517 0.6747 -0.5837
vn -0.5023 0.8222 0.2679
vn -0.5265 0.7923 0.3081
vn -0.3482 0.9309 -0.1106
vn -0.5808 0.5051 0.6383
vn -0.4896 0.6336 0.5990
vn -0.3318 0.9369 0.1103
vn -0.5323 0.7889 -0.3069
vn -0.3482 0.9309 0.1106
vn -0.5402 0.7738 -0.3308
vn 0.6158 -0.4776 0.6267
vn 0.8408 -0.4907 0.2286
vn 0.8259 -0.5457 0.1417
vn 0.4607 -0.4525 0.7635
vn 0.4376 -0.4612 0.7719
vn 0.6666 -0.2808 0.6905
vn -0.6686 -0.3804 0.6389
vn -0.6876 0.1235 0.7155
vn -0.6946 0.0684 0.7162
vn -0.6676 -0.3959 0.6305
vn 0.4761 -0.6904 0.5447
vn 0.6370 -0.0618 0.7684
vn 0.4757 -0.6973 0.5361
vn 0.6318 -0.0780 0.7712
vn -0.6129 -0.3787 0.6935
vn -0.6252 0.1175 0.7716
vn -0.6232 0.0780 0.7782
vn -0.6114 -0.4097 0.6770
vn -0.7078 0.1633 0.6873
vn -0.7334 0.3508 0.5823
vn -0.7463 0.5779 0.3301
vn 0.6988 0.6877 0.1968
vn 0.7400 0.5459 0.3928
vn 0.6566 0.7484 0.0943
vn 0.6770 -0.2192 0.7026
vn 0.5492 -0.4518 0.7030
vn 0.4940 -0.5147 0.7007
vn -0.6733 0.1868 0.7154
vn -0.7077 0.1632 0.6874
vn -0.6672 0.2031 0.7167
vn -0.7334 0.3507 0.5823
vn -0.6685 -0.5994 0.4403
vn -0.6087 -0.2606 0.7494
vn -0.6113 -0.1978 0.7663
vn -0.6750 -0.6387 0.3694
vn -0.6252 0.1176 0.7715
vn -0.5496 0.4985 0.6704
vn -0.6232 0.0781 0.7781
vn -0.6504 -0.3626 0.6675
vn -0.6600 0.1565 0.7347
vn -0.6631 0.1240 0.7382
vn -0.6510 -0.3869 0.6531
vn -0.6112 -0.1977 0.7664
vn -0.5974 0.2131 0.7731
vn -0.5962 0.1893 0.7802
vn -0.6087 -0.2605 0.7494
vn 0.5679 0.2430 0.7864
vn 0.7466 -0.3646 0.5565
vn 0.5703 0.2280 0.7891
vn -0.6733 0.1869 0.7154
vn -0.6671 0.2032 0.7167
vn -0.6313 0.4075 0.6598
vn -0.8512 0.0799 0.5187
vn -0.4007 0.5264 0.7499
vn 0.2210 -0.6164 0.7558
vn 0.1975 -0.6247 0.7555
vn 0.5428 -0.5151 0.6634
vn -0.5974 0.2133 0.7731
vn -0.5698 0.4565 0.6833
vn -0.5962 0.1894 0.7802
vn -0.6438 -0.3712 0.6691
vn -0.6620 0.1394 0.7365
vn -0.6649 0.0929 0.7411
vn -0.6364 -0.3952 0.6624
vn -0.6600 0.1566 0.7347
vn -0.5955 0.5191 0.6131
vn -0.6631 0.1241 0.7382
vn -0.6620 0.1394 0.7364
vn -0.5880 0.5273 0.6133
vn -0.6649 0.0930 0.7411
vn -0.5928 -0.2044 0.7789
vn -0.7439 0.4296 0.5119
vn -0.7352 0.3827 0.5595
vn -0.5950 -0.1892 0.7812
vn -0.6975 -0.4838 0.5285
vn -0.6341 0.1644 0.7555
vn -0.7003 -0.4777 0.5305
vn -0.6355 0.1491 0.7576
vn 0.6310 -0.3145 0.7092
vn 0.6350 -0.2970 0.7132
vn 0.6039 -0.3723 0.7048
vn 0.6814 -0.1867 0.7077
vn 0.5547 -0.4497 0.7001
vn 0.6902 -0.1398 0.7100
vn 0.4594 -0.4283 0.7781
vn 0.6382 -0.3373 0.6921
vn 0.4761 -0.4210 0.7721
vn 0.6072 -0.3616 0.7075
vn 0.6310 -0.3146 0.7092
vn 0.5921 -0.3856 0.7076
vn 0.5881 -0.1347 0.7975
vn 0.7096 0.4144 0.5699
vn 0.5912 -0.1022 0.8001
vn 0.3515 -0.4946 0.7948
vn 0.2419 -0.5358 0.8090
vn 0.7366 -0.4844 0.4720
vn 0.0377 0.6709 0.7406
vn 0.0690 0.6702 0.7389
vn 0.3943 0.6511 0.6485
vn -0.5823 0.2529 0.7726
vn -0.4860 0.4996 0.7171
vn -0.5885 0.2443 0.7707
vn -0.4478 0.5554 0.7008
vn 0.3246 -0.6686 0.6690
vn 0.3869 -0.6510 0.6531
vn -0.1774 -0.7364 0.6529
vn 0.6237 0.2289 0.7474
vn 0.6237 0.2288 0.7475
vn -0.5816 -0.3540 0.7324
vn -0.6394 0.1012 0.7622
vn -0.5960 -0.1816 0.7822
vn -0.5885 0.2442 0.7707
vn -0.5969 -0.1739 0.7832
vn -0.5824 0.2529 0.7726
vn 0.5703 0.2281 0.7891
vn 0.4832 0.5335 0.6942
vn -0.6355 0.1492 0.7576
vn -0.6341 0.1645 0.7555
vn -0.5938 0.4716 0.6519
vn 0.4150 -0.4936 0.7643
vn 0.6058 -0.4359 0.6655
vn 0.4215 -0.4918 0.7619
vn 0.6541 0.0013 0.7564
vn 0.6280 -0.1338 0.7666
vn 0.6540 0.0092 0.7564
vn 0.6208 -0.1655 0.7663
vn 0.5674 -0.3468 0.7468
vn 0.6541 0.0014 0.7564
vn 0.5835 -0.3156 0.7483
vn 0.5036 -0.5010 0.7038
vn 0.4396 -0.5628 0.7000
vn 0.6071 -0.3616 0.7075
vn -0.6680 -0.3561 0.6535
vn -0.6502 0.1719 0.7400
vn -0.6687 -0.3086 0.6765
vn -0.6517 0.1566 0.7421
vn -0.6033 -0.1260 0.7875
vn -0.6070 -0.0791 0.7907
vn -0.6070 -0.0792 0.7907
vn -0.5724 -0.3850 0.7240
vn -0.6033 -0.1261 0.7875
vn 0.5945 -0.1106 0.7965
vn 0.5922 -0.0711 0.8026
vn -0.6517 0.1567 0.7421
vn -0.6502 0.1720 0.7400
vn -0.6111 0.4570 0.6462
vn -0.6967 -0.4592 0.5511
vn -0.6569 0.1480 0.7393
vn -0.6963 -0.4509 0.5584
vn -0.6587 0.1248 0.7420
vn -0.6029 -0.1656 0.7805
vn -0.7439 0.4295 0.5119
vn -0.6025 -0.1338 0.7868
vn -0.6587 0.1249 0.7420
vn -0.6569 0.1481 0.7393
vn -0.6181 0.4485 0.6456
vn 0.4214 -0.4918 0.7619
vn 0.1174 -0.5580 0.8215
vn 0.4149 -0.4936 0.7643
vn 0.0074 -0.5797 0.8148
vn 0.5491 -0.4519 0.7030
vn 0.4939 -0.5148 0.7007
vn 0.3774 -0.6258 0.6826
vn 0.1169 -0.5489 0.8277
vn -0.1638 -0.6838 0.7110
vn 0.2112 -0.5163 0.8299
vn -0.2409 -0.7313 0.6381
vn 0.4760 -0.4210 0.7721
vn 0.5457 -0.3409 0.7655
vn 0.6208 -0.1656 0.7663
vn 0.5045 -0.4099 0.7599
vn 0.6281 -0.1338 0.7666
vn 0.0572 -0.6771 0.7336
vn 0.1592 -0.6512 0.7420
vn 0.5852 -0.1729 0.7922
vn 0.5858 -0.1653 0.7934
vn -0.6533 -0.4044 0.6400
vn -0.6465 0.1242 0.7528
vn -0.6518 -0.3714 0.6613
vn -0.6482 0.0932 0.7557
vn -0.7722 0.4472 0.4514
vn -0.6762 0.2501 0.6930
vn -0.6706 0.2590 0.6952
vn -0.6482 0.0933 0.7557
vn -0.6465 0.1243 0.7528
vn -0.6037 0.4424 0.6632
vn -0.5950 -0.1893 0.7811
vn -0.4967 -0.5801 0.6456
vn 0.5387 -0.4576 0.7074
vn 0.5911 -0.1023 0.8001
vn -0.5917 -0.2119 0.7778
vn -0.5939 -0.1968 0.7801
vn 0.2418 -0.5358 0.8090
vn 0.3514 -0.4946 0.7949
vn -0.1166 -0.6385 0.7607
vn -0.6761 0.2502 0.6930
vn -0.6021 0.3945 0.6942
vn -0.6706 0.2591 0.6951
vn 0.6038 -0.3724 0.7048
vn 0.5547 -0.4498 0.7000
vn 0.4553 -0.5700 0.6839
vn 0.5876 -0.1424 0.7966
vn 0.5908 -0.1099 0.7993
vn 0.4607 -0.4525 0.7636
vn -0.0095 -0.8441 0.5361
vn 0.4375 -0.4613 0.7719
vn -0.0171 -0.8498 0.5268
vn 0.5945 -0.1107 0.7964
vn 0.5557 -0.3886 0.7350
vn -0.0836 -0.7098 0.6995
vn 0.4093 -0.6032 0.6845
vn -0.1314 -0.7145 0.6872
vn -0.5959 -0.1816 0.7822
vn -0.5816 -0.3541 0.7324
vn 0.0073 -0.5797 0.8148
vn -0.3171 -0.7941 0.5185
vn 0.1173 -0.5580 0.8215
vn -0.3795 -0.8446 0.3778
vn 0.7342 -0.6584 0.1654
vn -0.3231 0.8835 0.3393
vn -0.2999 0.9002 0.3157
vn -0.6025 -0.1339 0.7868
vn -0.5367 -0.4849 0.6905
vn -0.6029 -0.1657 0.7804
vn -0.0867 -0.5918 0.8014
vn -0.1198 -0.5475 0.8282
vn -0.0299 -0.6626 0.7483
vn 0.4521 0.7755 0.4408
vn 0.1099 0.6170 0.7792
vn 0.0161 0.5927 0.8052
vn 0.5036 -0.5011 0.7038
vn 0.4396 -0.5629 0.7000
vn 0.3156 -0.6590 0.6827
vn -0.6018 -0.1415 0.7860
vn -0.6059 -0.0949 0.7898
vn -0.5627 -0.4154 0.7147
vn -0.6018 -0.1416 0.7860
vn 0.5457 -0.3410 0.7655
vn 0.5044 -0.4100 0.7599
vn 0.4163 -0.5258 0.7417
vn 0.5852 -0.1730 0.7922
vn 0.5036 -0.5547 0.6623
vn 0.5858 -0.1654 0.7934
vn 0.0531 -0.5198 0.8526
vn 0.1294 -0.4440 0.8866
vn -0.7533 0.5386 0.3773
vn -0.3943 0.6122 0.6854
vn -0.5939 -0.1969 0.7801
vn -0.4968 -0.5883 0.6381
vn -0.5918 -0.2120 0.7777
vn 0.5875 -0.1424 0.7966
vn 0.5313 -0.4658 0.7076
vn 0.5908 -0.1100 0.7993
vn -0.0547 -0.6151 0.7865
vn 0.0531 -0.5199 0.8526
vn 0.5822 -0.1903 0.7905
vn 0.5845 -0.1805 0.7911
vn -0.3942 0.6122 0.6854
vn 0.5525 -0.4018 0.7302
vn 0.0631 0.6101 0.7898
vn -0.2087 0.4736 0.8557
vn -0.2707 0.4406 0.8559
vn 0.0549 0.6064 0.7932
vn 0.2429 0.6693 0.7022
vn -0.5928 -0.2044 0.7790
vn -0.6010 -0.1809 0.7785
vn -0.5389 -0.4789 0.6930
vn 0.6202 0.1665 0.7666
vn 0.6191 0.1424 0.7723
vn 0.5535 0.4864 0.6761
vn 0.5945 -0.1106 0.7964
vn 0.6640 -0.3300 0.6710
vn 0.6202 0.1664 0.7666
vn 0.6191 0.1423 0.7723
vn 0.5822 -0.1904 0.7904
vn 0.4880 -0.5782 0.6538
vn 0.5845 -0.1806 0.7910
vn 0.5962 -0.2517 0.7623
vn 0.2720 -0.8010 0.5333
vn 0.5837 -0.2691 0.7660
vn 0.2658 -0.8061 0.5287
vn -0.2708 0.4406 0.8559
vn -0.7219 0.4467 0.5285
vn -0.8055 0.4505 0.3849
vn -0.6010 -0.1810 0.7785
vn -0.5048 -0.5643 0.6532
vn -0.5928 -0.2045 0.7789
vn 0.6305 0.1891 0.7528
vn 0.6325 0.1739 0.7548
vn 0.5624 0.4955 0.6619
vn 0.5324 -0.4745 0.7010
vn 0.1618 0.7193 0.6756
vn -0.3637 0.6297 0.6864
vn 0.2102 0.7249 0.6560
vn -0.0489 0.6610 0.7488
vn -0.3424 0.4629 0.8176
vn -0.3756 0.4413 0.8150
vn -0.0796 0.6292 0.7731
vn -0.6065 -0.0870 0.7903
vn -0.6065 -0.0871 0.7903
vn -0.5646 -0.4089 0.7170
vn -0.4065 0.5615 0.7208
vn -0.0964 0.6745 0.7319
vn 0.5952 -0.0950 0.7979
vn 0.5926 -0.0554 0.8036
vn 0.7180 -0.4056 0.5657
vn 0.6305 0.1890 0.7529
vn 0.7198 -0.4222 0.5511
vn 0.6325 0.1738 0.7548
vn 0.0160 0.5927 0.8053
vn -0.3756 0.4871 0.7885
vn 0.1098 0.6170 0.7792
vn -0.5777 0.4332 0.6919
vn 0.6176 0.2134 0.7570
vn 0.6246 0.1975 0.7555
vn 0.5624 0.4956 0.6619
vn 0.5952 -0.0951 0.7979
vn 0.5625 -0.3644 0.7422
vn -0.6040 -0.1183 0.7882
vn 0.6065 0.2042 0.7684
vn 0.6086 0.1890 0.7706
vn 0.5391 0.5194 0.6630
vn 0.6693 -0.2663 0.6937
vn 0.6176 0.2133 0.7570
vn 0.6759 -0.3122 0.6676
vn 0.6247 0.1974 0.7555
vn -0.5620 0.3486 0.7501
vn -0.4478 0.5553 0.7008
vn 0.5881 -0.1816 0.7881
vn 0.7202 0.4597 0.5195
vn -0.4031 0.6134 0.6791
vn -0.4466 0.5691 0.6904
vn -0.5411 -0.4727 0.6955
vn -0.5996 -0.0552 0.7984
vn -0.5965 -0.1023 0.7961
vn 0.5881 -0.1817 0.7881
vn 0.4961 -0.5707 0.6544
vn -0.6209 0.2593 0.7398
vn -0.5988 -0.2674 0.7550
vn -0.6009 -0.2764 0.7500
vn 0.7182 -0.4367 0.5417
vn 0.6065 0.2041 0.7685
vn 0.7189 -0.4448 0.5342
vn 0.6086 0.1889 0.7706
vn -0.6139 0.3838 0.6898
vn -0.5259 0.5450 0.6530
vn -0.6156 0.3772 0.6920
vn -0.4969 0.5869 0.6392
vn -0.1749 0.6861 0.7062
vn -0.4025 0.6578 0.6367
vn -0.1910 0.6797 0.7082
vn -0.3757 0.4413 0.8149
vn -0.7474 0.2719 0.6062
vn -0.7510 0.2731 0.6012
vn -0.5005 0.4748 0.7239
vn -0.1855 0.7458 0.6398
vn -0.5004 0.4749 0.7239
vn -0.3387 0.6202 0.7075
vn -0.1855 0.7458 0.6399
vn 0.6684 0.2927 0.6838
vn 0.5890 0.4260 0.6868
vn -0.6661 -0.0331 0.7452
vn -0.6606 -0.1121 0.7423
vn -0.6138 0.3839 0.6898
vn -0.6391 -0.5522 0.5353
vn -0.6264 0.0942 0.7738
vn -0.6393 -0.5443 0.5432
vn -0.6236 0.0623 0.7792
vn 0.6400 0.1108 0.7603
vn 0.4930 -0.5062 0.7076
vn 0.5173 -0.4525 0.7264
vn -0.5561 0.4817 0.6772
vn -0.4024 0.6500 0.6446
vn -0.5561 0.4818 0.6772
vn -0.3719 0.6825 0.6291
vn 0.4163 -0.5259 0.7417
vn 0.6458 -0.0067 0.7635
vn 0.6459 -0.0146 0.7633
vn 0.5755 -0.3313 0.7477
vn 0.5769 -0.3243 0.7497
vn -0.5380 0.6567 0.5285
vn 0.0689 0.6702 0.7390
vn -0.5436 0.6538 0.5263
vn 0.0376 0.6709 0.7406
vn -0.3669 -0.7430 0.5598
vn 0.2209 -0.6164 0.7558
vn -0.3601 -0.7451 0.5614
vn 0.1974 -0.6247 0.7555
vn -0.6032 0.4185 0.6789
vn -0.6032 0.4186 0.6789
vn 0.6685 0.2926 0.6838
vn 0.6701 0.2854 0.6852
vn 0.7481 0.4903 0.4470
vn -0.6237 0.0625 0.7792
vn -0.6238 0.3772 0.6845
vn -0.5995 -0.0552 0.7985
vn -0.5988 -0.2675 0.7549
vn -0.6825 0.2805 0.6749
vn -0.6605 -0.2925 0.6915
vn -0.6637 -0.2779 0.6944
vn 0.6591 0.1277 0.7411
vn 0.5596 0.5574 0.6133
vn 0.6538 0.1739 0.7364
vn -0.1779 0.7469 0.6407
vn -0.1617 0.7526 0.6384
vn 0.7257 -0.2732 0.6315
vn 0.7242 -0.2804 0.6300
vn 0.6557 0.1586 0.7381
vn 0.5675 0.5496 0.6131
vn 0.6509 0.1910 0.7347
vn -0.6169 0.4013 0.6771
vn -0.5562 0.4817 0.6772
vn -0.6169 0.4012 0.6770
vn 0.6538 0.1738 0.7365
vn 0.6591 0.1276 0.7411
vn 0.6215 -0.2283 0.7494
vn 0.5854 0.2441 0.7731
vn 0.5855 0.2202 0.7802
vn 0.5855 0.2204 0.7802
vn 0.5451 0.4857 0.6833
vn 0.5855 0.2442 0.7730
vn 0.6704 -0.3523 0.6531
vn 0.6509 0.1909 0.7347
vn 0.6557 0.1585 0.7382
vn 0.6215 -0.2284 0.7494
vn 0.6989 -0.5636 0.4402
vn 0.7075 -0.6025 0.3694
vn 0.6367 0.0956 0.7652
vn 0.5524 0.5095 0.6598
vn 0.6324 0.1423 0.7615
vn -0.6659 0.3544 0.6564
vn 0.6556 0.2378 0.7167
vn 0.6626 0.2219 0.7154
vn 0.6091 0.4401 0.6597
vn 0.6324 0.1422 0.7615
vn 0.6367 0.0955 0.7652
vn 0.6795 -0.3760 0.6300
vn 0.6861 0.1433 0.7132
vn 0.6913 0.0890 0.7170
vn 0.6982 0.2001 0.6874
vn 0.7140 0.3886 0.5823
vn 0.6626 0.2218 0.7154
vn 0.6555 0.2378 0.7167
vn 0.7140 0.3886 0.5824
vn 0.6982 0.2000 0.6874
vn 0.7150 0.6162 0.3302
vn -0.5265 0.7924 0.3081
vn -0.5023 0.8222 0.2678
vn -0.5809 0.5051 0.6384
vn -0.8349 -0.1485 0.5300
vn -0.8362 -0.1554 0.5260
vn -0.5221 0.3957 0.7555
vn -0.2201 0.6212 0.7521
vn -0.7749 0.3585 0.5207
vn -0.2443 0.6078 0.7556
vn -0.7519 0.4836 0.4481
vn -0.7325 0.6415 0.2280
vn -0.7519 0.4682 0.4641
vn -0.7326 0.6492 0.2044
vn -0.7250 0.3274 0.6060
vn -0.7176 0.3433 0.6060
vn -0.7519 0.4836 -0.4481
vn -0.7325 0.6415 -0.2280
vn -0.7326 0.6492 -0.2044
vn -0.7521 0.4680 -0.4640
vn -0.7250 0.3274 -0.6060
vn -0.7175 0.3434 -0.6060
vn -0.7443 0.6678 -0.0000
vn -0.7443 0.6678 0.0001
vn -0.7454 0.5002 0.4408
vn -0.7240 0.6564 0.2120
vn -0.7456 0.4925 0.4489
vn -0.7191 0.3519 0.5993
vn -0.7094 0.3744 0.5972
vn -0.7454 0.5002 -0.4408
vn -0.7240 0.6564 -0.2120
vn -0.7456 0.4925 -0.4489
vn -0.7191 0.3518 -0.5992
vn -0.7094 0.3744 -0.5972
vn -0.7330 0.6802 -0.0000
vn -0.7274 0.6595 -0.1893
vn -0.7274 0.6595 0.1893
vn -0.7175 0.3434 0.6060
vn -0.6889 0.4078 0.5992
vn -0.6890 0.4078 -0.5992
vn -0.6753 -0.6470 0.3539
vn -0.6676 -0.3960 0.6305
vn -0.6686 -0.3805 0.6389
vn -0.6770 -0.6648 0.3156
vn -0.6676 -0.3960 -0.6305
vn -0.6754 -0.6470 -0.3539
vn -0.6686 -0.3805 -0.6389
vn -0.6770 -0.6648 -0.3156
vn -0.7405 0.6721 -0.0000
vn -0.7463 0.6164 -0.2511
vn -0.7463 0.5780 -0.3301
vn -0.7463 0.5780 0.3300
vn -0.7463 0.6164 0.2511
vn -0.6427 -0.6531 0.4005
vn -0.6114 -0.4098 0.6770
vn -0.6517 -0.6787 0.3386
vn -0.6114 -0.4098 -0.6770
vn -0.6447 -0.6551 -0.3939
vn -0.6129 -0.3787 -0.6935
vn -0.6517 -0.6787 -0.3386
vn -0.7463 0.6164 0.2512
vn -0.7463 0.5780 0.3301
vn -0.7463 0.6164 -0.2512
vn -0.7334 0.3508 -0.5823
vn -0.7191 0.3519 0.5992
vn -0.6743 0.4632 0.5752
vn -0.6742 0.4632 -0.5752
vn -0.7191 0.3519 -0.5993
vn -0.6875 0.1236 0.7156
vn -0.6204 0.4964 0.6072
vn -0.6946 0.0684 0.7161
vn -0.6876 0.1236 -0.7155
vn -0.6946 0.0684 -0.7162
vn -0.6204 0.4964 -0.6072
vn -0.7368 0.6761 -0.0000
vn -0.7252 0.6575 -0.2044
vn -0.7251 0.6498 -0.2281
vn -0.7251 0.6498 0.2281
vn -0.7252 0.6575 0.2044
vn -0.9801 -0.1595 -0.1181
vn -0.9884 -0.1519 -0.0000
vn -0.9801 -0.1595 -0.1180
vn -0.9801 -0.1595 0.1181
vn -0.7394 0.4861 0.4658
vn -0.7387 0.4547 0.4975
vn -0.7252 0.6575 0.2045
vn -0.7394 0.4862 -0.4658
vn -0.7252 0.6575 -0.2045
vn -0.7387 0.4547 -0.4975
vn -0.7387 0.4547 0.4976
vn -0.7008 0.2655 0.6621
vn -0.7394 0.4861 0.4659
vn -0.7387 0.4547 -0.4976
vn -0.7008 0.2655 -0.6621
vn -0.7394 0.4861 -0.4659
vn -0.7366 0.4920 0.4640
vn -0.7325 0.6414 0.2280
vn -0.7428 0.4677 0.4790
vn -0.7102 0.3127 0.6308
vn -0.7045 0.3217 0.6326
vn -0.7394 0.4861 -0.4658
vn -0.7428 0.4677 -0.4790
vn -0.7102 0.3127 -0.6308
vn -0.7045 0.3217 -0.6326
vn -0.7405 0.6721 -0.0001
vn -0.7405 0.6721 0.0001
vn -0.6510 -0.3870 0.6530
vn -0.6610 -0.6480 0.3783
vn -0.6675 -0.6710 0.3228
vn -0.6504 -0.3627 0.6675
vn -0.6510 -0.3870 -0.6530
vn -0.6610 -0.6480 -0.3783
vn -0.6504 -0.3627 -0.6675
vn -0.6675 -0.6710 -0.3228
vn -0.6930 0.3047 0.6533
vn -0.6930 0.3047 -0.6533
vn -0.8512 0.0799 -0.5187
vn -0.6364 -0.3953 0.6623
vn -0.6590 -0.6460 0.3851
vn -0.6640 -0.6676 0.3368
vn -0.6364 -0.3953 -0.6623
vn -0.6591 -0.6460 -0.3851
vn -0.6439 -0.3712 -0.6691
vn -0.6658 -0.6693 -0.3298
vn -0.6822 0.3932 0.6164
vn -0.6822 0.3932 -0.6164
vn -0.7977 0.6030 -0.0079
vn -0.7858 0.6002 0.1492
vn -0.7817 0.6033 0.1579
vn -0.7836 0.6048 -0.1424
vn -0.7827 0.6040 -0.1501
vn -0.7409 0.3737 -0.5580
vn -0.7529 0.4223 -0.5049
vn -0.7827 0.6041 -0.1502
vn -0.7858 0.6002 0.1493
vn -0.7352 0.3828 0.5594
vn -0.7313 0.2174 -0.6465
vn -0.7368 0.6761 0.0078
vn -0.7971 0.5407 0.2688
vn -0.7375 0.2245 0.6370
vn -0.7387 0.2170 0.6382
vn -0.7386 0.2171 0.6382
vn -0.7375 0.2246 0.6369
vn -0.6680 -0.3562 0.6534
vn -0.6734 -0.6693 0.3140
vn -0.6745 -0.6785 0.2910
vn -0.6686 -0.3087 0.6765
vn -0.6764 -0.3248 -0.6611
vn -0.6750 -0.3719 -0.6373
vn -0.6666 -0.6863 -0.2911
vn -0.6752 -0.6873 -0.2678
vn -0.7836 0.6048 -0.1425
vn -0.7827 0.6040 -0.1502
vn -0.7313 0.2175 -0.6465
vn -0.6888 0.4311 -0.5828
vn -0.7817 0.6033 0.1578
vn -0.7495 0.6499 0.1260
vn -0.7509 0.6511 0.1104
vn -0.7489 0.6570 -0.0865
vn -0.7525 0.6447 -0.1344
vn -0.7650 -0.6440 -0.0078
vn -0.7650 -0.6440 -0.0079
vn -0.7238 -0.6736 0.1498
vn -0.7066 -0.6880 0.1653
vn -0.7153 -0.6809 -0.1576
vn -0.7229 -0.6728 -0.1575
vn -0.7650 -0.6439 -0.0079
vn -0.7694 0.4456 0.4576
vn -0.7694 0.4456 -0.4576
vn -0.7689 0.4297 -0.4734
vn -0.7525 0.6447 -0.1345
vn -0.7198 -0.6941 -0.0079
vn -0.7066 -0.6880 0.1654
vn -0.7491 -0.6434 -0.1578
vn -0.7199 -0.6941 -0.0078
vn -0.6974 -0.3718 -0.6127
vn -0.7152 -0.6809 -0.1576
vn -0.7550 -0.6500 0.0866
vn -0.6954 -0.3107 0.6480
vn -0.6919 -0.3091 0.6525
vn -0.7768 -0.5930 0.2117
vn -0.6561 -0.3418 -0.6728
vn -0.6588 -0.3872 -0.6451
vn -0.6595 -0.6788 -0.3228
vn -0.6585 -0.6940 -0.2911
vn -0.6595 -0.6788 0.3228
vn -0.6585 -0.6940 0.2911
vn -0.6518 -0.3715 0.6612
vn -0.6762 0.2502 0.6930
vn -0.7694 0.4456 0.4577
vn -0.7694 0.4455 -0.4577
vn -0.6762 0.2502 -0.6930
vn -0.7278 0.6829 -0.0631
vn -0.8005 0.4445 -0.4022
vn -0.8005 0.4444 -0.4022
vn -0.8006 0.4367 -0.4102
vn -0.7381 0.2637 -0.6210
vn -0.7459 0.2401 -0.6213
vn -0.7278 0.6829 0.0631
vn -0.8135 0.3882 0.4330
vn -0.7445 0.2007 0.6368
vn -0.7455 0.1932 0.6378
vn -0.6995 -0.3650 -0.6143
vn -0.6824 -0.3161 -0.6591
vn -0.7827 0.6041 -0.1501
vn -0.6918 -0.3091 0.6525
vn -0.6660 -0.3630 0.6517
vn -0.6947 0.4450 0.5651
vn -0.7445 0.2008 0.6368
vn -0.7381 0.2638 -0.6209
vn -0.6888 0.4620 -0.5586
vn -0.7199 -0.6941 -0.0079
vn -0.7491 -0.6434 -0.1579
vn -0.7198 -0.6941 -0.0078
vn -0.6648 -0.4581 -0.5901
vn -0.7153 -0.6808 -0.1576
vn -0.6654 -0.4026 0.6286
vn -0.6698 -0.3892 0.6324
vn -0.7769 -0.5930 0.2117
vn -0.7471 0.6478 0.1491
vn -0.7490 0.6417 0.1652
vn -0.7489 0.6417 -0.1652
vn -0.7508 0.6433 -0.1499
vn -0.7796 0.3258 0.5348
vn -0.7471 0.6478 0.1492
vn -0.7489 0.6417 0.1653
vn -0.7792 0.3954 0.4863
vn -0.7796 0.3258 0.5349
vn -0.7301 0.2249 0.6453
vn -0.7313 0.2174 0.6465
vn -0.7746 0.3817 -0.5043
vn -0.7489 0.6417 -0.1653
vn -0.7747 0.4206 -0.4722
vn -0.7263 0.2890 -0.6237
vn -0.7309 0.2641 -0.6293
vn -0.7309 0.2642 -0.6293
vn -0.6809 0.4544 -0.5744
vn -0.2999 0.9002 -0.3157
vn -0.4111 0.6511 -0.6380
vn -0.4196 0.6443 -0.6394
vn -0.4324 0.6320 0.6431
vn -0.7313 0.2175 0.6465
vn -0.6824 0.4399 0.5838
vn -0.7301 0.2250 0.6453
vn -0.6673 -0.4518 -0.5921
vn -0.6087 -0.5120 -0.6061
vn -0.6648 -0.4582 -0.5901
vn -0.7529 0.4222 -0.5049
vn -0.6698 -0.3892 0.6323
vn -0.5861 -0.5527 0.5925
vn -0.7352 0.3827 0.5594
vn -0.7490 -0.6435 -0.1579
vn -0.6815 -0.4111 -0.6055
vn -0.6791 -0.3581 0.6408
vn -0.0547 -0.6152 0.7865
vn 0.0531 -0.5198 -0.8526
vn 0.1294 -0.4440 -0.8866
vn -0.0546 -0.6151 -0.7866
vn -0.6847 -0.4131 -0.6005
vn -0.6421 -0.4261 -0.6373
vn -0.6814 -0.4112 -0.6055
vn -0.7884 0.5325 0.3081
vn -0.3943 0.6122 0.6853
vn -0.7533 0.5386 0.3774
vn -0.7533 0.5386 -0.3774
vn -0.3943 0.6122 -0.6853
vn -0.7883 0.5325 -0.3081
vn -0.6248 -0.4726 0.6215
vn -0.8666 0.4989 -0.0000
vn -0.7884 0.5325 -0.3081
vn -0.7533 0.5386 -0.3773
vn 0.0997 -0.7942 0.5994
vn 0.1708 -0.7999 0.5753
vn 0.3105 -0.7762 0.5488
vn 0.0997 -0.7942 -0.5994
vn 0.3746 -0.7325 -0.5685
vn 0.3105 -0.7762 -0.5488
vn 0.1707 -0.7998 -0.5755
vn 0.0997 -0.7943 -0.5993
vn 0.2142 -0.6346 0.7426
vn 0.3461 -0.5969 0.7238
vn 0.3461 -0.5969 -0.7238
vn 0.2142 -0.6345 -0.7426
vn -0.0547 -0.6151 -0.7866
vn -0.7237 -0.6736 0.1498
vn -0.6936 -0.3019 0.6540
vn -0.6995 -0.3650 -0.6144
vn -0.6842 -0.3090 -0.6606
vn -0.6936 -0.3020 0.6540
vn -0.6680 -0.3561 0.6534
vn -0.6667 -0.4433 -0.5992
vn -0.7152 -0.6809 -0.1577
vn -0.7229 -0.6728 -0.1576
vn -0.6729 -0.3786 0.6355
vn -0.6741 -0.4433 -0.5909
vn -0.6182 -0.4894 -0.6150
vn -0.6666 -0.4434 -0.5992
vn -0.6729 -0.3787 0.6355
vn -0.5986 -0.5259 0.6043
vn -0.0369 0.8077 0.5885
vn -0.1855 0.7670 0.6142
vn -0.2948 0.7179 0.6307
vn -0.1855 0.7671 -0.6141
vn -0.0369 0.8076 -0.5885
vn -0.3638 0.6297 0.6864
vn -0.4338 0.6114 0.6619
vn -0.7362 0.4608 0.4957
vn -0.3638 0.6297 -0.6864
vn -0.7362 0.4608 -0.4957
vn -0.4338 0.6113 -0.6619
vn -0.6823 -0.4197 -0.5986
vn -0.6430 -0.4347 -0.6305
vn -0.6791 -0.4177 -0.6036
vn -0.6771 -0.3650 0.6390
vn -0.6177 -0.4810 0.6222
vn -0.6791 -0.3580 0.6408
vn -0.6934 -0.3737 -0.6161
vn -0.6780 -0.3336 -0.6550
vn -0.6953 -0.3786 -0.6109
vn -0.6936 -0.3179 0.6465
vn -0.6588 -0.3871 0.6451
vn -0.7650 -0.6440 -0.0080
vn -0.7836 0.6047 -0.1424
vn -0.6936 -0.3178 0.6465
vn -0.5938 -0.5365 0.5997
vn -0.6741 -0.4432 -0.5909
vn -0.6157 -0.4954 -0.6128
vn -0.6666 -0.4433 -0.5992
vn -0.9498 0.1956 -0.2440
vn -0.6711 0.2982 -0.6788
vn -0.6910 0.2960 -0.6594
vn -0.9433 0.1961 -0.2680
vn -0.4712 0.5239 -0.7096
vn -0.3387 0.6203 -0.7075
vn -0.7650 -0.6439 -0.0080
vn -0.1750 0.6861 0.7062
vn -0.5972 0.5513 0.5825
vn -0.2941 0.6641 0.6874
vn -0.0821 0.7233 0.6857
vn -0.1750 0.6861 -0.7062
vn -0.2941 0.6641 -0.6874
vn -0.5972 0.5513 -0.5825
vn -0.7474 0.2718 0.6062
vn -0.9513 0.1880 0.2444
vn -0.9467 0.1889 0.2611
vn -0.4081 0.5561 -0.7240
vn -0.1910 0.6798 -0.7081
vn -0.6677 -0.3959 0.6305
vn -0.5005 0.4749 0.7239
vn -0.7219 0.4466 -0.5286
vn -0.8056 0.4505 -0.3849
vn -0.9117 0.4108 -0.0000
vn -0.8056 0.4504 0.3849
vn -0.7219 0.4466 0.5286
vn -0.7889 0.5871 -0.1815
vn -0.5221 0.6568 -0.5441
vn -0.5301 0.6568 -0.5363
vn -0.6770 -0.3650 0.6390
vn -0.6182 -0.4895 0.6150
vn -0.6407 -0.4411 -0.6285
vn -0.6781 -0.4218 -0.6018
vn -0.7889 0.5871 0.1815
vn -0.5437 0.6537 0.5263
vn -0.9835 0.1795 0.0237
vn -0.9836 0.1795 0.0158
vn -0.9467 0.1889 0.2610
vn -0.9433 0.1960 -0.2679
vn -0.9499 0.1956 -0.2439
vn -0.6637 -0.2779 -0.6944
vn -0.6825 0.2805 -0.6749
vn -0.6782 -0.4217 -0.6019
vn -0.7153 -0.6808 -0.1577
vn -0.6771 -0.3650 0.6391
vn -0.3818 0.7756 0.5026
vn -0.7349 0.6513 0.1893
vn -0.3818 0.7756 -0.5027
vn -0.7349 0.6513 -0.1893
vn -0.0420 0.7061 -0.7069
vn -0.4044 0.6534 -0.6400
vn -0.7802 0.5790 -0.2366
vn -0.7387 0.5784 0.3460
vn -0.7802 0.5790 0.2366
vn -0.4025 0.6578 0.6366
vn -0.8333 0.5529 -0.0000
vn -0.7388 0.5784 -0.3459
vn -0.7803 0.5790 -0.2365
vn -0.7388 0.5784 0.3459
vn -0.8332 0.5529 -0.0000
vn -0.7803 0.5790 0.2365
vn -0.7588 0.6432 -0.1026
vn -0.7660 0.6347 -0.1025
vn -0.7582 0.6426 0.1104
vn -0.8457 0.4188 -0.3307
vn -0.7653 0.6341 0.1103
vn -0.7277 0.1540 -0.6684
vn -0.7285 0.1463 -0.6693
vn -0.8462 0.4113 -0.3388
vn -0.8457 0.4189 0.3306
vn -0.7299 0.1309 0.6709
vn -0.7285 0.1464 -0.6693
vn -0.7299 0.1310 0.6709
vn -0.7177 0.3279 0.6143
vn -0.7977 0.6030 0.0079
vn -0.7660 0.6346 -0.1025
vn -0.7977 0.6030 0.0078
vn -0.7803 0.6254 -0.0000
vn -0.7163 0.6568 -0.2355
vn -0.7349 0.6512 -0.1892
vn -0.7164 0.6568 0.2355
vn -0.7349 0.6512 0.1892
vn -0.6660 0.3543 0.6565
vn -0.6659 0.3545 -0.6564
vn -0.8043 0.5942 0.0079
vn -0.7889 0.5871 0.1814
vn -0.8043 0.5942 0.0078
vn -0.5022 0.8222 0.2678
vn -0.5809 0.5051 0.6383
vn -0.5801 0.4967 -0.6456
vn -0.5323 0.7890 -0.3069
vn -0.8327 -0.1640 -0.5288
vn -0.8995 -0.4160 -0.1334
vn -0.8327 -0.1640 -0.5289
vn -0.8990 -0.4192 0.1266
vn -0.8362 -0.1554 0.5259
vn -0.7749 0.3585 -0.5206
vn -0.9783 0.1707 -0.1178
vn -0.9779 0.1722 0.1187
vn -0.7749 0.3585 0.5206
vn -0.9783 0.1707 0.1178
vn -0.9090 -0.4169 -0.0000
vn -0.9089 -0.4169 -0.0000
vn -0.8990 -0.4192 0.1265
vn -0.9783 0.1707 -0.1177
vn -0.9823 0.1871 -0.0000
vn -0.9783 0.1707 0.1177
vn 0.6351 -0.4567 -0.6230
vn 0.6158 -0.4776 0.6266
vn -0.6638 -0.7479 -0.0000
vn -0.6427 -0.6531 0.4004
vn -0.6517 -0.6787 0.3385
vn -0.6447 -0.6551 -0.3938
vn -0.6638 -0.7479 -0.0001
vn -0.6517 -0.6787 -0.3385
vn -0.6802 -0.7330 -0.0000
vn -0.6753 -0.6471 0.3539
vn -0.6803 -0.7330 -0.0000
vn -0.6771 -0.6649 0.3155
vn -0.6753 -0.6471 -0.3539
vn -0.6771 -0.6649 -0.3155
vn 0.4757 -0.6974 0.5361
vn 0.3402 -0.9307 0.1342
vn 0.4675 -0.6971 -0.5436
vn 0.3398 -0.9297 -0.1419
vn 0.4670 -0.7040 -0.5350
vn 0.3399 -0.9297 -0.1419
vn -0.6721 -0.7405 -0.0000
vn -0.6685 -0.5995 0.4402
vn -0.6721 -0.7405 0.0001
vn -0.6750 -0.6387 0.3693
vn -0.6685 -0.5995 -0.4402
vn -0.6721 -0.7405 -0.0001
vn -0.6750 -0.6387 -0.3693
vn -0.6761 -0.7368 -0.0000
vn -0.6675 -0.6711 0.3227
vn -0.6675 -0.6711 -0.3227
vn 0.3480 -0.9375 -0.0000
vn -0.6591 -0.6461 0.3850
vn -0.6640 -0.6676 0.3367
vn -0.6590 -0.6461 -0.3850
vn -0.6658 -0.6693 -0.3297
vn 0.3958 -0.6974 -0.5975
vn 0.3649 -0.7068 -0.6060
vn 0.5527 -0.6244 -0.5519
vn -0.6499 -0.7495 0.1260
vn -0.6975 -0.4839 0.5285
vn -0.6492 -0.7488 -0.1337
vn -0.6947 -0.4899 -0.5266
vn -0.6947 -0.4900 -0.5266
vn -0.6595 -0.7517 -0.0000
vn 0.3870 -0.6510 0.6530
vn -0.2478 -0.7373 0.6284
vn 0.3245 -0.6686 0.6690
vn -0.1774 -0.7364 0.6528
vn -0.2479 -0.7373 0.6284
vn -0.1775 -0.7364 0.6529
vn -0.5651 -0.6764 0.4724
vn 0.3246 -0.6686 -0.6690
vn 0.3870 -0.6510 -0.6530
vn -0.1774 -0.7364 -0.6528
vn 0.3245 -0.6686 -0.6690
vn -0.2478 -0.7373 -0.6285
vn -0.2479 -0.7373 -0.6284
vn -0.5651 -0.6764 -0.4724
vn -0.1775 -0.7364 -0.6529
vn -0.0963 -0.8290 0.5508
vn 0.1547 -0.7784 0.6084
vn 0.1548 -0.7784 -0.6084
vn -0.0963 -0.8290 -0.5508
vn -0.6752 -0.6873 -0.2677
vn -0.6666 -0.6863 -0.2910
vn -0.6734 -0.6693 0.3139
vn -0.6745 -0.6785 0.2909
vn -0.6509 -0.7264 -0.2206
vn -0.7040 -0.4192 -0.5733
vn -0.7028 -0.4424 -0.5572
vn -0.6498 -0.7251 0.2281
vn -0.6963 -0.4510 0.5584
vn -0.6486 -0.7238 0.2355
vn -0.6967 -0.4593 0.5511
vn 0.3407 -0.7062 0.6206
vn 0.5422 -0.6292 0.5569
vn 0.3266 -0.7101 0.6237
vn 0.1692 -0.7443 0.6460
vn 0.3266 -0.7102 0.6237
vn 0.1693 -0.7443 0.6461
vn -0.6595 -0.7517 0.0079
vn -0.6594 -0.7516 0.0157
vn -0.6594 -0.7517 0.0079
vn -0.6594 -0.7516 0.0158
vn -0.7490 -0.6434 -0.1578
vn -0.3954 -0.8372 -0.3779
vn -0.3948 -0.8857 -0.2444
vn -0.2196 -0.6358 -0.7400
vn -0.3880 -0.8629 0.3237
vn -0.1639 -0.6839 0.7109
vn -0.3860 -0.8918 0.2361
vn -0.7768 -0.5931 0.2117
vn -0.6585 -0.6940 -0.2910
vn -0.6595 -0.7517 0.0078
vn -0.6595 -0.6789 0.3228
vn -0.6585 -0.6940 0.2910
vn 0.3957 -0.6974 -0.5975
vn 0.2480 -0.7423 -0.6225
vn 0.3648 -0.7069 -0.6060
vn 0.4628 -0.5542 -0.6919
vn 0.3471 -0.6136 -0.7092
vn 0.0805 -0.6675 -0.7402
vn -0.5853 -0.8108 -0.0000
vn -0.5053 -0.8068 0.3063
vn -0.4746 -0.7989 0.3695
vn -0.5053 -0.8068 -0.3063
vn -0.4746 -0.7989 -0.3695
vn -0.0095 -0.8441 -0.5361
vn -0.2654 -0.9569 -0.1178
vn -0.0171 -0.8499 -0.5267
vn -0.2654 -0.9569 -0.1177
vn -0.2652 -0.9560 0.1254
vn -0.3783 -0.9255 0.0158
vn -0.3954 -0.8372 -0.3778
vn -0.3860 -0.8918 0.2360
vn -0.3880 -0.8630 0.3236
vn 0.4793 -0.5776 0.6608
vn -0.4745 -0.7989 0.3696
vn -0.1314 -0.7145 0.6871
vn -0.5053 -0.8067 0.3064
vn -0.0836 -0.7098 -0.6994
vn 0.4093 -0.6032 -0.6845
vn -0.4745 -0.7989 -0.3696
vn -0.1314 -0.7145 -0.6871
vn -0.0836 -0.7098 -0.6995
vn -0.5053 -0.8068 -0.3064
vn -0.5959 -0.1816 -0.7822
vn -0.5816 -0.3540 -0.7324
vn -0.5969 -0.1739 -0.7832
vn 0.8039 -0.5553 0.2130
vn 0.3486 -0.6088 0.7126
vn -0.0299 -0.6627 0.7483
vn -0.0259 -0.8085 0.5880
vn -0.2556 -0.8137 0.5220
vn 0.1308 -0.7776 0.6151
vn -0.0259 -0.8085 -0.5880
vn -0.2557 -0.8137 -0.5220
vn 0.1900 -0.9469 0.2595
vn 0.1900 -0.9469 -0.2595
vn -0.3795 -0.8446 -0.3778
vn -0.3171 -0.7941 -0.5184
vn -0.4801 -0.8772 -0.0000
vn -0.3172 -0.7941 0.5185
vn -0.1167 -0.6385 0.7607
vn -0.3137 -0.6873 0.6552
vn -0.1167 -0.6385 -0.7607
vn -0.3207 -0.6857 -0.6534
vn 0.3745 -0.7325 0.5684
vn 0.1708 -0.7998 0.5755
vn 0.1708 -0.7998 0.5754
vn 0.5066 -0.7109 0.4878
vn 0.3105 -0.7761 0.5488
vn 0.2824 -0.8518 0.4412
vn 0.2824 -0.8518 0.4413
vn 0.3745 -0.7325 -0.5684
vn 0.1708 -0.7998 -0.5755
vn 0.1708 -0.7998 -0.5754
vn 0.3105 -0.7761 -0.5488
vn 0.5066 -0.7109 -0.4878
vn 0.2824 -0.8518 -0.4413
vn 0.2825 -0.8517 -0.4413
vn 0.6319 -0.3460 -0.6935
vn -0.0964 -0.8290 -0.5508
vn -0.4576 -0.8455 -0.2751
vn -0.4912 -0.8502 -0.1895
vn -0.0964 -0.8290 0.5508
vn -0.4576 -0.8456 0.2751
vn -0.4912 -0.8502 0.1895
vn 0.0653 -0.9908 -0.1181
vn 0.0733 -0.9973 -0.0000
vn 0.0653 -0.9909 -0.1181
vn 0.0731 -0.9894 0.1258
vn 0.0572 -0.6772 -0.7336
vn 0.3374 -0.5730 -0.7468
vn -0.3866 -0.8848 -0.2600
vn 0.7781 -0.6083 -0.1570
vn 0.5674 -0.3469 0.7468
vn 0.2734 -0.8195 0.5037
vn 0.2734 -0.8195 -0.5037
vn 0.5674 -0.3469 -0.7468
vn 0.5835 -0.3156 -0.7483
vn -0.3866 -0.8848 0.2600
vn -0.3014 -0.8529 0.4263
vn 0.0572 -0.6772 0.7336
vn -0.2578 -0.9662 -0.0000
vn -0.5582 -0.8297 -0.0000
vn -0.4576 -0.8455 0.2751
vn 0.0259 -0.6908 0.7226
vn -0.3118 -0.7249 0.6142
vn 0.0259 -0.6908 -0.7226
vn 0.1592 -0.6512 -0.7420
vn -0.3119 -0.7250 -0.6142
vn 0.2720 -0.8010 -0.5333
vn 0.2658 -0.8061 -0.5287
vn -0.4741 -0.8805 -0.0000
vn -0.3015 -0.8529 -0.4263
vn -0.3866 -0.8849 -0.2599
vn -0.3866 -0.8848 0.2599
vn -0.3015 -0.8529 0.4263
vn 0.6942 -0.6434 -0.3227
vn 0.7020 -0.7121 0.0078
vn 0.6940 -0.6586 -0.2910
vn 0.7020 -0.7121 0.0079
vn 0.6958 -0.6527 0.2998
vn -0.6278 -0.7508 -0.2053
vn -0.3449 -0.7457 -0.5701
vn -0.3433 -0.7423 -0.5754
vn -0.6278 -0.7508 -0.2052
vn 0.6856 -0.6889 0.2355
vn 0.7019 -0.7121 0.0158
vn 0.6868 -0.6901 -0.2281
vn 0.6880 -0.6913 -0.2206
vn 0.7019 -0.7121 0.0157
vn 0.7179 -0.3823 -0.5818
vn 0.7211 -0.4075 -0.5603
vn 0.6856 -0.6888 0.2356
vn 0.6856 -0.6888 0.2355
vn 0.7051 -0.6460 -0.2925
vn 0.7020 -0.7121 -0.0000
vn 0.7088 -0.6496 -0.2750
vn 0.7017 -0.6352 0.3227
vn 0.7091 -0.6423 0.2909
vn 0.7120 -0.4456 -0.5427
vn 0.6905 -0.7092 -0.1422
vn 0.7150 -0.4475 -0.5371
vn 0.6875 -0.7138 0.1337
vn 0.6979 -0.7162 -0.0000
vn 0.5768 -0.3243 0.7497
vn 0.4930 -0.5062 -0.7076
vn 0.5173 -0.4525 -0.7264
vn 0.5755 -0.3313 -0.7477
vn 0.5769 -0.3243 -0.7497
vn -0.1789 -0.9625 0.2041
vn -0.1789 -0.9625 0.2040
vn -0.1790 -0.9625 0.2040
vn -0.1789 -0.9625 -0.2040
vn -0.1789 -0.9625 -0.2041
vn -0.1790 -0.9625 -0.2040
vn -0.5704 -0.8116 -0.1262
vn -0.5704 -0.8116 -0.1261
vn -0.5704 -0.8116 0.1261
vn -0.5852 -0.8109 -0.0000
vn -0.5704 -0.8116 0.1262
vn -0.6393 -0.5443 -0.5431
vn -0.6391 -0.5522 -0.5353
vn 0.8039 -0.5552 0.2131
vn -0.6393 -0.5443 0.5431
vn -0.6510 -0.7590 0.0079
vn -0.6268 -0.7496 0.2128
vn -0.6278 -0.7508 0.2052
vn -0.3670 -0.7430 0.5597
vn -0.3602 -0.7450 0.5614
vn -0.5965 -0.1023 0.7960
vn -0.5987 -0.2674 0.7550
vn -0.5995 -0.0552 -0.7985
vn -0.5987 -0.2674 -0.7550
vn -0.5965 -0.1023 -0.7961
vn -0.6606 -0.1120 0.7423
vn -0.6606 -0.1120 -0.7423
vn -0.6605 -0.2925 -0.6915
vn -0.6661 -0.0331 -0.7451
vn -0.6510 -0.7590 0.0078
vn -0.3946 -0.8270 0.4004
vn -0.3946 -0.8271 0.4004
vn -0.3946 -0.8270 -0.4004
vn -0.3946 -0.8271 -0.4004
vn -0.6044 -0.6531 0.4562
vn -0.6045 -0.6531 0.4562
vn -0.6044 -0.6531 -0.4561
vn -0.6044 -0.6531 -0.4562
vn 0.7099 -0.7043 -0.0000
vn 0.6920 -0.6107 0.3850
vn 0.6981 -0.6319 0.3367
vn 0.6999 -0.6336 -0.3297
vn 0.6920 -0.6107 -0.3850
vn 0.7137 -0.7004 -0.0000
vn 0.6941 -0.6125 0.3783
vn 0.7017 -0.6352 -0.3227
vn 0.6940 -0.6126 -0.3783
vn 0.6989 -0.5637 0.4402
vn 0.7075 -0.6025 0.3693
vn 0.7075 -0.6025 -0.3693
vn 0.6989 -0.5637 -0.4402
vn 0.6935 -0.6274 0.3541
vn 0.6959 -0.6450 0.3157
vn 0.6959 -0.6450 -0.3157
vn 0.6935 -0.6274 -0.3541
vn 0.6979 -0.7162 0.0001
vn 0.6781 -0.6205 0.3938
vn 0.6864 -0.6437 0.3386
vn 0.6863 -0.6437 -0.3386
vn 0.6781 -0.6205 -0.3938
vn 0.6979 -0.7162 -0.0001
vn 0.8462 -0.4113 -0.3388
vn 0.8409 -0.4905 -0.2286
vn -0.6876 0.1235 -0.7155
vn -0.6676 -0.3959 -0.6305
vn 0.6408 -0.0622 -0.7652
vn 0.4671 -0.7040 -0.5350
vn -0.6252 0.1175 -0.7716
vn -0.6232 0.0780 -0.7781
vn -0.6114 -0.4097 -0.6770
vn -0.7334 0.3507 -0.5824
vn -0.7117 0.1620 -0.6836
vn -0.7463 0.5779 -0.3302
vn 0.7401 0.5458 -0.3928
vn -0.6733 0.1868 -0.7154
vn -0.7116 0.1620 -0.6836
vn -0.7334 0.3507 -0.5823
vn -0.6661 0.2105 -0.7155
vn -0.6087 -0.2606 -0.7494
vn -0.6685 -0.5994 -0.4403
vn -0.6076 -0.1966 -0.7696
vn -0.6750 -0.6387 -0.3694
vn -0.6252 0.1176 -0.7715
vn -0.6232 0.0781 -0.7781
vn -0.5496 0.4985 -0.6704
vn -0.6600 0.1565 -0.7347
vn -0.6504 -0.3626 -0.6675
vn -0.6631 0.1240 -0.7382
vn -0.6510 -0.3869 -0.6531
vn -0.5974 0.2131 -0.7731
vn -0.5962 0.1893 -0.7802
vn -0.6087 -0.2605 -0.7494
vn 0.6780 -0.2117 -0.7039
vn 0.5492 -0.4518 -0.7030
vn 0.4940 -0.5147 -0.7007
vn 0.4939 -0.5148 -0.7007
vn 0.5491 -0.4519 -0.7030
vn 0.3774 -0.6258 -0.6826
vn 0.5588 0.2660 -0.7855
vn 0.5614 0.2513 -0.7885
vn 0.2517 -0.6064 -0.7543
vn 0.5589 -0.5072 -0.6560
vn 0.2369 -0.6091 -0.7569
vn -0.6733 0.1869 -0.7153
vn -0.6313 0.4075 -0.6598
vn -0.6661 0.2107 -0.7154
vn -0.3843 0.5412 -0.7479
vn -0.3926 0.5338 -0.7489
vn -0.5974 0.2133 -0.7730
vn -0.5962 0.1894 -0.7802
vn -0.5698 0.4565 -0.6833
vn -0.6620 0.1394 -0.7365
vn -0.6649 0.0930 -0.7411
vn -0.6364 -0.3952 -0.6624
vn -0.6601 0.1566 -0.7347
vn -0.6631 0.1241 -0.7381
vn -0.5955 0.5191 -0.6131
vn -0.6620 0.1394 -0.7364
vn -0.5880 0.5273 -0.6133
vn -0.5877 -0.2051 -0.7826
vn -0.5913 -0.1880 -0.7842
vn -0.6426 0.1644 -0.7484
vn -0.6948 -0.4899 -0.5266
vn -0.6395 0.1558 -0.7528
vn 0.6310 -0.3146 -0.7092
vn 0.6350 -0.2970 -0.7132
vn 0.6310 -0.3145 -0.7092
vn 0.4594 -0.4283 -0.7781
vn 0.4761 -0.4210 -0.7721
vn 0.6382 -0.3373 -0.6921
vn 0.0847 0.6614 -0.7452
vn 0.4160 0.6485 -0.6374
vn 0.1008 0.6645 -0.7404
vn 0.5921 -0.3856 -0.7076
vn 0.6072 -0.3616 -0.7075
vn 0.5844 -0.1338 -0.8004
vn 0.7126 0.4038 -0.5737
vn 0.5860 -0.1029 -0.8037
vn 0.5547 -0.4497 -0.7001
vn 0.6038 -0.3724 -0.7048
vn 0.4553 -0.5700 -0.6839
vn 0.6039 -0.3723 -0.7048
vn 0.6902 -0.1398 -0.7100
vn 0.6814 -0.1866 -0.7077
vn 0.3515 -0.4946 -0.7948
vn 0.2419 -0.5358 -0.8090
vn -0.4478 0.5554 -0.7008
vn -0.5823 0.2529 -0.7726
vn -0.4860 0.4996 -0.7170
vn -0.5885 0.2443 -0.7707
vn -0.1774 -0.7364 -0.6529
vn 0.3869 -0.6510 -0.6531
vn 0.6237 0.2288 -0.7475
vn 0.6237 0.2289 -0.7474
vn 0.6237 0.2288 -0.7474
vn -0.6394 0.1012 -0.7622
vn -0.5824 0.2529 -0.7726
vn -0.5885 0.2442 -0.7707
vn 0.4150 -0.4936 -0.7643
vn 0.4215 -0.4918 -0.7619
vn 0.6027 -0.4336 -0.6699
vn -0.6395 0.1559 -0.7528
vn -0.5740 0.5217 -0.6311
vn -0.6426 0.1644 -0.7483
vn 0.6541 0.0014 -0.7564
vn 0.5674 -0.3468 -0.7468
vn 0.6540 0.0092 -0.7564
vn 0.6541 0.0013 -0.7564
vn 0.6281 -0.1338 -0.7666
vn 0.6208 -0.1655 -0.7663
vn 0.5587 0.2661 -0.7855
vn 0.4629 0.5762 -0.6736
vn 0.5613 0.2513 -0.7885
vn -0.6503 0.1720 -0.7400
vn -0.6764 -0.3247 -0.6611
vn -0.6510 0.1643 -0.7411
vn -0.6750 -0.3718 -0.6373
vn -0.6040 -0.1183 -0.7882
vn -0.6037 -0.0709 -0.7940
vn -0.6040 -0.1184 -0.7882
vn -0.5816 -0.3220 -0.7470
vn 0.5860 -0.1029 -0.8038
vn 0.5835 -0.0633 -0.8096
vn -0.6510 0.1644 -0.7411
vn -0.6111 0.4570 -0.6463
vn -0.6495 0.1795 -0.7389
vn -0.7028 -0.4423 -0.5572
vn -0.7040 -0.4191 -0.5734
vn -0.5941 -0.1652 -0.7872
vn -0.5945 -0.1257 -0.7942
vn 0.4396 -0.5629 -0.7000
vn 0.5036 -0.5011 -0.7038
vn 0.3156 -0.6590 -0.6827
vn 0.5036 -0.5010 -0.7038
vn 0.4396 -0.5628 -0.7000
vn 0.6071 -0.3616 -0.7075
vn -0.6121 0.4655 -0.6392
vn -0.6495 0.1796 -0.7389
vn 0.1916 -0.4192 -0.8874
vn 0.2554 -0.4490 -0.8562
vn -0.0880 -0.5452 -0.8337
vn -0.2196 -0.6357 -0.7400
vn 0.2554 -0.4491 -0.8562
vn 0.4760 -0.4210 -0.7721
vn 0.1917 -0.4192 -0.8874
vn 0.0074 -0.5797 -0.8148
vn 0.4214 -0.4918 -0.7619
vn 0.1174 -0.5580 -0.8215
vn 0.4149 -0.4936 -0.7643
vn 0.0572 -0.6771 -0.7336
vn 0.5800 -0.1739 -0.7959
vn 0.5812 -0.1586 -0.7981
vn -0.6348 0.1568 -0.7566
vn -0.6366 0.1337 -0.7595
vn -0.6588 -0.3871 -0.6451
vn -0.6762 0.2501 -0.6930
vn -0.6706 0.2590 -0.6952
vn -0.5913 -0.1881 -0.7842
vn -0.5877 -0.2052 -0.7826
vn -0.5151 -0.5427 -0.6634
vn 0.5844 -0.1339 -0.8004
vn 0.5526 -0.4018 -0.7302
vn -0.5979 0.4594 -0.6568
vn -0.6348 0.1569 -0.7566
vn 0.5059 -0.4035 -0.7624
vn 0.5457 -0.3410 -0.7655
vn 0.4163 -0.5258 -0.7417
vn 0.5059 -0.4034 -0.7624
vn 0.5457 -0.3409 -0.7655
vn 0.6280 -0.1338 -0.7666
vn -0.5866 -0.2127 -0.7814
vn -0.5903 -0.1956 -0.7831
vn -0.1166 -0.6385 -0.7607
vn 0.3514 -0.4946 -0.7949
vn 0.2418 -0.5358 -0.8090
vn -0.6761 0.2502 -0.6930
vn -0.6021 0.3945 -0.6941
vn 0.5835 -0.0634 -0.8096
vn 0.5702 -0.3330 -0.7510
vn 0.0805 -0.6675 -0.7403
vn 0.1584 -0.6125 -0.7745
vn 0.6104 -0.5639 -0.5562
vn 0.7406 -0.5257 -0.4186
vn -0.0094 -0.8441 -0.5361
vn 0.4760 -0.4364 -0.7636
vn 0.4621 -0.4463 -0.7663
vn -0.0171 -0.8498 -0.5267
vn -0.0836 -0.7097 -0.6995
vn -0.1314 -0.7145 -0.6872
vn -0.3171 -0.7941 -0.5185
vn -0.3794 -0.8446 -0.3778
vn 0.0073 -0.5797 -0.8148
vn 0.1173 -0.5580 -0.8215
vn -0.5946 -0.1258 -0.7942
vn -0.5564 -0.4325 -0.7095
vn -0.4110 0.6511 -0.6380
vn 0.4521 0.7755 -0.4408
vn 0.1099 0.6171 -0.7792
vn 0.0161 0.5927 -0.8052
vn 0.4905 0.7997 -0.3462
vn -0.6025 -0.1338 -0.7868
vn -0.5977 -0.0867 -0.7970
vn -0.6025 -0.1339 -0.7868
vn -0.5764 -0.3554 -0.7358
vn 0.5800 -0.1740 -0.7958
vn 0.5812 -0.1587 -0.7981
vn 0.5172 -0.5138 -0.6845
vn 0.5871 -0.0716 -0.8064
vn 0.7268 0.4592 -0.5108
vn -0.5903 -0.1957 -0.7831
vn -0.5866 -0.2128 -0.7814
vn -0.5127 -0.5484 -0.6606
vn -0.3324 0.6384 -0.6942
vn -0.3943 0.6122 -0.6854
vn 0.5541 -0.4107 -0.7241
vn 0.0531 -0.5199 -0.8526
vn -0.0547 -0.6151 -0.7865
vn -0.5950 -0.1574 -0.7881
vn -0.5950 -0.1575 -0.7881
vn -0.5553 -0.4236 -0.7157
vn 0.5786 -0.1891 -0.7934
vn 0.5800 -0.1739 -0.7958
vn -0.3942 0.6122 -0.6854
vn 0.5871 -0.0717 -0.8064
vn 0.5688 -0.3401 -0.7489
vn 0.0631 0.6101 -0.7898
vn -0.2087 0.4736 -0.8557
vn 0.0548 0.6064 -0.7933
vn -0.2707 0.4406 -0.8559
vn 0.2429 0.6693 -0.7022
vn -0.5928 -0.2044 -0.7790
vn -0.5923 -0.1804 -0.7853
vn 0.6075 0.1966 -0.7696
vn 0.5464 0.5029 -0.6697
vn 0.6096 0.1814 -0.7717
vn 0.5857 -0.1106 -0.8030
vn 0.5786 -0.1892 -0.7934
vn 0.5082 -0.5357 -0.6743
vn 0.6616 -0.3055 -0.6848
vn 0.6703 -0.3524 -0.6531
vn 0.6096 0.1813 -0.7717
vn 0.6033 -0.2357 -0.7619
vn 0.5983 -0.2370 -0.7655
vn -0.5923 -0.1805 -0.7852
vn -0.5928 -0.2044 -0.7789
vn -0.5227 -0.5266 -0.6704
vn -0.2708 0.4406 -0.8559
vn -0.7219 0.4467 -0.5285
vn 0.6164 0.2210 -0.7558
vn 0.5553 0.5121 -0.6553
vn 0.6176 0.2134 -0.7570
vn 0.5857 -0.1107 -0.8030
vn 0.5469 -0.4191 -0.7248
vn 0.2516 -0.6064 -0.7543
vn -0.3432 -0.7423 -0.5754
vn -0.3448 -0.7457 -0.5701
vn 0.2368 -0.6091 -0.7570
vn -0.3637 0.6297 -0.6864
vn 0.1618 0.7193 -0.6756
vn 0.2177 0.7238 -0.6548
vn -0.2730 0.4746 -0.8368
vn -0.0489 0.6610 -0.7488
vn -0.3027 0.4482 -0.8411
vn -0.6033 -0.1261 -0.7875
vn -0.6027 -0.0865 -0.7933
vn -0.6027 -0.0865 -0.7932
vn -0.5800 -0.3450 -0.7380
vn 0.2377 0.8488 -0.4723
vn -0.4082 0.5561 -0.7240
vn 0.5866 -0.0873 -0.8052
vn 0.7126 0.4039 -0.5737
vn 0.5837 -0.0555 -0.8101
vn 0.6164 0.2209 -0.7558
vn 0.7212 -0.4074 -0.5603
vn 0.0160 0.5927 -0.8053
vn -0.3756 0.4871 -0.7885
vn -0.5777 0.4332 -0.6919
vn 0.1098 0.6170 -0.7793
vn 0.5624 0.4956 -0.6619
vn 0.6187 0.2058 -0.7582
vn 0.5866 -0.0873 -0.8051
vn 0.5836 -0.0556 -0.8101
vn 0.5773 -0.3012 -0.7590
vn 0.6102 0.2054 -0.7652
vn 0.5215 0.5658 -0.6387
vn 0.6176 0.2133 -0.7570
vn 0.6825 -0.2804 -0.6750
vn 0.6858 -0.3363 -0.6454
vn 0.6188 0.2058 -0.7582
vn -0.4478 0.5553 -0.7008
vn -0.5620 0.3486 -0.7501
vn -0.4402 0.5712 -0.6928
vn -0.4032 0.6134 -0.6791
vn -0.5952 -0.1179 -0.7949
vn -0.5952 -0.1180 -0.7948
vn -0.5573 -0.4171 -0.7179
vn 0.5793 -0.1815 -0.7946
vn -0.5996 -0.0552 -0.7984
vn -0.5965 -0.1023 -0.7960
vn 0.5793 -0.1816 -0.7946
vn 0.5102 -0.5302 -0.6772
vn 0.6102 0.2053 -0.7652
vn 0.7150 -0.4475 -0.5372
vn -0.6209 0.2593 -0.7398
vn -0.5988 -0.2674 -0.7550
vn -0.5973 -0.2747 -0.7535
vn -0.3027 0.4481 -0.8411
vn -0.6710 0.2983 -0.6788
vn -0.6910 0.2960 -0.6595
vn -0.1242 0.8185 -0.5609
vn -0.4711 0.5240 -0.7096
vn -0.4970 0.5869 -0.6392
vn -0.6138 0.3838 -0.6898
vn -0.5259 0.5450 -0.6530
vn -0.6156 0.3772 -0.6920
vn -0.0421 0.7060 -0.7069
vn -0.1749 0.6861 -0.7062
vn -0.1910 0.6797 -0.7082
vn -0.0964 0.6745 -0.7319
vn 0.6668 0.2999 -0.6822
vn 0.6701 0.2855 -0.6852
vn 0.5940 0.4242 -0.6835
vn -0.6139 0.3839 -0.6898
vn -0.6661 -0.0331 -0.7452
vn -0.6606 -0.1121 -0.7423
vn -0.5220 0.6568 -0.5441
vn 0.1008 0.6645 -0.7405
vn -0.5300 0.6568 -0.5364
vn -0.6257 0.1097 -0.7723
vn -0.6264 0.0941 -0.7738
vn 0.6400 0.1108 -0.7603
vn 0.5174 -0.4525 -0.7263
vn -0.3719 0.6825 -0.6291
vn -0.5561 0.4818 -0.6772
vn -0.4024 0.6500 -0.6446
vn -0.5561 0.4817 -0.6772
vn 0.6458 -0.0067 -0.7635
vn 0.6459 -0.0146 -0.7633
vn 0.6668 0.2998 -0.6823
vn -0.6032 0.4185 -0.6789
vn -0.6265 0.0942 -0.7737
vn -0.6178 0.4250 -0.6616
vn -0.6257 0.1098 -0.7723
vn -0.5974 -0.2748 -0.7534
vn 0.4163 -0.5259 -0.7417
vn -0.6638 -0.2779 -0.6944
vn -0.6605 -0.2924 -0.6915
vn 0.6592 0.1277 -0.7411
vn 0.6538 0.1739 -0.7364
vn 0.5596 0.5574 -0.6133
vn -0.1617 0.7526 -0.6384
vn 0.0147 0.9486 -0.3160
vn 0.7373 -0.2479 -0.6284
vn 0.7309 -0.2642 -0.6293
vn 0.9343 -0.1097 -0.3393
vn 0.6557 0.1586 -0.7382
vn 0.6510 0.1909 -0.7347
vn 0.5675 0.5496 -0.6131
vn 0.6538 0.1738 -0.7365
vn 0.6591 0.1276 -0.7411
vn -0.5562 0.4817 -0.6772
vn -0.6169 0.4013 -0.6771
vn -0.6169 0.4012 -0.6771
vn 0.5854 0.2441 -0.7731
vn 0.6207 -0.1655 -0.7664
vn 0.6215 -0.2283 -0.7494
vn 0.5855 0.2202 -0.7802
vn 0.5855 0.2204 -0.7802
vn 0.5854 0.2442 -0.7731
vn 0.5451 0.4857 -0.6833
vn 0.6509 0.1909 -0.7347
vn 0.6684 -0.3281 -0.6675
vn 0.6703 -0.3523 -0.6531
vn 0.6557 0.1585 -0.7382
vn 0.6215 -0.2284 -0.7494
vn 0.6989 -0.5636 -0.4403
vn 0.7075 -0.6025 -0.3694
vn 0.6367 0.0956 -0.7652
vn 0.6324 0.1422 -0.7615
vn 0.5524 0.5095 -0.6598
vn -0.6660 0.3543 -0.6565
vn 0.6542 0.2452 -0.7154
vn 0.6091 0.4401 -0.6597
vn 0.6626 0.2219 -0.7153
vn 0.6367 0.0955 -0.7652
vn 0.6861 0.1433 -0.7132
vn 0.6794 -0.3761 -0.6300
vn 0.6913 0.0890 -0.7171
vn 0.6626 0.2218 -0.7154
vn 0.7022 0.1991 -0.6836
vn 0.7140 0.3886 -0.5823
vn 0.7022 0.1994 -0.6835
vn -0.5403 0.7738 -0.3308
vn -0.5164 0.4130 -0.7502
vn -0.8327 -0.1639 -0.5289
vn -0.5206 0.4022 -0.7531
vn -0.7749 0.3585 -0.5207
vn -0.1979 0.6331 -0.7484
vn -0.2210 0.6164 -0.7558
vn 0.9950 -0.1002 -0.0000
vn 0.9993 -0.0366 -0.0000
vn 0.9993 -0.0373 -0.0000
vn 0.9951 -0.0992 -0.0000
vn 0.9960 0.0895 -0.0000
vn 0.9960 0.0889 -0.0000
vn 0.9884 0.1521 -0.0000
vn 0.9885 0.1511 -0.0000
vn 0.9997 0.0262 -0.0000
vn 0.9997 0.0257 -0.0000
vn 0.9997 0.0258 -0.0000
vn 0.5639 -0.8258 -0.0000
vn 0.9230 -0.3848 -0.0000
vn 0.4563 0.8898 -0.0000
vn 0.8267 0.5627 -0.0000
vn 0.4564 0.8898 -0.0000
vn 0.8266 0.5628 -0.0000
vn 0.5023 -0.8647 -0.0000
vn 0.8550 -0.5187 -0.0000
vn 0.5025 -0.8646 -0.0000
vn 0.8549 -0.5187 -0.0000
vn 0.6883 0.7254 -0.0000
vn 0.7254 -0.6884 -0.0000
vn 0.5200 0.8542 -0.0000
vn 0.9016 0.4325 -0.0000
vn 0.9997 0.0252 -0.0000
vn 0.9996 0.0280 -0.0000
vn 0.9996 0.0269 -0.0000
vn 0.9997 0.0226 -0.0000
vn 0.9996 0.0270 -0.0000
vn 0.9996 0.0297 -0.0000
vn 0.9996 0.0274 -0.0000
vn 0.9994 0.0337 -0.0000
vn 0.9997 0.0250 -0.0000
vn 0.9998 0.0187 -0.0000
vn -0.0185 0.7055 -0.7085
vn -0.6431 0.5343 -0.5486
vn -0.0262 0.9997 -0.0025
vn -0.6487 0.7610 0.0019
vn -0.0186 0.7087 0.7053
vn -0.6423 0.5323 0.5515
vn -0.0262 0.9997 -0.0000
vn -0.0185 0.7074 0.7066
vn -0.0185 0.7076 0.7063
vn -0.0185 0.7076 -0.7064
vn -0.0185 0.7074 -0.7066
vn -0.0252 0.9613 0.2742
vn -0.0251 0.9609 -0.2759
vn -0.0252 0.9612 -0.2746
vn -0.0252 0.9608 0.2762
vn -0.0128 0.4889 -0.8722
vn -0.0128 0.4891 0.8721
vn -0.0127 0.4861 -0.8738
vn -0.0127 0.4850 0.8744
vn -0.0214 0.8185 -0.5741
vn -0.0214 0.8186 -0.5739
vn -0.0214 0.8186 0.5739
vn -0.0214 0.8185 0.5741
vn 0.4551 0.8904 -0.0000
vn -0.5011 0.8654 -0.0000
vn -0.0262 0.9997 0.0008
vn -0.0260 0.9918 0.1251
vn -0.0262 0.9997 -0.0009
vn -0.0260 0.9916 0.1268
vn -0.0260 0.9918 -0.1251
vn -0.0260 0.9916 -0.1269
vn -0.0184 0.7065 -0.7075
vn -0.0185 0.7060 -0.7079
vn -0.0185 0.7061 0.7078
vn -0.0185 0.7065 0.7074
vn 0.6884 0.7254 -0.0000
vn -0.7254 0.6883 -0.0000
vn -0.0262 0.9997 0.0018
vn -0.0185 0.7086 0.7054
vn -0.0262 0.9997 -0.0017
vn -0.0186 0.7088 -0.7052
vn -0.0185 0.7058 -0.7082
vn 0.5198 0.8543 -0.0000
vn -0.5638 0.8259 -0.0000
vn 0.0185 -0.7064 0.7076
vn -0.6283 -0.0148 0.7778
vn -0.6141 -0.5657 0.5503
vn -0.0000 0.0004 1.0000
vn -0.6425 0.5348 0.5489
vn -0.0185 0.7066 0.7073
vn -0.0185 0.7052 0.7088
vn -0.0185 0.7080 0.7059
vn -0.0000 -0.0013 1.0000
vn -0.0000 0.0014 1.0000
vn 0.0185 -0.7073 0.7067
vn 0.0185 -0.7059 0.7081
vn 0.0012 -0.0471 0.9989
vn 0.0023 -0.0871 0.9962
vn -0.0012 0.0471 0.9989
vn -0.0023 0.0871 0.9962
vn -0.0000 -0.0000 1.0000
vn -0.0128 0.4875 0.8730
vn -0.0127 0.4875 0.8730
vn 0.0135 -0.5178 0.8554
vn 0.0136 -0.5178 0.8554
vn -0.0157 0.5983 0.8011
vn -0.0216 0.8228 0.5679
vn -0.0215 0.8226 0.5682
vn -0.0157 0.5986 0.8009
vn 0.0120 -0.4587 0.8885
vn 0.0119 -0.4535 0.8912
vn 0.0119 -0.4526 0.8916
vn 0.0120 -0.4600 0.8878
vn 0.0043 -0.1659 0.9861
vn 0.0043 -0.1653 0.9862
vn -0.0043 0.1657 0.9862
vn 0.0091 -0.3484 0.9373
vn 0.0091 -0.3458 0.9383
vn -0.0000 -0.0005 1.0000
vn -0.0091 0.3473 0.9377
vn -0.0090 0.3447 0.9387
vn 0.0157 -0.5983 0.8011
vn 0.0157 -0.5985 0.8010
vn 0.0157 -0.5986 0.8009
vn -0.0186 0.7089 0.7051
vn -0.0185 0.7054 0.7085
vn -0.0000 0.0001 1.0000
vn -0.0000 -0.0009 1.0000
vn 0.0185 -0.7080 0.7060
vn 0.0186 -0.7077 0.7062
vn 0.0185 -0.7066 0.7074
vn -0.0000 -0.0006 1.0000
vn -0.0185 0.7073 0.7067
vn -0.9997 -0.0240 -0.0000
vn -0.9997 -0.0224 -0.0000
vn -0.9997 -0.0262 -0.0000
vn -0.9998 -0.0178 -0.0000
vn -0.9996 -0.0292 -0.0000
vn -0.9996 -0.0296 -0.0000
vn -0.9996 -0.0280 -0.0000
vn -0.6139 -0.5663 -0.5500
vn -0.6427 0.5334 -0.5500
vn -0.6283 -0.0164 -0.7778
vn -0.6139 -0.5663 0.5500
vn -0.6079 -0.7940 -0.0000
vn -0.6427 0.5333 0.5500
vn -0.6283 -0.0165 0.7778
vn -0.6486 0.7611 -0.0000
vn -0.9997 -0.0229 -0.0000
vn -0.9997 -0.0251 -0.0000
vn -0.9997 -0.0246 -0.0000
vn -0.9997 -0.0244 -0.0000
vn -0.9997 -0.0254 -0.0000
vn -0.5214 -0.8533 -0.0000
vn -0.5186 -0.8550 -0.0000
vn -0.9020 -0.4318 -0.0000
vn -0.9008 -0.4342 -0.0000
vn -0.5020 0.8649 -0.0000
vn -0.8536 0.5210 -0.0000
vn -0.4993 0.8664 -0.0000
vn -0.8550 0.5187 -0.0000
vn -0.4533 -0.8914 -0.0000
vn -0.4561 -0.8899 -0.0000
vn -0.8252 -0.5649 -0.0000
vn -0.8267 -0.5627 -0.0000
vn -0.7254 0.6884 -0.0000
vn -0.6883 -0.7254 -0.0000
vn -0.5626 0.8267 -0.0000
vn -0.9234 0.3839 -0.0000
vn -0.5654 0.8248 -0.0000
vn -0.9223 0.3864 -0.0000
vn -0.9996 -0.0279 -0.0000
vn -0.9996 -0.0286 -0.0000
vn -0.9997 -0.0257 -0.0000
vn -0.9996 -0.0268 -0.0000
vn 0.0185 -0.7081 -0.7059
vn -0.6080 -0.7939 -0.0000
vn -0.6142 -0.5668 -0.5490
vn 0.0262 -0.9997 -0.0000
vn -0.6142 -0.5669 0.5490
vn 0.0185 -0.7081 0.7059
vn 0.0185 -0.7072 0.7068
vn 0.0185 -0.7073 -0.7066
vn 0.0185 -0.7072 -0.7068
vn 0.5638 -0.8259 -0.0000
vn -0.5198 -0.8543 -0.0000
vn 0.0136 -0.5191 -0.8546
vn 0.0254 -0.9711 -0.2373
vn 0.0135 -0.5155 -0.8568
vn 0.0254 -0.9715 -0.2355
vn 0.0254 -0.9714 0.2359
vn 0.0254 -0.9712 0.2370
vn 0.0137 -0.5189 0.8547
vn 0.0135 -0.5168 0.8560
vn 0.0262 -0.9997 -0.0009
vn 0.0262 -0.9997 0.0008
vn 0.0260 -0.9917 -0.1262
vn 0.0260 -0.9919 -0.1245
vn 0.0260 -0.9917 0.1262
vn 0.0260 -0.9919 0.1244
vn -0.4551 -0.8904 -0.0000
vn 0.5011 -0.8654 -0.0000
vn 0.0185 -0.7065 -0.7074
vn 0.0185 -0.7061 -0.7078
vn 0.0186 -0.7065 0.7075
vn 0.0185 -0.7060 0.7079
vn -0.6884 -0.7254 -0.0000
vn 0.7254 -0.6883 -0.0000
vn 0.0262 -0.9997 -0.0002
vn 0.0185 -0.7061 0.7079
vn 0.0185 -0.7058 0.7082
vn 0.0185 -0.7059 -0.7081
vn 0.0185 -0.7061 -0.7079
vn -0.6141 -0.5657 -0.5504
vn -0.0001 0.0020 -1.0000
vn 0.0185 -0.7063 -0.7076
vn -0.6284 -0.0162 -0.7778
vn -0.0186 0.7086 -0.7054
vn -0.6429 0.5328 -0.5503
vn -0.0184 0.7052 -0.7088
vn -0.0186 0.7080 -0.7059
vn -0.0000 -0.0013 -1.0000
vn -0.0000 0.0014 -1.0000
vn 0.0185 -0.7073 -0.7067
vn 0.0023 -0.0871 -0.9962
vn 0.0012 -0.0470 -0.9989
vn 0.0012 -0.0471 -0.9989
vn -0.0012 0.0471 -0.9989
vn -0.0023 0.0871 -0.9962
vn -0.0128 0.4875 -0.8730
vn -0.0000 -0.0000 -1.0000
vn -0.0127 0.4875 -0.8730
vn 0.0136 -0.5178 -0.8554
vn 0.0135 -0.5178 -0.8554
vn -0.0215 0.8228 -0.5679
vn -0.0216 0.8228 -0.5679
vn -0.0157 0.5986 -0.8009
vn 0.0119 -0.4538 -0.8910
vn 0.0120 -0.4579 -0.8889
vn 0.0119 -0.4544 -0.8907
vn 0.0120 -0.4588 -0.8885
vn 0.0043 -0.1652 -0.9862
vn 0.0043 -0.1658 -0.9861
vn -0.0043 0.1656 -0.9862
vn 0.0091 -0.3460 -0.9382
vn -0.0000 -0.0004 -1.0000
vn 0.0091 -0.3482 -0.9374
vn -0.0091 0.3472 -0.9377
vn -0.0090 0.3449 -0.9386
vn 0.0157 -0.5986 -0.8009
vn 0.0157 -0.5985 -0.8010
vn -0.0185 0.7091 -0.7049
vn -0.0185 0.7053 -0.7087
vn -0.0000 0.0001 -1.0000
vn -0.0000 -0.0009 -1.0000
vn 0.0187 -0.7081 -0.7058
vn 0.0185 -0.7062 -0.7078
vn -0.0000 -0.0005 -1.0000
vn 0.0185 -0.7077 -0.7062
vn 0.0185 -0.7066 -0.7074
vn -0.0000 -0.0006 -1.0000
vn -0.0185 0.7061 -0.7078
vn -0.0185 0.7073 -0.7067
vt 26.064100 -43.242298
vt 26.000099 -43.333900
vt 26.077101 -43.327900
vt 26.000099 -43.236198
vt 25.945900 -43.242298
vt 25.932899 -43.327900
vt 25.857300 -43.315800
vt 25.908899 -43.250000
vt 26.152700 -43.315800
vt 26.101101 -43.250000
vt 26.158800 -43.279900
vt 26.155600 -43.206200
vt 26.098000 -43.240898
vt 26.073099 -43.320599
vt 25.999300 -43.420300
vt 26.088100 -43.417198
vt 25.999300 -43.307701
vt 25.936899 -43.320599
vt 25.921900 -43.417198
vt 26.200701 -43.239498
vt 26.126600 -43.095001
vt 26.160999 -43.083900
vt 26.106501 -43.025200
vt 25.841600 -43.403400
vt 25.901100 -43.336899
vt 25.903700 -43.025200
vt 25.849199 -43.083900
vt 25.883600 -43.095001
vt 26.157600 -43.403400
vt 26.098101 -43.336899
vt 25.851200 -43.279900
vt 25.912001 -43.240898
vt 25.848101 -43.206200
vt 26.168501 -43.336102
vt 26.151199 -43.245399
vt 26.098400 -43.317699
vt 25.786301 -43.314899
vt 25.834499 -43.336102
vt 25.843800 -43.245399
vt 25.904600 -43.317699
vt 26.216700 -43.314899
vt 26.000000 -42.736698
vt 25.940500 -42.738800
vt 26.000000 -42.747799
vt 25.950001 -42.712299
vt 26.059500 -42.738800
vt 26.049999 -42.712299
vt 26.104700 -43.025398
vt 25.999901 -43.103401
vt 25.999901 -43.025398
vt 25.905500 -43.025398
vt 26.000000 -42.751598
vt 25.959000 -42.777699
vt 26.000000 -42.777699
vt 26.041000 -42.777699
vt 26.000000 -43.415699
vt 25.881100 -43.494999
vt 26.000000 -43.499599
vt 25.875200 -43.417000
vt 26.124800 -43.417000
vt 26.118900 -43.494999
vt 26.125601 -42.967701
vt 26.159300 -42.973701
vt 25.884701 -42.967701
vt 25.850901 -42.973701
vt 26.000000 -42.694401
vt 26.071800 -43.090302
vt 26.000401 -43.159401
vt 26.076099 -43.153500
vt 26.000401 -43.089298
vt 25.933901 -43.153500
vt 25.938200 -43.090302
vt 26.142000 -43.082199
vt 26.174101 -43.123901
vt 25.835899 -43.123901
vt 25.868000 -43.082199
vt 26.000000 -43.198299
vt 25.882099 -43.275299
vt 26.000000 -43.279099
vt 25.881399 -43.200699
vt 26.118601 -43.200699
vt 26.117901 -43.275299
vt 26.000000 -42.702099
vt 25.964800 -42.720200
vt 26.000000 -42.728802
vt 25.974800 -42.695999
vt 26.035200 -42.720200
vt 26.025200 -42.695999
vt 26.000000 -42.653099
vt 25.954201 -42.668098
vt 26.000000 -42.682098
vt 25.961399 -42.643700
vt 26.045799 -42.668098
vt 26.038601 -42.643700
vt 25.976999 -42.685398
vt 26.000000 -42.714298
vt 26.000000 -42.685902
vt 25.965500 -42.714298
vt 26.023001 -42.685398
vt 26.034500 -42.714298
vt 26.122801 -43.493999
vt 26.069599 -43.388302
vt 25.986000 -43.499699
vt 25.986000 -43.391899
vt 25.938000 -43.388302
vt 25.897699 -43.493999
vt 25.920401 -43.387100
vt 25.866800 -43.477299
vt 26.083000 -43.387100
vt 26.143801 -43.477299
vt 26.003000 -42.685101
vt 26.003000 -42.606098
vt 25.937599 -42.613098
vt 25.941299 -42.684799
vt 26.056801 -42.684799
vt 26.060499 -42.613098
vt 26.000000 -42.615200
vt 25.971701 -42.607899
vt 26.147600 -43.022800
vt 26.094101 -43.049500
vt 26.091200 -43.031700
vt 26.137199 -42.964600
vt 26.112801 -42.690800
vt 26.140499 -42.647900
vt 25.915899 -43.049500
vt 25.862400 -43.022800
vt 25.918800 -43.031700
vt 25.867001 -42.964600
vt 26.028299 -42.607899
vt 25.865101 -42.647900
vt 25.892900 -42.690800
vt 26.000000 -43.328201
vt 26.000000 -43.226898
vt 25.908001 -43.220402
vt 25.884399 -43.320000
vt 26.115601 -43.320000
vt 26.091999 -43.220402
vt 26.053499 -43.382301
vt 26.122299 -43.431198
vt 26.124500 -43.349701
vt 25.946501 -43.382301
vt 25.875500 -43.349701
vt 25.877701 -43.431198
vt 26.002899 -42.687401
vt 26.002899 -42.613602
vt 25.941799 -42.620201
vt 25.945299 -42.687099
vt 26.053200 -42.687099
vt 26.056601 -42.620201
vt 26.070200 -43.432999
vt 26.155100 -43.487999
vt 26.095800 -43.432899
vt 25.844900 -43.487999
vt 25.929800 -43.432999
vt 25.904200 -43.432899
vt 26.105400 -42.692699
vt 26.131300 -42.652699
vt 25.874201 -42.652699
vt 25.900101 -42.692699
vt 26.052601 -43.220100
vt 26.116199 -43.272999
vt 26.118099 -43.198002
vt 25.947399 -43.220100
vt 25.881901 -43.198002
vt 25.883801 -43.272999
vt 26.003201 -42.684101
vt 26.003201 -42.597099
vt 25.931200 -42.604900
vt 25.935200 -42.683701
vt 26.062401 -42.683701
vt 26.066401 -42.604900
vt 26.125000 -43.278099
vt 26.090000 -43.228001
vt 26.069799 -43.228699
vt 25.875000 -43.278099
vt 25.930201 -43.228699
vt 25.910000 -43.228001
vt 26.123899 -42.690399
vt 26.154400 -42.643200
vt 25.851500 -42.643200
vt 25.882000 -42.690399
vt 25.951700 -42.753201
vt 26.003000 -42.767399
vt 26.046400 -42.753201
vt 25.934299 -42.735401
vt 25.885300 -42.726398
vt 26.071400 -42.735401
vt 26.068899 -42.721401
vt 26.117701 -42.726398
vt 25.891500 -42.784599
vt 25.934099 -42.721401
vt 26.117201 -42.784599
vt 25.779400 -43.100101
vt 25.839399 -43.153500
vt 25.875200 -43.088799
vt 26.220600 -43.100101
vt 26.124800 -43.088799
vt 26.160601 -43.153500
vt 25.955000 -42.750900
vt 26.002899 -42.764198
vt 26.043400 -42.750900
vt 25.938801 -42.734299
vt 25.893101 -42.725899
vt 25.892500 -42.780201
vt 25.938601 -42.721298
vt 26.066700 -42.734299
vt 26.064400 -42.721298
vt 26.109900 -42.725899
vt 26.115700 -42.780201
vt 25.946699 -42.758999
vt 26.003201 -42.774601
vt 26.050900 -42.758999
vt 25.927601 -42.739399
vt 25.873699 -42.729500
vt 26.078400 -42.739399
vt 26.075701 -42.723999
vt 26.129299 -42.729500
vt 25.893299 -42.793499
vt 25.927299 -42.723999
vt 26.115900 -42.793499
vt 26.129900 -43.194599
vt 26.164801 -43.170399
vt 26.107500 -43.105099
vt 25.892500 -43.105099
vt 25.835199 -43.170399
vt 25.870100 -43.194599
vt 26.000000 -43.196899
vt 26.000000 -43.106300
vt 25.892200 -42.784599
vt 26.116400 -42.784599
vt 26.121500 -43.015598
vt 26.189600 -43.027302
vt 26.154499 -42.989601
vt 26.129000 -43.074600
vt 25.820400 -43.027302
vt 25.888500 -43.015598
vt 25.855499 -42.989601
vt 25.881001 -43.074600
vt 26.114901 -42.780201
vt 25.893299 -42.780201
vt 25.896700 -42.793499
vt 26.112400 -42.793499
vt 26.100500 -42.951500
vt 26.000000 -43.028301
vt 26.000000 -42.952000
vt 25.909500 -42.951500
vt 25.821199 -43.016201
vt 25.867001 -43.005402
vt 25.848499 -42.988701
vt 25.858999 -43.048401
vt 26.129601 -43.005402
vt 26.182699 -43.013901
vt 26.155300 -42.986401
vt 26.137600 -43.048401
vt 25.844200 -42.927700
vt 25.905800 -42.931999
vt 25.848301 -42.862598
vt 26.102200 -42.950500
vt 26.160700 -42.927700
vt 26.099100 -42.931999
vt 26.154400 -42.862598
vt 25.907801 -42.950500
vt 25.893101 -42.784599
vt 26.115499 -42.784599
vt 26.061800 -42.952702
vt 26.000200 -43.025700
vt 26.074301 -43.013699
vt 26.000200 -42.953300
vt 25.948099 -42.952702
vt 25.935600 -43.013699
vt 25.906000 -42.951698
vt 25.845501 -42.930099
vt 25.852800 -42.988899
vt 25.906500 -42.934200
vt 25.849501 -42.868198
vt 26.104000 -42.951698
vt 26.159300 -42.930099
vt 26.157200 -42.988899
vt 26.098301 -42.934200
vt 26.153099 -42.868198
vt 26.128599 -43.183701
vt 25.871401 -43.183701
vt 26.107201 -42.958599
vt 26.001301 -43.014599
vt 26.001301 -42.959000
vt 25.889500 -42.958599
vt 26.117901 -42.780201
vt 25.890301 -42.780201
vt 25.936899 -42.924301
vt 25.999300 -42.996899
vt 25.999300 -42.910099
vt 26.073099 -42.924301
vt 25.809299 -42.899502
vt 25.851200 -42.929100
vt 25.855000 -42.849602
vt 25.889400 -42.960201
vt 25.879601 -42.944401
vt 26.114500 -42.957901
vt 26.123501 -42.944401
vt 26.200701 -42.899502
vt 26.148701 -42.849602
vt 26.158800 -42.929100
vt 26.113501 -42.793499
vt 25.895700 -42.793499
vt 26.168501 -42.916100
vt 26.151199 -42.842098
vt 26.098400 -42.921101
vt 25.901100 -42.942101
vt 25.834499 -42.916100
vt 25.841600 -42.986599
vt 25.904600 -42.921101
vt 25.843800 -42.842098
vt 26.098101 -42.942101
vt 26.157600 -42.986599
vt 26.160601 -43.381802
vt 25.839399 -43.381802
vt 26.098000 -42.901501
vt 25.912001 -42.901501
vt 25.927299 -42.945301
vt 25.964899 -42.980900
vt 25.969999 -42.942799
vt 25.948799 -42.923901
vt 26.035101 -42.980900
vt 26.072701 -42.945301
vt 26.030001 -42.942799
vt 26.051201 -42.923901
vt 25.929800 -42.953098
vt 25.967899 -42.987301
vt 25.971100 -42.953400
vt 25.948500 -42.934502
vt 26.032101 -42.987301
vt 26.070200 -42.953098
vt 26.028900 -42.953400
vt 26.051500 -42.934502
vt 26.077101 -42.991600
vt 26.152700 -42.979099
vt 26.101101 -42.915298
vt 26.064100 -42.903702
vt 25.857300 -42.979099
vt 25.932899 -42.991600
vt 25.908899 -42.915298
vt 25.945900 -42.903702
vt 26.000099 -42.995998
vt 26.000099 -42.894402
vt 25.943800 -42.911098
vt 25.945801 -42.878399
vt 25.919300 -42.910198
vt 26.000000 -42.906700
vt 26.021099 -42.902901
vt 26.000000 -42.949501
vt 26.056200 -42.911098
vt 26.080700 -42.910198
vt 26.054199 -42.878399
vt 25.978901 -42.902901
vt 26.024900 -42.900799
vt 26.026800 -42.898102
vt 26.059000 -42.897598
vt 26.052500 -42.859600
vt 25.975100 -42.900799
vt 25.973200 -42.898102
vt 25.941000 -42.897598
vt 25.947500 -42.859600
vt 25.931400 -42.951401
vt 25.966101 -42.981800
vt 25.970699 -42.950001
vt 25.951000 -42.933601
vt 26.033899 -42.981800
vt 26.068600 -42.951401
vt 26.029301 -42.950001
vt 26.049000 -42.933601
vt 25.927900 -42.943401
vt 25.965599 -42.979099
vt 25.969101 -42.943298
vt 25.946600 -42.923100
vt 26.034401 -42.979099
vt 26.072100 -42.943401
vt 26.030899 -42.943298
vt 26.053400 -42.923100
vt 26.023100 -42.918400
vt 26.029600 -42.915001
vt 25.976900 -42.918400
vt 25.970400 -42.915001
vt 26.057699 -42.909302
vt 26.032101 -42.910000
vt 26.049700 -42.874199
vt 25.942301 -42.909302
vt 25.967899 -42.910000
vt 25.950300 -42.874199
vt 26.000000 -42.922699
vt 26.000000 -42.959499
vt 26.000000 -42.899101
vt 26.042000 -42.938400
vt 26.027700 -42.894901
vt 26.000000 -42.945702
vt 25.958000 -42.938400
vt 25.972300 -42.894901
vt 26.055799 -42.917500
vt 25.944201 -42.917500
vt 26.027000 -42.911301
vt 25.973000 -42.911301
vt 26.030399 -42.897301
vt 26.062000 -42.895802
vt 26.057501 -42.859299
vt 25.969601 -42.897301
vt 25.942499 -42.859299
vt 25.938000 -42.895802
vt 26.000000 -42.918999
vt 26.000000 -42.955601
vt 25.978600 -42.915699
vt 26.021400 -42.915699
vt 26.025000 -42.913799
vt 25.975000 -42.913799
vt 26.000000 -42.908298
vt 26.022800 -42.904202
vt 26.000000 -42.950001
vt 25.977200 -42.904202
vt 26.027700 -42.901299
vt 25.972300 -42.901299
vt 27.596201 -43.000000
vt 27.630800 -42.970699
vt 27.596100 -42.978600
vt 27.596100 -43.021400
vt 27.630800 -43.029301
vt 24.616199 -43.125500
vt 24.629200 -42.999901
vt 24.546700 -43.104698
vt 24.547300 -42.999901
vt 24.546700 -42.905499
vt 24.616199 -42.884701
vt 24.803400 -43.071800
vt 24.812901 -43.141998
vt 24.870300 -43.094101
vt 24.871700 -43.059799
vt 24.812901 -42.868000
vt 24.803400 -42.938202
vt 24.870300 -42.915901
vt 24.871700 -42.950199
vt 24.796301 -43.000401
vt 24.872900 -43.000401
vt 26.840000 -42.922600
vt 26.767799 -42.901100
vt 26.767700 -42.936901
vt 26.830601 -42.843399
vt 26.840000 -43.087299
vt 26.848101 -42.999298
vt 26.767700 -43.073101
vt 26.767799 -43.098099
vt 26.830601 -43.155701
vt 26.837299 -42.976200
vt 26.827700 -43.000000
vt 26.864700 -43.000000
vt 26.814501 -42.986900
vt 26.814501 -43.013100
vt 26.776899 -43.000000
vt 26.837299 -43.023800
vt 24.708200 -43.000000
vt 24.696501 -42.983601
vt 24.655399 -43.000000
vt 24.547300 -43.103298
vt 24.478201 -43.160900
vt 24.548901 -43.165501
vt 26.495701 -42.905998
vt 26.555901 -42.936199
vt 26.548100 -42.854401
vt 26.555901 -43.073700
vt 26.495701 -43.104000
vt 26.548100 -43.155499
vt 24.348801 -43.000000
vt 24.333200 -42.979801
vt 24.283100 -43.000000
vt 25.057800 -43.000000
vt 25.044500 -42.986900
vt 25.006901 -43.000000
vt 25.152100 -43.000000
vt 25.087799 -42.881401
vt 25.075899 -43.000000
vt 25.164101 -42.886799
vt 25.087799 -43.118599
vt 25.164101 -43.113201
vt 26.934099 -42.853001
vt 26.897301 -42.809299
vt 26.855900 -42.855000
vt 25.083099 -43.000000
vt 25.014500 -42.875198
vt 25.004999 -43.000000
vt 25.092699 -42.882401
vt 25.014500 -43.124802
vt 25.092699 -43.117599
vt 24.897699 -43.000000
vt 24.884501 -42.984501
vt 24.846901 -43.000000
vt 26.934099 -43.157001
vt 26.855900 -43.148701
vt 26.897301 -43.200699
vt 24.534401 -43.076500
vt 24.462400 -43.101101
vt 24.523001 -43.151100
vt 24.449200 -43.064098
vt 24.534401 -42.933498
vt 24.462400 -42.908901
vt 24.449200 -42.945900
vt 24.523001 -42.858898
vt 24.548901 -42.839401
vt 24.547300 -42.901600
vt 24.566401 -42.903702
vt 24.610800 -42.850899
vt 24.478201 -42.841702
vt 26.988001 -42.933498
vt 26.910500 -42.908901
vt 26.900700 -42.945900
vt 26.976500 -42.858898
vt 26.988001 -43.076500
vt 26.910500 -43.101101
vt 26.976500 -43.151100
vt 26.900700 -43.064098
vt 26.899000 -43.098000
vt 24.696501 -43.016399
vt 24.724400 -43.029900
vt 24.750900 -43.000000
vt 26.899000 -42.911999
vt 26.993099 -43.000099
vt 26.892900 -43.000099
vt 25.044500 -43.013100
vt 25.067301 -43.023800
vt 25.094700 -43.000000
vt 24.537500 -43.000099
vt 24.438801 -43.000099
vt 26.062300 -42.837399
vt 25.996799 -42.779400
vt 26.007200 -42.844898
vt 24.724400 -42.970100
vt 26.007200 -43.155102
vt 25.996799 -43.220600
vt 26.062300 -43.162601
vt 24.469101 -43.157001
vt 24.389000 -43.155602
vt 24.444700 -43.200699
vt 24.884501 -43.015499
vt 24.907301 -43.028301
vt 24.934700 -43.000000
vt 25.067301 -42.976200
vt 25.393299 -43.091999
vt 25.496201 -43.000000
vt 25.390400 -43.000000
vt 25.493601 -43.116798
vt 25.393299 -42.908001
vt 25.493601 -42.883202
vt 24.333200 -43.020199
vt 24.365700 -43.036701
vt 24.399700 -43.000000
vt 25.927299 -42.875198
vt 25.927299 -43.124802
vt 24.469101 -42.853001
vt 24.444700 -42.809299
vt 24.389000 -42.848099
vt 25.379200 -43.120300
vt 25.370100 -43.052601
vt 25.293200 -43.118000
vt 25.379200 -42.879700
vt 25.293200 -42.882000
vt 25.370100 -42.947399
vt 24.907301 -42.971699
vt 24.610800 -43.159302
vt 24.566401 -43.106499
vt 24.446899 -42.911999
vt 24.750999 -42.959301
vt 24.794300 -43.000000
vt 24.750999 -43.040699
vt 26.009600 -43.095798
vt 26.009600 -42.904202
vt 24.365700 -42.963299
vt 26.116899 -43.000000
vt 26.018499 -42.892502
vt 26.022600 -43.000000
vt 26.117399 -42.868698
vt 26.117399 -43.131302
vt 26.018499 -43.107498
vt 26.002800 -43.070202
vt 26.002800 -42.929798
vt 24.446899 -43.098000
vt 25.183901 -42.779400
vt 25.134501 -42.835201
vt 25.189501 -42.839401
vt 25.087999 -42.788898
vt 25.134501 -43.164799
vt 25.183901 -43.220600
vt 25.189501 -43.160599
vt 25.087999 -43.211102
vt 25.292601 -42.832001
vt 25.227100 -42.875500
vt 25.328400 -42.877701
vt 25.292601 -43.167999
vt 25.328400 -43.122299
vt 25.227100 -43.124500
vt 25.437099 -43.130600
vt 25.437099 -42.869400
vt 25.315500 -43.069599
vt 25.442101 -42.986000
vt 25.318501 -42.986000
vt 25.433901 -43.091702
vt 25.433901 -42.921200
vt 25.315500 -42.938000
vt 25.299500 -43.053501
vt 25.299500 -42.946499
vt 26.442900 -42.852798
vt 26.434500 -42.935600
vt 26.434500 -43.074299
vt 26.442900 -43.157200
vt 25.383900 -42.866501
vt 25.314800 -42.920399
vt 25.413200 -42.879200
vt 25.413200 -43.127201
vt 25.314800 -43.083000
vt 25.383900 -43.133499
vt 26.686199 -42.999298
vt 26.694500 -42.921902
vt 26.694500 -43.088100
vt 24.400000 -43.166302
vt 24.318001 -43.151199
vt 24.348700 -43.216599
vt 26.704599 -42.841599
vt 26.704599 -43.157600
vt 24.400000 -42.836700
vt 24.348700 -42.786301
vt 24.318001 -42.843800
vt 25.161900 -43.097301
vt 25.170799 -43.095798
vt 25.254000 -43.124802
vt 25.177601 -43.070202
vt 25.170799 -42.904202
vt 25.161900 -42.902699
vt 25.177601 -42.929798
vt 25.254000 -42.875198
vt 24.927000 -43.071301
vt 24.919901 -43.140499
vt 24.927000 -42.938702
vt 24.919901 -42.869499
vt 24.454201 -42.999298
vt 24.351101 -42.936901
vt 24.345400 -42.999298
vt 24.446899 -42.922600
vt 24.446899 -43.087299
vt 24.351101 -43.073101
vt 24.349899 -42.904598
vt 24.358500 -43.098099
vt 24.434299 -43.155701
vt 24.349899 -43.098400
vt 24.358500 -42.901100
vt 24.434299 -42.843399
vt 27.580999 -43.279900
vt 27.537600 -43.250000
vt 27.532301 -43.315800
vt 27.395000 -43.095001
vt 27.453300 -43.025398
vt 27.433599 -43.025200
vt 27.555300 -43.239498
vt 27.611000 -43.206200
vt 24.376301 -42.932899
vt 24.403900 -42.910198
vt 24.379200 -42.910500
vt 24.403400 -42.951401
vt 27.680901 -43.403400
vt 27.651300 -43.314899
vt 27.606100 -43.416901
vt 27.703199 -43.336102
vt 24.291901 -42.922798
vt 24.322399 -42.895901
vt 24.295401 -42.895000
vt 24.322100 -42.943401
vt 24.492399 -42.892399
vt 24.457100 -42.917500
vt 24.492399 -42.894901
vt 27.595800 -42.777699
vt 27.622000 -42.751598
vt 27.595800 -42.751598
vt 27.383801 -42.967701
vt 27.614401 -42.712299
vt 27.668301 -42.694401
vt 27.634300 -42.680500
vt 27.666800 -42.660500
vt 27.682501 -42.673199
vt 24.460600 -42.888599
vt 24.492399 -42.889198
vt 24.448299 -42.938400
vt 24.492399 -42.940800
vt 24.492399 -42.980000
vt 24.322599 -42.859299
vt 24.560699 -42.934502
vt 24.587999 -42.908401
vt 24.563700 -42.909302
vt 24.587999 -42.953098
vt 24.492399 -42.887798
vt 27.127701 -43.029099
vt 27.187099 -43.082199
vt 27.175200 -43.022800
vt 27.137400 -43.123901
vt 24.492399 -42.846901
vt 25.023500 -42.910400
vt 25.041800 -42.972801
vt 25.102699 -42.899502
vt 25.065901 -42.868500
vt 27.455299 -43.023300
vt 27.461300 -43.072201
vt 27.521799 -43.017200
vt 24.649799 -42.923901
vt 24.682199 -42.896900
vt 24.652901 -42.897598
vt 24.682199 -42.945301
vt 24.587999 -42.874199
vt 24.682199 -42.859600
vt 25.324900 -42.727402
vt 25.325300 -42.643200
vt 25.271099 -42.689602
vt 25.276600 -42.727600
vt 25.232599 -43.029598
vt 25.232100 -42.917999
vt 25.169399 -42.987301
vt 25.175800 -42.917900
vt 27.249001 -42.663101
vt 27.269699 -42.714100
vt 27.284100 -42.683701
vt 27.223000 -42.688599
vt 27.115499 -42.589401
vt 27.120100 -42.615200
vt 27.128799 -42.597500
vt 27.092699 -42.607899
vt 27.077900 -42.643700
vt 27.115299 -42.653099
vt 26.729300 -43.431198
vt 26.772900 -43.349701
vt 26.707399 -43.381401
vt 27.275600 -42.638500
vt 27.302099 -42.652401
vt 26.684900 -42.724499
vt 26.734200 -42.690800
vt 26.685301 -42.647900
vt 26.728600 -42.726398
vt 26.849600 -43.213200
vt 26.824499 -43.273602
vt 26.871401 -43.275299
vt 26.912201 -43.200699
vt 27.451099 -42.973999
vt 25.147900 -42.564999
vt 25.135300 -42.521999
vt 25.110500 -42.555599
vt 25.162701 -42.529202
vt 26.985500 -43.417000
vt 26.877899 -43.488201
vt 26.932699 -43.494999
vt 26.912001 -43.424301
vt 26.816099 -43.435699
vt 26.906500 -42.654301
vt 26.931101 -42.625900
vt 26.908100 -42.625401
vt 26.940901 -42.654301
vt 25.115200 -42.646099
vt 25.102100 -42.715599
vt 25.136499 -42.715599
vt 25.138100 -42.646599
vt 25.142300 -42.629299
vt 25.089701 -42.629002
vt 27.121000 -42.964600
vt 25.231701 -42.842098
vt 26.651699 -43.272999
vt 26.706800 -43.198002
vt 26.636999 -43.220200
vt 26.955299 -42.593102
vt 26.932699 -42.547901
vt 26.917900 -42.583698
vt 26.960100 -42.555199
vt 26.912300 -42.608101
vt 26.957500 -42.622101
vt 27.303499 -42.624901
vt 27.315201 -42.636398
vt 25.368500 -43.016201
vt 25.368200 -42.942501
vt 25.327999 -42.989201
vt 25.332199 -42.942402
vt 25.495001 -42.724098
vt 25.495300 -42.652699
vt 25.449301 -42.692101
vt 25.454000 -42.724300
vt 25.494699 -42.780201
vt 26.514999 -42.724098
vt 26.560900 -42.692699
vt 26.515301 -42.652699
vt 26.555700 -42.725899
vt 25.368000 -42.893799
vt 25.504700 -43.024799
vt 25.504299 -42.931702
vt 25.451900 -42.989498
vt 25.457300 -42.931499
vt 25.664900 -42.724499
vt 25.665300 -42.647900
vt 25.616100 -42.690102
vt 25.621099 -42.724602
vt 25.504000 -42.868198
vt 26.598801 -43.295399
vt 26.540501 -43.247799
vt 27.716900 -42.653599
vt 26.616501 -43.422199
vt 26.652901 -43.477299
vt 26.680500 -43.460701
vt 26.576900 -43.437500
vt 26.955500 -42.529400
vt 26.968800 -42.537498
vt 26.775900 -43.228001
vt 26.774799 -43.278099
vt 26.344900 -42.727402
vt 26.399000 -42.690399
vt 26.345301 -42.643200
vt 26.392900 -42.729500
vt 25.652700 -43.027302
vt 25.652201 -42.929298
vt 25.597099 -42.990200
vt 25.602800 -42.929199
vt 25.327999 -42.986900
vt 25.368200 -42.944401
vt 26.684999 -42.753201
vt 26.742001 -42.684799
vt 26.684999 -42.735401
vt 25.651899 -42.862598
vt 25.324499 -42.793499
vt 26.684601 -42.784599
vt 25.834900 -42.727402
vt 25.835300 -42.643200
vt 25.781099 -42.689602
vt 25.786600 -42.727600
vt 26.764500 -43.231701
vt 27.153099 -42.579102
vt 26.174900 -42.724499
vt 26.224199 -42.690800
vt 26.175301 -42.647900
vt 26.218599 -42.726398
vt 27.473499 -43.288399
vt 26.514700 -42.780201
vt 25.958900 -43.170399
vt 26.003201 -43.100101
vt 25.908501 -43.118599
vt 26.553200 -43.320000
vt 26.459101 -43.264900
vt 26.515100 -42.750900
vt 26.568300 -42.687099
vt 26.514999 -42.734299
vt 25.089500 -42.915298
vt 25.664600 -42.784599
vt 26.685200 -43.387100
vt 26.694401 -43.385899
vt 26.835899 -43.145000
vt 26.803101 -43.167400
vt 27.344601 -42.623199
vt 26.004999 -42.724098
vt 26.005301 -42.652699
vt 25.959299 -42.692101
vt 25.964001 -42.724300
vt 26.004700 -42.780201
vt 26.993099 -42.519100
vt 26.050900 -42.692699
vt 26.045700 -42.725899
vt 26.344500 -42.793499
vt 26.606701 -43.220402
vt 26.344999 -42.758999
vt 26.407700 -42.683701
vt 26.344900 -42.739399
vt 25.882601 -43.049599
vt 25.937700 -43.052299
vt 25.834499 -42.793499
vt 26.126101 -42.690102
vt 26.131100 -42.724602
vt 26.174601 -42.784599
vt 26.623400 -43.222801
vt 25.889000 -42.690399
vt 25.882900 -42.729500
vt 26.174999 -42.753201
vt 26.232000 -42.684799
vt 26.174999 -42.735401
vt 26.562901 -43.175900
vt 26.620800 -43.166199
vt 26.291100 -42.689602
vt 26.296600 -42.727600
vt 25.701500 -42.927700
vt 25.714199 -42.690800
vt 25.708599 -42.726398
vt 25.707800 -42.989601
vt 25.106400 -42.979099
vt 25.140400 -42.929100
vt 26.005100 -42.750900
vt 26.058300 -42.687099
vt 26.004999 -42.734299
vt 26.506399 -43.167000
vt 25.551100 -42.930099
vt 26.865499 -43.368900
vt 26.616100 -43.354301
vt 26.671600 -43.336601
vt 26.469299 -42.692101
vt 26.474001 -42.724300
vt 25.540899 -42.692699
vt 25.535700 -42.725899
vt 25.557100 -42.988899
vt 26.754700 -43.183701
vt 26.701900 -43.243198
vt 25.404100 -42.941299
vt 25.834999 -42.758999
vt 25.897699 -42.683701
vt 25.834900 -42.739399
vt 26.636101 -42.690102
vt 26.641100 -42.724602
vt 25.288200 -42.916100
vt 25.408701 -42.988701
vt 26.905300 -42.540699
vt 26.880501 -42.574299
vt 25.379000 -42.690399
vt 25.372900 -42.729500
vt 27.205700 -42.640400
vt 27.169100 -42.673698
vt 26.859699 -42.607700
vt 25.665001 -42.753201
vt 25.722000 -42.684799
vt 25.665001 -42.735401
vt 26.872101 -42.654301
vt 26.885201 -42.624802
vt 25.295401 -42.986599
vt 27.065300 -42.600700
vt 27.040501 -42.634300
vt 26.586800 -43.355202
vt 27.072300 -42.668098
vt 27.019699 -42.667702
vt 25.495100 -42.750900
vt 25.548300 -42.687099
vt 25.495001 -42.734299
vt 27.080099 -43.093300
vt 27.079800 -43.033699
vt 25.161100 -42.647202
vt 25.170900 -42.715599
vt 27.600300 -42.666599
vt 27.570700 -42.688000
vt 25.185499 -42.510700
vt 25.198799 -42.518799
vt 25.223101 -42.500301
vt 25.185301 -42.574402
vt 25.190100 -42.536400
vt 25.187500 -42.643398
vt 27.357100 -43.032299
vt 27.389200 -42.973701
vt 27.399401 -43.083900
vt 27.170300 -42.711700
vt 27.204500 -42.720200
vt 27.186199 -42.689899
vt 27.210600 -42.695999
vt 25.408701 -42.986401
vt 27.066500 -42.714298
vt 27.068100 -42.685398
vt 27.045200 -42.684799
vt 25.325001 -42.758999
vt 25.387699 -42.683701
vt 25.324900 -42.739399
vt 24.711500 -42.897598
vt 27.553101 -43.240898
vt 27.530899 -43.198101
vt 25.101000 -42.901501
vt 24.612301 -42.909302
vt 27.601601 -42.738800
vt 27.541901 -42.737000
vt 24.714600 -42.923901
vt 24.527599 -42.917500
vt 24.524200 -42.888599
vt 24.615299 -42.934502
vt 24.536400 -42.938400
vt 24.349501 -42.895802
vt 27.554800 -42.777699
vt 24.352600 -42.923100
vt 24.431000 -42.933601
vt 24.428600 -42.911098
vt 27.565701 -43.352501
vt 27.641500 -43.336899
vt 27.600000 -43.291698
vt 27.476999 -43.223499
vt 25.945801 -42.922798
vt 25.968700 -42.943199
vt 25.937000 -42.895000
vt 26.054199 -42.922798
vt 26.031300 -42.943199
vt 26.063000 -42.895000
vt 26.000000 -42.950100
vt 25.951000 -42.932899
vt 25.970699 -42.949100
vt 25.943800 -42.910500
vt 26.049000 -42.932899
vt 26.029301 -42.949100
vt 26.056200 -42.910500
vt 26.000000 -42.954800
vt 25.918301 -42.995800
vt 25.999901 -43.000401
vt 25.923500 -42.911800
vt 25.999901 -42.906898
vt 26.066500 -42.911800
vt 26.071699 -42.995800
vt 25.969999 -42.942902
vt 26.030001 -42.942902
vt 25.848900 -42.910400
vt 25.812599 -42.972801
vt 26.141100 -42.910400
vt 26.177401 -42.972801
vt 25.996799 -42.684299
vt 26.068800 -42.604900
vt 25.996799 -42.597099
vt 26.064199 -42.683601
vt 25.933599 -42.604900
vt 25.938200 -42.683601
vt 25.877501 -42.689602
vt 25.845600 -42.643200
vt 26.116600 -42.689602
vt 26.148500 -42.643200
vt 25.997101 -42.687500
vt 26.058201 -42.620201
vt 25.997101 -42.613602
vt 26.054300 -42.687000
vt 25.943399 -42.620201
vt 25.947300 -42.687000
vt 26.098900 -42.942101
vt 26.156601 -42.987301
vt 26.163300 -42.917900
vt 26.095400 -42.921101
vt 25.926901 -42.924301
vt 26.000700 -42.996700
vt 26.000700 -42.910099
vt 25.844299 -42.987301
vt 25.901899 -42.942101
vt 25.833700 -42.917900
vt 25.901600 -42.921101
vt 25.848801 -42.842098
vt 26.063101 -42.924301
vt 26.178801 -43.016201
vt 26.131901 -43.005402
vt 26.141001 -43.048401
vt 26.150200 -42.989201
vt 25.845900 -42.986900
vt 25.817301 -43.013901
vt 25.871401 -43.005402
vt 25.862400 -43.048401
vt 25.895901 -42.692101
vt 25.868700 -42.652699
vt 26.098700 -42.692101
vt 26.125799 -42.652699
vt 26.156200 -42.842098
vt 25.997000 -42.685299
vt 26.062401 -42.613098
vt 25.997000 -42.606098
vt 26.058201 -42.684700
vt 25.939501 -42.613098
vt 25.943600 -42.684700
vt 25.888500 -42.690102
vt 25.859501 -42.647900
vt 25.998699 -43.014500
vt 25.892799 -42.958599
vt 25.998699 -42.959000
vt 26.110500 -42.958599
vt 26.105801 -42.690102
vt 26.134899 -42.647900
vt 25.996799 -42.774601
vt 26.053301 -42.758999
vt 25.949100 -42.758999
vt 25.885500 -42.957901
vt 26.110600 -42.960201
vt 26.072399 -42.739399
vt 26.124599 -42.727600
vt 25.921600 -42.739399
vt 25.872400 -42.727600
vt 25.924299 -42.723999
vt 25.847099 -42.990200
vt 25.810400 -43.027302
vt 25.879499 -43.015701
vt 25.871000 -43.074600
vt 26.179600 -43.027302
vt 26.110500 -43.015701
vt 26.118999 -43.074600
vt 26.142900 -42.990200
vt 25.876499 -42.944401
vt 26.120399 -42.944401
vt 25.999800 -42.953300
vt 26.063801 -43.013699
vt 26.051901 -42.952702
vt 25.999800 -43.025600
vt 26.094000 -42.951698
vt 26.145599 -42.989498
vt 26.152599 -42.931499
vt 26.093500 -42.934200
vt 25.896000 -42.951698
vt 25.926300 -43.013699
vt 25.938200 -42.952702
vt 25.844500 -42.989498
vt 25.842600 -42.931499
vt 25.901699 -42.934200
vt 26.072701 -42.723999
vt 26.104300 -42.793499
vt 25.886499 -42.793499
vt 25.997101 -42.764198
vt 26.045000 -42.750900
vt 25.956600 -42.750900
vt 25.846901 -42.868198
vt 26.150499 -42.868198
vt 26.061199 -42.734299
vt 26.105499 -42.724300
vt 25.933300 -42.734299
vt 25.891500 -42.724300
vt 25.935600 -42.721298
vt 26.000000 -43.028099
vt 25.899500 -42.951500
vt 26.090500 -42.951500
vt 25.897800 -42.950500
vt 25.841200 -42.929199
vt 25.900900 -42.931999
vt 26.092199 -42.950500
vt 26.153900 -42.929199
vt 26.094200 -42.931999
vt 26.151699 -42.862598
vt 26.091101 -42.915298
vt 26.146999 -42.868500
vt 26.087999 -42.901501
vt 25.843000 -42.868500
vt 25.898899 -42.915298
vt 25.902000 -42.901501
vt 25.845600 -42.862598
vt 26.061399 -42.721298
vt 26.109699 -42.780201
vt 25.997000 -42.767399
vt 26.048300 -42.753201
vt 25.953600 -42.753201
vt 25.882099 -42.780201
vt 26.065701 -42.735401
vt 26.113199 -42.724602
vt 25.928600 -42.735401
vt 25.883801 -42.724602
vt 25.931101 -42.721401
vt 25.871201 -43.295399
vt 25.924101 -43.222801
vt 26.128799 -43.295399
vt 26.075899 -43.222801
vt 26.065901 -42.721401
vt 26.106899 -42.784599
vt 26.137800 -43.131199
vt 26.211100 -43.118599
vt 26.131300 -43.049599
vt 25.868700 -43.049599
vt 25.788900 -43.118599
vt 25.862200 -43.131199
vt 25.884501 -42.784599
vt 26.000000 -43.133301
vt 26.000000 -43.044998
vt 25.904200 -43.103901
vt 25.929800 -43.103298
vt 26.095800 -43.103901
vt 26.070200 -43.103298
vt 26.103300 -42.793499
vt 25.887600 -42.793499
vt 26.106701 -42.780201
vt 25.885099 -42.780201
vt 25.844900 -43.048500
vt 26.155100 -43.048500
vt 26.220600 -43.435699
vt 26.124800 -43.441898
vt 25.779400 -43.435699
vt 25.875200 -43.441898
vt 26.107800 -42.784599
vt 25.883600 -42.784599
vt 26.106701 -42.793499
vt 25.884100 -42.793499
vt 25.884300 -42.780201
vt 26.107500 -42.780201
vt 25.900400 -43.452900
vt 25.872801 -43.355202
vt 25.847099 -43.437500
vt 25.908300 -43.355999
vt 26.077600 -43.385899
vt 26.122299 -43.336601
vt 25.876200 -43.243198
vt 25.879700 -43.166199
vt 26.123800 -43.243198
vt 26.145500 -43.437500
vt 26.120800 -43.355202
vt 26.084801 -43.452900
vt 26.078800 -43.355999
vt 26.120300 -43.166199
vt 25.877701 -43.336601
vt 25.922400 -43.385899
vt 25.883200 -43.167000
vt 25.874399 -43.264900
vt 26.000000 -43.174999
vt 26.000000 -43.272999
vt 26.125601 -43.264900
vt 26.116800 -43.167000
vt 25.865601 -43.036701
vt 25.840700 -42.973701
vt 25.802500 -43.032299
vt 25.874399 -42.967701
vt 25.882799 -42.784599
vt 26.108500 -42.784599
vt 26.124100 -43.036701
vt 26.149099 -42.973701
vt 26.115299 -42.967701
vt 26.187300 -43.032299
vt 26.014000 -43.361801
vt 26.014000 -43.458801
vt 26.000000 -42.684799
vt 25.835199 -43.368900
vt 25.902700 -43.432301
vt 25.882401 -43.347698
vt 26.097300 -43.432301
vt 26.164801 -43.368900
vt 26.117599 -43.347698
vt 26.137501 -43.167400
vt 26.113199 -43.145000
vt 25.902201 -43.227001
vt 25.886801 -43.145000
vt 25.862499 -43.167400
vt 26.000000 -43.142502
vt 26.097799 -43.227001
vt 26.000000 -43.225601
vt 25.905899 -43.049500
vt 25.928699 -43.102501
vt 25.940201 -43.034401
vt 26.061300 -43.102501
vt 26.084101 -43.049500
vt 26.049801 -43.034401
vt 26.135900 -43.033699
vt 26.081200 -43.031700
vt 26.130501 -43.093300
vt 25.859501 -43.093300
vt 25.854099 -43.033699
vt 25.908800 -43.031700
vt 26.132999 -42.964600
vt 25.862801 -42.964600
vt 25.999599 -43.102699
vt 25.999599 -43.022400
vt 26.000000 -43.346199
vt 26.000000 -43.431499
vt 26.026199 -42.751598
vt 25.973801 -42.751598
vt 26.000099 -43.038502
vt 26.000099 -42.961700
vt 25.833700 -43.291698
vt 25.901899 -43.336899
vt 25.901600 -43.317699
vt 26.163300 -43.291698
vt 26.095400 -43.317699
vt 26.098900 -43.336899
vt 25.844299 -43.352501
vt 25.906601 -43.448799
vt 25.912701 -43.357800
vt 25.802500 -43.416901
vt 26.083401 -43.448799
vt 26.156601 -43.352501
vt 26.077400 -43.357800
vt 26.198299 -43.416901
vt 25.848900 -43.223499
vt 25.918301 -43.303799
vt 25.923500 -43.221001
vt 25.812599 -43.288399
vt 26.071699 -43.303799
vt 26.141100 -43.223499
vt 26.066500 -43.221001
vt 26.177401 -43.288399
vt 26.000700 -43.455299
vt 26.000700 -43.353901
vt 25.999901 -43.306900
vt 25.999901 -43.214699
vt 27.580999 -42.851200
vt 27.537600 -42.908901
vt 27.553101 -42.911999
vt 27.537600 -43.101101
vt 27.580999 -43.158798
vt 27.553101 -43.098000
vt 24.321899 -43.000000
vt 24.283199 -42.968700
vt 24.321899 -42.965599
vt 24.283199 -43.031300
vt 24.321899 -43.034401
vt 24.403000 -43.000000
vt 24.369200 -42.970699
vt 24.369101 -43.000000
vt 24.403099 -42.966099
vt 24.369200 -43.029301
vt 24.403099 -43.033901
vt 27.606100 -42.801701
vt 27.592199 -42.916599
vt 27.680901 -42.841599
vt 27.685801 -42.921902
vt 27.680901 -43.157600
vt 27.592199 -43.093399
vt 27.606100 -43.197498
vt 27.685801 -43.088100
vt 24.492399 -43.000000
vt 24.448299 -42.958000
vt 24.448299 -43.000000
vt 24.492399 -42.949699
vt 24.448299 -43.042000
vt 24.492399 -43.050301
vt 24.587999 -43.000000
vt 24.552700 -42.971100
vt 24.552601 -43.000000
vt 24.587999 -42.967899
vt 24.552700 -43.028900
vt 24.587999 -43.032101
vt 27.589399 -42.999298
vt 27.693501 -42.999298
vt 24.682301 -43.000000
vt 24.641800 -42.970001
vt 24.641800 -43.000000
vt 24.682199 -42.964901
vt 24.641800 -43.029999
vt 24.682199 -43.035099
vt 27.461300 -42.837502
vt 27.452700 -42.901600
vt 27.521799 -42.841702
vt 25.233000 -42.916599
vt 25.169399 -42.843399
vt 25.160000 -42.922600
vt 25.232599 -42.801701
vt 25.233000 -43.093399
vt 25.169399 -43.155701
vt 25.232599 -43.197498
vt 25.160000 -43.087299
vt 25.233101 -42.999298
vt 25.151899 -42.999298
vt 26.877899 -42.837399
vt 26.985500 -42.875198
vt 26.912001 -42.788898
vt 26.822701 -42.844898
vt 26.816099 -42.779400
vt 26.746000 -42.875198
vt 26.985500 -43.124802
vt 26.877899 -43.162601
vt 26.912001 -43.211102
vt 26.816099 -43.220600
vt 26.822701 -43.155102
vt 26.746000 -43.124802
vt 26.829201 -43.095798
vt 26.829201 -42.904202
vt 25.368799 -43.137600
vt 25.368799 -43.001301
vt 25.322001 -43.128601
vt 25.316799 -43.001301
vt 25.322001 -42.868099
vt 25.368799 -42.859001
vt 25.504999 -43.078800
vt 25.451900 -43.155499
vt 25.504700 -43.192799
vt 25.444099 -43.073700
vt 25.504999 -42.931198
vt 25.451900 -42.854401
vt 25.444099 -42.936199
vt 25.504700 -42.817101
vt 27.461300 -43.167400
vt 27.521799 -43.160900
vt 27.452700 -43.103298
vt 27.433599 -43.106499
vt 27.399401 -43.160999
vt 25.505100 -43.000198
vt 25.437300 -43.000198
vt 25.263100 -42.935799
vt 25.324900 -42.927601
vt 25.271099 -42.883400
vt 26.634001 -43.122799
vt 26.545900 -43.099602
vt 26.576900 -43.152901
vt 26.634001 -42.897701
vt 26.652901 -42.866798
vt 26.576900 -42.854500
vt 26.545900 -42.915199
vt 25.324900 -43.078400
vt 25.263100 -43.061798
vt 25.271099 -43.122501
vt 25.653000 -43.129002
vt 25.653099 -43.000000
vt 25.588900 -43.120499
vt 25.581699 -43.000000
vt 25.588900 -42.889500
vt 25.653000 -42.881001
vt 26.734200 -42.892899
vt 26.684999 -42.934299
vt 26.742001 -42.941299
vt 26.684999 -43.071400
vt 26.734200 -43.112801
vt 26.742001 -43.056801
vt 27.433599 -42.903702
vt 27.399401 -42.849201
vt 25.442600 -42.945702
vt 25.495001 -42.938801
vt 25.449301 -42.901299
vt 25.495001 -43.066700
vt 25.442600 -43.052700
vt 25.449301 -43.104099
vt 26.700500 -42.946499
vt 26.729300 -42.877701
vt 26.694401 -42.922401
vt 25.909401 -43.000000
vt 25.835699 -42.862202
vt 25.826300 -43.000000
vt 25.918800 -42.870098
vt 25.835699 -43.137798
vt 25.918800 -43.129902
vt 27.532301 -43.152699
vt 27.448000 -43.081699
vt 27.473499 -43.187401
vt 27.528900 -43.077099
vt 27.473499 -42.822601
vt 27.448000 -42.928299
vt 27.532301 -42.857300
vt 27.528900 -42.932899
vt 26.638201 -42.986000
vt 26.537800 -42.986000
vt 26.003201 -42.779400
vt 25.958900 -42.835201
vt 26.012800 -42.839401
vt 25.908501 -42.788898
vt 25.958900 -43.164799
vt 26.003201 -43.220600
vt 26.012800 -43.160599
vt 25.908501 -43.211102
vt 25.142300 -42.961498
vt 25.089701 -43.000000
vt 25.115200 -43.000000
vt 25.142300 -43.038502
vt 26.560900 -42.900101
vt 26.514999 -42.938801
vt 26.568300 -42.945301
vt 26.514999 -43.066700
vt 26.560900 -43.105400
vt 26.568300 -43.053200
vt 26.729300 -43.122299
vt 26.700500 -43.053501
vt 26.694401 -43.077599
vt 25.608801 -42.941799
vt 25.665001 -42.934299
vt 25.616100 -42.894199
vt 25.665001 -43.071400
vt 25.608801 -43.056400
vt 25.616100 -43.111500
vt 26.822399 -43.070202
vt 26.822399 -42.929798
vt 26.399000 -42.882000
vt 26.344900 -42.927601
vt 26.407700 -42.935200
vt 26.344900 -43.078400
vt 26.399000 -43.123901
vt 26.407700 -43.062401
vt 27.601601 -42.940498
vt 27.622000 -43.000000
vt 27.657600 -43.000000
vt 27.595800 -42.973801
vt 27.595800 -43.026199
vt 27.601601 -43.059502
vt 26.459101 -43.125599
vt 26.553200 -43.115601
vt 26.456699 -43.000000
vt 26.551001 -43.000000
vt 26.553200 -42.884399
vt 26.459101 -42.874401
vt 26.774799 -42.875000
vt 26.764500 -42.832298
vt 26.701900 -42.876202
vt 26.774799 -43.125000
vt 26.701900 -43.123798
vt 26.764500 -43.167702
vt 25.990400 -43.095798
vt 26.072701 -43.124802
vt 25.997200 -43.070202
vt 27.072300 -42.954201
vt 27.091101 -43.000000
vt 27.117500 -43.000000
vt 27.068100 -42.977001
vt 25.990400 -42.904202
vt 25.997200 -42.929798
vt 26.072701 -42.875198
vt 27.072300 -43.045799
vt 27.068100 -43.022999
vt 26.838100 -42.902699
vt 26.932699 -42.881100
vt 26.838100 -43.097301
vt 26.932699 -43.118900
vt 25.773100 -42.935799
vt 25.834900 -42.927601
vt 25.781099 -42.883400
vt 25.834900 -43.078400
vt 25.773100 -43.061798
vt 25.781099 -43.122501
vt 25.107201 -43.077099
vt 25.019100 -43.000099
vt 25.022900 -43.081699
vt 25.112801 -43.000099
vt 25.107201 -42.932899
vt 25.022900 -42.928299
vt 26.824499 -42.863998
vt 26.775900 -42.910000
vt 26.871401 -42.882099
vt 26.224199 -42.892899
vt 26.174999 -42.934299
vt 26.232000 -42.941299
vt 26.174999 -43.071400
vt 26.224199 -43.112801
vt 26.232000 -43.056801
vt 26.912300 -42.961498
vt 26.931101 -43.000000
vt 26.957500 -43.000000
vt 26.908100 -42.980701
vt 26.908100 -43.019299
vt 26.912300 -43.038502
vt 26.871401 -43.117901
vt 26.780899 -43.097801
vt 26.824499 -43.136002
vt 27.442900 -43.000099
vt 27.532801 -43.000099
vt 26.931801 -43.000000
vt 26.842300 -43.000000
vt 26.769800 -43.069801
vt 26.769800 -42.930199
vt 25.952600 -42.945702
vt 26.004999 -42.938801
vt 25.959299 -42.901299
vt 26.004999 -43.066700
vt 25.952600 -43.052700
vt 25.959299 -43.104099
vt 25.106400 -43.152699
vt 25.041800 -43.187401
vt 26.874500 -43.000000
vt 26.780899 -42.902199
vt 26.788200 -43.000000
vt 25.041800 -42.822601
vt 25.106400 -42.857300
vt 25.716600 -43.121498
vt 25.724001 -43.000000
vt 25.716600 -42.888500
vt 26.050900 -42.900101
vt 26.058300 -42.945301
vt 26.050900 -43.105400
vt 26.058300 -43.053200
vt 27.330700 -43.134399
vt 27.357100 -43.197498
vt 27.395000 -43.126598
vt 26.118799 -42.941799
vt 26.126101 -42.894199
vt 26.118799 -43.056400
vt 26.126101 -43.111500
vt 25.565500 -42.935600
vt 25.572500 -43.000198
vt 25.565500 -43.074299
vt 25.557100 -43.157200
vt 25.557100 -42.852798
vt 25.889000 -42.882000
vt 25.897699 -42.935200
vt 25.889000 -43.123901
vt 25.897699 -43.062401
vt 26.283100 -42.935799
vt 26.291100 -42.883400
vt 26.283100 -43.061798
vt 26.291100 -43.122501
vt 25.415199 -43.129601
vt 25.420500 -43.001301
vt 25.415199 -42.867001
vt 25.714199 -42.892899
vt 25.722000 -42.941299
vt 25.714199 -43.112801
vt 25.722000 -43.056801
vt 25.295401 -43.157600
vt 25.305500 -43.088100
vt 25.295401 -42.841599
vt 25.305500 -42.921902
vt 25.313801 -42.999298
vt 25.161100 -43.000000
vt 25.187500 -43.000000
vt 25.138100 -42.980701
vt 25.138100 -43.019299
vt 27.223000 -42.948502
vt 27.235001 -43.000000
vt 27.269699 -43.000000
vt 27.210600 -42.974800
vt 27.210600 -43.025200
vt 27.223000 -43.051498
vt 27.140600 -43.076099
vt 27.141300 -43.000401
vt 27.073000 -43.071301
vt 27.066000 -43.000401
vt 27.073000 -42.938702
vt 27.140600 -42.933899
vt 26.462601 -42.945702
vt 26.469299 -42.901299
vt 26.462601 -43.052700
vt 26.469299 -43.104099
vt 27.080099 -43.140499
vt 27.137400 -43.174099
vt 25.540899 -43.105400
vt 25.548300 -43.053200
vt 25.540899 -42.900101
vt 25.548300 -42.945301
vt 27.080099 -42.869499
vt 27.137400 -42.835899
vt 27.382999 -42.999901
vt 27.330700 -42.875900
vt 27.311600 -42.999901
vt 27.395000 -42.883598
vt 27.357100 -42.812698
vt 26.859699 -43.000000
vt 26.885201 -43.000000
vt 26.628799 -42.941799
vt 26.636101 -42.894199
vt 26.628799 -43.056400
vt 26.636101 -43.111500
vt 25.379000 -42.882000
vt 25.387699 -42.935200
vt 25.379000 -43.123901
vt 25.387699 -43.062401
vt 27.019699 -43.000000
vt 27.045200 -43.000000
vt 27.541901 -43.000000
vt 27.569599 -43.000000
vt 27.169100 -43.000000
vt 27.186199 -43.000000
vt 24.722700 -43.000000
vt 24.722601 -42.970001
vt 24.722601 -43.029999
vt 24.623400 -43.000000
vt 24.623301 -42.971100
vt 24.623301 -43.028900
vt 24.536501 -43.000000
vt 24.536400 -42.958000
vt 24.536400 -43.042000
vt 24.437700 -43.000000
vt 24.437700 -42.970699
vt 24.437700 -43.029301
vt 24.361000 -43.000000
vt 24.360901 -42.969101
vt 24.360901 -43.030899
vt 24.462400 -43.250000
vt 24.419001 -43.279900
vt 24.467699 -43.315800
vt 24.546700 -43.025398
vt 24.605000 -43.095001
vt 24.566401 -43.025200
vt 27.596100 -42.910198
vt 27.623699 -42.932899
vt 27.620800 -42.910500
vt 27.596600 -42.951401
vt 24.319099 -43.403400
vt 24.348700 -43.314899
vt 24.296801 -43.336102
vt 24.393900 -43.416901
vt 27.677601 -42.895901
vt 27.708099 -42.922798
vt 27.704599 -42.895000
vt 27.677900 -42.943401
vt 27.542900 -42.917500
vt 27.507601 -42.892399
vt 27.507601 -42.894901
vt 24.378000 -42.751598
vt 24.404200 -42.777699
vt 24.404200 -42.751598
vt 24.616199 -42.967701
vt 27.539400 -42.888599
vt 27.507601 -42.889198
vt 27.507601 -42.940800
vt 27.551701 -42.938400
vt 27.507601 -42.980000
vt 27.677401 -42.859299
vt 27.412001 -42.908401
vt 27.439301 -42.934502
vt 27.436300 -42.909302
vt 27.412001 -42.953098
vt 27.507601 -42.887798
vt 24.331699 -42.694401
vt 24.385599 -42.712299
vt 24.365700 -42.680500
vt 24.333200 -42.660500
vt 24.317499 -42.673199
vt 24.283100 -42.653599
vt 24.872299 -43.029099
vt 24.812901 -43.082199
vt 24.862600 -43.123901
vt 24.824800 -43.022800
vt 24.544701 -43.023300
vt 24.478201 -43.017200
vt 24.538700 -43.072201
vt 27.507601 -42.846901
vt 26.897301 -42.899502
vt 26.958200 -42.972801
vt 26.976500 -42.910400
vt 26.934099 -42.868500
vt 27.317801 -42.896900
vt 27.350201 -42.923901
vt 27.347099 -42.897598
vt 27.317801 -42.945301
vt 27.412001 -42.874199
vt 27.317801 -42.859600
vt 26.674700 -42.643200
vt 26.675100 -42.727402
vt 26.728901 -42.689602
vt 26.723400 -42.727600
vt 26.767900 -42.917999
vt 26.767401 -43.029598
vt 26.830601 -42.987301
vt 26.824200 -42.917900
vt 24.715900 -42.683701
vt 24.730301 -42.714100
vt 24.750999 -42.663101
vt 24.777000 -42.688599
vt 25.270700 -43.431198
vt 25.292601 -43.381401
vt 25.227100 -43.349701
vt 24.548901 -42.973999
vt 24.697901 -42.652401
vt 24.724400 -42.638500
vt 25.315100 -42.724499
vt 25.265800 -42.690800
vt 25.271400 -42.726398
vt 25.314699 -42.647900
vt 24.871201 -42.597500
vt 24.884501 -42.589401
vt 24.846901 -42.579102
vt 24.879900 -42.615200
vt 24.907301 -42.607899
vt 24.922100 -42.643700
vt 24.884701 -42.653099
vt 25.087799 -43.200699
vt 25.128599 -43.275299
vt 25.150400 -43.213200
vt 25.175501 -43.273602
vt 26.837299 -42.529202
vt 26.852100 -42.564999
vt 26.864700 -42.521999
vt 26.889500 -42.555599
vt 25.122101 -43.488201
vt 25.014500 -43.417000
vt 25.067301 -43.494999
vt 25.183901 -43.435699
vt 25.087999 -43.424301
vt 25.068899 -42.625900
vt 25.093500 -42.654301
vt 25.091900 -42.625401
vt 25.059099 -42.654301
vt 26.863501 -42.715599
vt 26.884800 -42.646099
vt 26.861900 -42.646599
vt 26.897900 -42.715599
vt 26.857700 -42.629299
vt 26.910299 -42.629002
vt 25.348301 -43.272999
vt 25.363001 -43.220200
vt 25.293200 -43.198002
vt 26.768299 -42.842098
vt 25.044701 -42.593102
vt 25.087700 -42.608101
vt 25.082100 -42.583698
vt 25.042500 -42.622101
vt 25.067301 -42.547901
vt 25.039900 -42.555199
vt 24.879000 -42.964600
vt 26.631800 -42.942501
vt 26.672001 -42.986900
vt 26.667801 -42.942402
vt 26.631500 -43.013901
vt 26.504700 -42.652699
vt 26.504999 -42.724098
vt 26.550699 -42.692101
vt 26.546000 -42.724300
vt 26.505301 -42.780201
vt 25.485001 -42.724098
vt 25.439100 -42.692699
vt 25.444300 -42.725899
vt 25.484699 -42.652699
vt 26.632000 -42.893799
vt 26.495701 -42.931702
vt 26.495300 -43.024799
vt 26.548100 -42.989498
vt 26.542700 -42.931499
vt 26.334700 -42.647900
vt 26.335100 -42.724499
vt 26.383900 -42.690102
vt 26.378901 -42.724602
vt 24.684799 -42.636398
vt 24.696501 -42.624901
vt 24.655399 -42.623199
vt 26.496000 -42.868198
vt 25.383499 -43.422199
vt 25.319500 -43.460701
vt 25.347099 -43.477299
vt 25.423100 -43.437500
vt 25.365999 -43.493999
vt 25.459499 -43.247799
vt 25.401199 -43.295399
vt 25.224100 -43.228001
vt 25.225201 -43.278099
vt 25.655100 -42.727402
vt 25.601000 -42.690399
vt 25.607100 -42.729500
vt 25.654699 -42.643200
vt 26.347799 -42.929298
vt 26.402901 -42.990200
vt 26.397200 -42.929199
vt 26.347300 -43.027302
vt 26.631800 -42.944401
vt 26.672001 -42.989201
vt 26.675501 -42.793499
vt 25.315399 -42.784599
vt 26.348101 -42.862598
vt 25.031200 -42.537498
vt 25.044500 -42.529400
vt 25.006901 -42.519100
vt 26.164700 -42.643200
vt 26.165100 -42.727402
vt 26.218901 -42.689602
vt 26.213400 -42.727600
vt 25.235500 -43.231701
vt 25.485300 -42.780201
vt 25.305599 -43.385899
vt 25.314800 -43.387100
vt 25.825100 -42.724499
vt 25.775801 -42.690800
vt 25.781401 -42.726398
vt 25.824699 -42.647900
vt 24.444700 -43.239498
vt 24.526501 -43.288399
vt 25.996799 -43.100101
vt 26.041100 -43.170399
vt 26.091499 -43.118599
vt 25.446800 -43.320000
vt 25.540899 -43.264900
vt 26.335400 -42.784599
vt 26.910500 -42.915298
vt 25.164101 -43.145000
vt 25.196899 -43.167400
vt 25.994699 -42.652699
vt 25.995001 -42.724098
vt 26.040701 -42.692101
vt 26.035999 -42.724300
vt 25.995300 -42.780201
vt 25.655500 -42.793499
vt 25.949100 -42.692699
vt 25.954300 -42.725899
vt 25.393299 -43.220402
vt 26.165501 -42.793499
vt 26.062300 -43.052299
vt 26.117399 -43.049599
vt 25.825399 -42.784599
vt 25.376600 -43.222801
vt 25.873899 -42.690102
vt 25.868900 -42.724602
vt 26.111000 -42.690399
vt 26.117100 -42.729500
vt 25.437099 -43.175900
vt 25.379200 -43.166199
vt 25.708900 -42.689602
vt 25.703400 -42.727600
vt 26.298500 -42.927700
vt 26.285801 -42.690800
vt 26.291401 -42.726398
vt 26.292200 -42.989601
vt 26.893600 -42.979099
vt 26.859600 -42.929100
vt 25.493601 -43.167000
vt 26.448900 -42.930099
vt 24.600599 -43.083900
vt 24.642900 -43.032299
vt 25.134501 -43.368900
vt 25.383900 -43.354301
vt 25.328400 -43.336601
vt 25.530701 -42.692101
vt 25.525999 -42.724300
vt 26.459101 -42.692699
vt 26.464300 -42.725899
vt 26.442900 -42.988899
vt 25.245300 -43.183701
vt 25.298100 -43.243198
vt 26.595900 -42.941299
vt 26.711800 -42.916100
vt 26.591299 -42.986401
vt 25.094700 -42.540699
vt 25.119499 -42.574299
vt 24.794300 -42.640400
vt 24.830900 -42.673698
vt 25.363899 -42.690102
vt 25.358900 -42.724602
vt 26.621000 -42.690399
vt 26.627100 -42.729500
vt 25.140301 -42.607700
vt 26.704599 -42.986599
vt 25.114799 -42.624802
vt 25.127899 -42.654301
vt 25.413200 -43.355202
vt 24.934700 -42.600700
vt 24.959499 -42.634300
vt 24.927700 -42.668098
vt 24.980301 -42.667702
vt 24.610800 -42.973701
vt 24.919901 -43.093300
vt 24.920200 -43.033699
vt 26.838900 -42.647202
vt 26.829100 -42.715599
vt 24.399700 -42.666599
vt 24.429300 -42.688000
vt 26.814699 -42.574402
vt 26.812500 -42.643398
vt 26.809900 -42.536400
vt 26.591299 -42.988701
vt 24.795500 -42.720200
vt 24.813801 -42.689899
vt 24.789400 -42.695999
vt 24.829700 -42.711700
vt 26.801201 -42.518799
vt 26.814501 -42.510700
vt 26.776899 -42.500301
vt 24.933500 -42.714298
vt 24.954800 -42.684799
vt 24.931900 -42.685398
vt 27.288500 -42.897598
vt 24.469101 -43.198101
vt 24.446899 -43.240898
vt 26.899000 -42.901501
vt 27.387699 -42.909302
vt 27.285400 -42.923901
vt 24.398399 -42.738800
vt 24.458099 -42.737000
vt 27.472401 -42.917500
vt 27.475800 -42.888599
vt 27.384701 -42.934502
vt 27.463600 -42.938400
vt 27.650499 -42.895802
vt 24.445200 -42.777699
vt 27.647400 -42.923100
vt 27.569000 -42.933601
vt 27.571400 -42.911098
vt 24.358500 -43.336899
vt 24.434299 -43.352501
vt 24.400000 -43.291698
vt 24.523001 -43.223499
vt 38.201900 -46.694199
vt 37.819199 -46.928902
vt 38.180801 -46.928902
vt 37.798100 -46.694199
vt 37.819199 -47.163601
vt 38.180801 -47.163601
vt 37.798100 -47.398300
vt 38.201900 -47.398300
vt 38.134602 -46.601700
vt 37.826801 -46.856602
vt 38.173199 -46.856602
vt 38.173199 -46.625801
vt 37.865398 -46.601700
vt 37.826801 -46.625801
vt 38.159801 -46.882702
vt 37.840199 -46.882702
vt 37.885700 -47.066898
vt 37.840199 -47.043301
vt 38.114300 -47.066898
vt 38.159801 -47.043301
vt 38.142502 -47.047001
vt 37.857498 -46.989498
vt 37.857498 -47.047001
vt 38.142502 -46.989498
vt 37.848701 -46.769100
vt 38.151299 -46.819199
vt 38.151299 -46.769100
vt 37.848701 -46.819199
vt 38.151299 -46.869301
vt 37.848701 -46.869301
vt 38.125599 -46.760799
vt 37.874401 -46.760799
vt 38.125599 -46.869099
vt 37.874401 -46.869099
vt 38.090500 -46.652199
vt 37.909500 -46.652199
vt 38.090500 -46.727299
vt 37.909500 -46.727299
vt 38.142502 -46.932098
vt 37.857498 -46.932098
vt 38.033501 -46.760201
vt 38.027100 -46.823898
vt 38.047199 -46.797001
vt 37.972900 -46.823898
vt 38.027100 -46.696400
vt 38.047199 -46.723301
vt 38.000000 -46.688400
vt 37.966499 -46.760201
vt 37.952801 -46.797001
vt 37.972900 -46.696400
vt 37.952801 -46.723301
vt 38.050598 -46.897800
vt 37.949402 -46.897800
vt 38.000000 -46.918800
vt 38.050598 -46.796501
vt 38.071602 -46.847198
vt 37.949402 -46.796501
vt 37.928398 -46.847198
vt 38.000000 -46.775600
vt 39.925900 -46.963799
vt 39.694401 -46.963799
vt 39.925900 -47.000000
vt 39.694401 -47.000000
vt 39.925900 -47.036201
vt 39.694401 -47.036201
vt 39.672298 -47.000000
vt 39.110001 -46.960999
vt 39.110001 -47.000000
vt 39.672298 -46.960999
vt 39.672298 -47.039001
vt 39.110001 -47.039001
vt 36.959499 -46.865398
vt 36.959499 -47.134602
vt 37.060799 -47.134602
vt 37.060799 -46.865398
vt 37.060799 -47.173199
vt 36.959499 -46.826801
vt 36.959499 -47.173199
vt 37.060799 -46.826801
vt 36.074100 -46.798100
vt 36.074100 -47.201900
vt 36.213402 -47.201900
vt 36.213402 -46.798100
vt 38.805199 -47.027100
vt 39.112598 -47.027100
vt 39.112598 -47.000000
vt 38.805199 -47.000000
vt 39.112598 -46.972900
vt 38.805199 -46.972900
vt 38.211300 -47.151299
vt 38.749901 -46.848701
vt 38.211300 -46.848701
vt 38.749901 -47.151299
vt 36.681198 -47.000000
vt 36.439800 -46.894901
vt 36.439800 -47.000000
vt 36.681198 -46.894901
vt 36.681198 -47.105099
vt 36.439800 -47.105099
vt 39.132801 -47.049599
vt 38.799500 -47.000000
vt 38.799500 -47.049599
vt 39.132801 -47.000000
vt 38.799500 -46.950401
vt 39.132801 -46.950401
vt 37.399799 -47.125599
vt 38.127300 -46.874401
vt 37.399799 -46.874401
vt 38.127300 -47.125599
vt 37.189602 -47.090500
vt 38.731499 -46.909500
vt 37.189602 -46.909500
vt 38.731499 -47.090500
vt 39.662701 -47.000000
vt 39.925900 -46.949402
vt 39.662701 -46.949402
vt 39.662701 -47.050598
vt 39.925900 -47.050598
vt 37.507301 -47.142502
vt 37.669601 -46.857498
vt 37.507301 -46.857498
vt 37.669601 -47.142502
vt 36.074100 -46.811001
vt 36.305599 -46.847198
vt 36.305599 -46.811001
vt 36.074100 -46.847198
vt 36.305599 -46.883400
vt 36.074100 -46.883400
vt 36.889999 -46.808201
vt 36.327702 -46.808201
vt 36.889999 -46.847198
vt 36.327702 -46.847198
vt 36.889999 -46.886200
vt 36.327702 -46.886200
vt 39.896500 -46.928902
vt 39.786598 -46.694199
vt 39.786598 -46.928902
vt 39.925900 -46.694199
vt 39.786598 -47.163601
vt 39.896500 -47.163601
vt 39.786598 -47.398300
vt 39.925900 -47.398300
vt 38.939201 -46.856602
vt 39.040501 -46.625801
vt 38.939201 -46.625801
vt 39.040501 -46.856602
vt 39.040501 -47.043301
vt 38.939201 -46.882702
vt 38.939201 -47.043301
vt 39.040501 -46.882702
vt 36.887402 -46.723301
vt 37.194801 -46.696400
vt 36.887402 -46.696400
vt 37.194801 -46.723301
vt 37.250099 -46.869301
vt 37.788700 -46.769100
vt 37.250099 -46.769100
vt 37.217800 -46.819199
vt 37.788700 -46.869301
vt 37.821098 -46.819199
vt 38.330399 -47.047001
vt 38.492699 -46.932098
vt 38.330399 -46.932098
vt 38.304401 -46.989498
vt 38.492699 -47.047001
vt 38.518700 -46.989498
vt 38.600201 -46.760799
vt 37.872700 -46.760799
vt 38.600201 -46.869099
vt 37.872700 -46.869099
vt 39.560200 -46.902000
vt 39.318802 -46.902000
vt 39.560200 -46.999599
vt 39.318802 -46.999599
vt 39.560200 -46.804401
vt 39.318802 -46.804401
vt 38.810398 -46.652199
vt 37.268501 -46.652199
vt 38.810398 -46.727299
vt 37.268501 -46.727299
vt 37.194801 -46.760201
vt 36.887402 -46.760201
vt 37.194801 -46.797001
vt 36.887402 -46.797001
vt 36.887402 -46.823898
vt 37.194801 -46.823898
vt 37.200500 -46.797501
vt 36.867199 -46.797501
vt 37.200500 -46.847198
vt 36.867199 -46.847198
vt 37.200500 -46.896801
vt 36.867199 -46.896801
vt 36.074100 -46.897800
vt 36.337299 -46.897800
vt 36.337299 -46.847198
vt 36.337299 -46.796501
vt 36.074100 -46.796501
vt 38.000000 -46.796001
vt 38.036201 -46.811001
vt 37.963799 -46.811001
vt 38.051201 -46.847198
vt 37.948799 -46.847198
vt 38.036201 -46.883400
vt 37.963799 -46.883400
vt 38.000000 -46.898399
vt 38.070202 -46.847198
vt 38.049599 -46.797501
vt 38.049599 -46.896801
vt 37.950401 -46.896801
vt 38.000000 -46.917400
vt 37.950401 -46.797501
vt 38.000000 -46.777000
vt 37.929798 -46.847198
vt 36.074100 -46.963799
vt 36.305599 -47.000000
vt 36.305599 -46.963799
vt 36.074100 -47.000000
vt 36.305599 -47.036201
vt 36.074100 -47.036201
vt 36.889999 -46.960999
vt 36.327702 -46.960999
vt 36.889999 -47.000000
vt 36.327702 -47.000000
vt 36.327702 -47.039001
vt 36.889999 -47.039001
vt 39.786598 -46.798100
vt 39.786598 -47.201900
vt 39.925900 -47.201900
vt 39.925900 -46.798100
vt 38.492699 -47.142502
vt 38.492699 -46.857498
vt 38.330399 -47.142502
vt 38.330399 -46.857498
vt 39.040501 -47.159801
vt 38.939201 -47.114300
vt 38.939201 -47.159801
vt 39.040501 -47.114300
vt 38.939201 -46.885700
vt 39.040501 -46.885700
vt 38.939201 -46.840199
vt 39.040501 -46.840199
vt 39.560200 -47.000000
vt 39.318802 -47.000000
vt 39.560200 -47.105099
vt 39.318802 -47.105099
vt 39.318802 -46.894901
vt 39.560200 -46.894901
vt 37.250099 -47.151299
vt 37.788700 -47.151299
vt 37.788700 -46.848701
vt 37.250099 -46.848701
vt 36.867199 -47.049599
vt 37.200500 -47.049599
vt 36.867199 -47.000000
vt 37.200500 -47.000000
vt 36.867199 -46.950401
vt 37.200500 -46.950401
vt 37.872700 -47.125599
vt 38.600201 -47.125599
vt 38.600201 -46.874401
vt 37.872700 -46.874401
vt 37.268501 -47.090500
vt 38.810398 -47.090500
vt 38.810398 -46.909500
vt 37.268501 -46.909500
vt 36.337299 -46.949402
vt 36.074100 -46.949402
vt 36.337299 -47.000000
vt 36.074100 -47.050598
vt 36.337299 -47.050598
vt 39.694401 -46.811001
vt 39.925900 -46.847198
vt 39.925900 -46.811001
vt 39.694401 -46.847198
vt 39.925900 -46.883400
vt 39.694401 -46.883400
vt 39.672298 -46.808201
vt 39.110001 -46.808201
vt 39.672298 -46.847198
vt 39.110001 -46.847198
vt 39.672298 -46.886200
vt 39.110001 -46.886200
vt 36.074100 -46.694199
vt 36.103500 -46.928902
vt 36.213402 -46.694199
vt 36.213402 -46.928902
vt 36.103500 -47.163601
vt 36.213402 -47.163601
vt 36.213402 -47.398300
vt 36.074100 -47.398300
vt 36.959499 -46.625801
vt 36.959499 -46.856602
vt 37.060799 -46.625801
vt 37.060799 -46.856602
vt 37.060799 -46.882702
vt 36.959499 -46.882702
vt 37.060799 -47.043301
vt 36.959499 -47.043301
vt 39.112598 -46.696400
vt 38.805199 -46.696400
vt 38.805199 -46.723301
vt 39.112598 -46.723301
vt 38.749901 -46.769100
vt 38.749901 -46.869301
vt 38.782200 -46.819199
vt 38.211300 -46.869301
vt 38.211300 -46.769100
vt 38.178902 -46.819199
vt 37.669601 -46.932098
vt 37.669601 -47.047001
vt 37.695599 -46.989498
vt 37.507301 -47.047001
vt 37.507301 -46.932098
vt 37.481300 -46.989498
vt 37.399799 -46.760799
vt 38.127300 -46.869099
vt 38.127300 -46.760799
vt 37.399799 -46.869099
vt 36.439800 -46.999599
vt 36.681198 -46.999599
vt 36.439800 -46.902000
vt 36.681198 -46.902000
vt 36.439800 -46.804401
vt 36.681198 -46.804401
vt 37.189602 -46.652199
vt 38.731499 -46.727299
vt 38.731499 -46.652199
vt 37.189602 -46.727299
vt 39.112598 -46.760201
vt 38.805199 -46.760201
vt 39.112598 -46.797001
vt 38.805199 -46.797001
vt 38.805199 -46.823898
vt 39.112598 -46.823898
vt 39.132801 -46.797501
vt 38.799500 -46.797501
vt 39.132801 -46.847198
vt 38.799500 -46.847198
vt 39.132801 -46.896801
vt 38.799500 -46.896801
vt 39.662701 -46.897800
vt 39.925900 -46.897800
vt 39.662701 -46.847198
vt 39.925900 -46.796501
vt 39.662701 -46.796501
s 1
usemtl Meshpart1Mtl.002
f 1/1/1 2/2/2 3/3/3
f 2/2/2 1/1/1 4/4/2
f 5/2/4 6/5/5 7/6/6
f 6/5/5 5/2/4 8/4/7
f 9/7/8 10/6/9 11/8/10
f 10/6/9 12/5/5 11/8/10
f 13/3/3 14/9/11 15/10/12
f 13/3/3 15/10/12 16/1/13
f 18/11/14 19/12/15 17/13/16
f 20/14/17 21/15/18 22/16/19
f 21/15/18 20/14/17 23/17/20
f 24/15/18 25/18/21 26/19/22
f 25/18/21 24/15/18 27/17/18
f 28/20/23 29/12/24 30/11/25
f 31/21/26 33/22/27 32/23/28
f 34/24/29 35/19/22 36/25/30
f 35/19/22 37/18/31 36/25/30
f 38/26/32 39/27/33 40/28/34
f 41/16/35 42/29/36 43/30/37
f 41/16/35 43/30/37 44/14/17
f 45/31/38 46/32/39 47/33/40
f 48/34/41 49/35/42 50/36/43
f 51/34/41 52/30/44 53/29/45
f 52/30/44 51/34/41 54/36/46
f 55/37/47 56/38/48 57/39/49
f 58/38/50 59/40/51 60/39/52
f 61/41/53 62/35/54 63/34/55
f 64/38/56 65/25/57 66/40/58
f 65/25/57 64/38/56 67/24/59
f 68/42/60 69/43/61 70/44/61
f 69/43/61 68/42/60 71/45/62
f 72/42/63 73/46/64 74/47/65
f 73/46/64 72/42/63 75/44/64
f 76/48/66 77/49/67 78/21/26
f 77/49/67 76/48/66 79/50/67
f 80/49/67 81/51/68 82/28/34
f 81/51/68 80/49/67 83/50/67
f 84/52/69 85/53/69 86/54/69
f 88/55/70 87/52/70 89/54/70
f 90/56/71 91/57/72 92/58/71
f 91/57/72 90/56/71 93/59/73
f 94/60/74 95/56/71 96/61/75
f 96/61/75 95/56/71 97/58/71
f 99/62/76 98/23/77 100/63/78
f 102/26/79 101/64/80 103/65/81
f 104/66/82 105/45/62 106/42/62
f 107/67/83 108/68/84 109/69/83
f 108/68/84 107/67/83 110/70/85
f 111/70/85 112/71/86 113/68/84
f 112/71/86 111/70/85 114/72/86
f 116/47/63 115/66/87 117/42/63
f 118/73/88 120/69/83 119/74/89
f 120/69/83 118/73/88 121/67/83
f 123/75/90 124/71/86 122/76/91
f 125/72/86 122/76/91 124/71/86
f 126/77/92 127/78/93 128/79/92
f 127/78/93 126/77/92 129/80/94
f 130/81/95 131/77/92 132/82/96
f 132/82/96 131/77/92 133/79/92
f 134/83/97 135/84/98 136/85/98
f 135/84/98 134/83/97 137/86/98
f 138/83/99 139/87/99 140/88/100
f 139/87/99 138/83/99 141/85/99
f 142/89/101 143/90/102 144/91/103
f 143/90/102 142/89/101 145/92/104
f 146/89/105 147/93/106 148/94/107
f 147/93/106 146/89/105 149/91/106
f 150/95/108 151/96/109 152/97/108
f 151/96/109 150/95/108 153/98/108
f 154/99/110 155/96/110 156/100/110
f 155/96/110 154/99/110 157/97/110
f 158/101/111 159/102/112 160/103/113
f 159/102/112 161/104/114 160/103/113
f 162/103/115 163/104/116 164/105/117
f 162/103/115 164/105/117 165/106/118
f 166/106/119 167/107/120 168/108/121
f 167/107/120 166/106/119 169/105/117
f 170/109/122 171/101/123 172/110/122
f 171/101/123 170/109/122 173/102/124
f 174/111/125 175/112/125 176/113/126
f 174/111/125 176/113/126 177/114/127
f 178/115/128 179/116/129 180/111/125
f 179/116/129 181/112/130 180/111/125
f 184/92/131 182/117/132 183/118/133
f 186/119/134 187/120/135 185/73/136
f 187/120/135 186/119/134 188/121/137
f 189/119/138 190/122/139 188/121/137
f 193/116/140 191/123/141 192/124/142
f 191/123/141 193/116/140 194/115/128
f 196/125/143 197/126/144 195/76/145
f 197/126/144 196/125/143 198/127/146
f 199/126/147 198/127/148 200/128/149
f 201/117/150 203/94/151 202/129/152
f 205/130/153 204/131/154 206/113/126
f 207/114/155 206/113/126 204/131/154
f 208/132/156 209/133/156 210/134/157
f 208/132/156 210/134/157 211/135/158
f 212/136/159 213/137/160 214/132/156
f 213/137/160 215/133/156 214/132/156
f 216/138/161 217/139/162 218/140/163
f 219/141/164 220/142/165 221/143/166
f 222/144/125 223/145/125 224/146/126
f 222/144/125 224/146/126 225/147/127
f 226/148/128 227/149/129 228/144/130
f 227/149/129 229/145/125 228/144/130
f 232/150/167 231/151/168 230/152/169
f 233/153/170 234/154/171 235/155/172
f 238/149/140 236/156/173 237/157/142
f 236/156/173 238/149/140 239/148/128
f 241/158/153 240/159/174 242/146/126
f 243/147/155 242/146/126 240/159/174
f 244/160/175 245/161/176 246/162/177
f 247/163/178 248/164/179 249/165/180
f 250/166/125 251/167/125 252/168/126
f 250/166/125 252/168/126 253/169/127
f 254/170/128 255/171/129 256/166/130
f 255/171/129 257/167/130 256/166/130
f 259/172/181 258/173/182 260/174/183
f 261/175/184 262/176/185 263/177/186
f 266/171/140 264/178/173 265/179/142
f 264/178/173 266/171/140 267/170/128
f 269/180/153 268/181/154 270/168/126
f 271/169/155 270/168/126 268/181/154
f 272/111/187 273/182/188 274/183/187
f 273/182/188 272/111/187 275/114/189
f 276/111/190 277/184/191 278/115/192
f 277/184/191 276/111/190 279/183/190
f 281/185/193 280/131/194 282/186/195
f 283/187/196 285/115/192 286/184/191
f 287/188/197 288/189/198 284/123/199
f 289/111/125 290/112/125 291/113/126
f 289/111/125 291/113/126 292/114/127
f 293/115/128 294/116/129 295/111/125
f 294/116/129 296/112/130 295/111/125
f 297/186/195 298/190/200 299/191/201
f 302/116/140 300/123/141 301/124/142
f 300/123/141 302/116/140 303/115/128
f 305/130/153 304/131/174 306/113/126
f 307/114/155 306/113/126 304/131/174
f 308/189/202 309/188/203 310/192/204
f 312/193/205 311/194/206 313/195/207
f 315/196/208 316/197/209 314/198/210
f 317/144/187 318/199/188 319/200/187
f 318/199/188 317/144/187 320/147/189
f 321/144/190 322/201/191 323/148/211
f 322/201/191 321/144/190 324/200/190
f 326/202/193 325/159/194 327/203/212
f 327/203/213 328/204/214 329/205/215
f 330/206/216 332/148/192 333/201/191
f 334/207/217 335/208/218 331/156/199
f 335/208/218 334/207/217 336/209/219
f 337/144/125 338/145/125 339/146/126
f 337/144/125 339/146/126 340/147/127
f 341/148/128 342/149/129 343/144/130
f 342/149/129 344/145/125 343/144/130
f 346/158/153 345/159/174 347/146/126
f 348/147/155 347/146/126 345/159/174
f 351/149/140 349/156/173 350/157/142
f 349/156/173 351/149/140 352/148/128
f 353/166/187 354/210/188 355/211/187
f 354/210/188 353/166/187 356/169/189
f 357/166/190 358/212/191 359/170/192
f 358/212/191 357/166/190 360/211/220
f 362/213/193 361/181/194 363/214/221
f 364/215/216 366/170/192 367/212/191
f 368/216/222 369/217/223 365/178/199
f 370/214/224 371/218/225 372/219/226
f 373/217/227 374/216/222 375/220/228
f 376/221/229 377/222/230 378/223/231
f 379/224/232 380/225/233 381/226/234
f 382/227/235 383/224/236 384/226/234
f 383/224/236 382/227/235 385/228/235
f 386/223/237 387/227/235 388/221/229
f 387/227/235 386/223/237 389/228/235
f 390/166/125 391/167/125 392/168/126
f 390/166/125 392/168/126 393/169/127
f 394/170/128 395/171/129 396/166/130
f 395/171/129 397/167/130 396/166/130
f 399/180/238 398/181/174 400/168/239
f 401/169/155 400/168/239 398/181/174
f 404/171/140 402/178/240 403/179/241
f 402/178/240 404/171/140 405/170/128
f 406/111/187 407/182/188 408/183/187
f 407/182/188 406/111/187 409/114/189
f 410/111/190 411/184/191 412/115/192
f 411/184/191 410/111/190 413/183/190
f 415/185/193 414/131/194 416/186/242
f 417/187/216 419/115/192 420/184/191
f 421/188/197 422/189/198 418/123/199
f 423/186/243 424/229/244 425/191/243
f 426/189/203 427/188/203 428/230/245
f 430/130/153 429/131/174 431/113/126
f 432/114/155 431/113/126 429/131/174
f 435/116/140 433/123/173 434/124/142
f 433/123/173 435/116/140 436/115/128
f 437/111/125 438/112/125 439/113/126
f 437/111/125 439/113/126 440/114/127
f 441/115/128 442/116/140 443/111/130
f 442/116/140 444/112/130 443/111/130
f 447/231/246 446/232/247 445/233/248
f 446/232/247 447/231/246 448/234/249
f 450/235/250 451/236/251 449/237/252
f 451/236/251 450/235/250 452/238/253
f 453/144/190 454/201/191 455/148/211
f 454/201/191 453/144/190 456/200/220
f 457/144/187 458/199/188 459/200/187
f 458/199/188 457/144/187 460/147/189
f 462/202/254 461/159/255 463/203/215
f 464/206/196 466/148/192 467/201/191
f 468/207/256 469/208/218 465/156/199
f 469/208/218 468/207/256 470/239/257
f 471/203/215 472/240/258 473/205/259
f 475/158/153 474/159/174 476/146/239
f 477/147/155 476/146/239 474/159/174
f 480/149/140 478/156/173 479/157/142
f 478/156/173 480/149/140 481/148/128
f 482/144/125 483/145/125 484/146/126
f 482/144/125 484/146/126 485/147/127
f 486/148/128 487/149/129 488/144/130
f 487/149/129 489/145/130 488/144/130
f 490/214/260 491/241/261 492/219/262
f 493/166/220 494/212/191 495/170/192
f 494/212/191 493/166/220 496/211/220
f 497/166/187 498/210/188 499/211/187
f 498/210/188 497/166/187 500/169/189
f 501/217/263 502/216/263 503/242/264
f 505/213/193 504/181/255 506/214/260
f 507/215/216 509/170/192 510/212/191
f 511/216/265 512/217/265 508/178/199
f 513/243/266 514/244/267 515/231/268
f 514/244/267 513/243/266 516/245/267
f 517/244/267 518/246/269 519/236/270
f 518/246/269 517/244/267 520/245/267
f 522/247/271 523/248/272 521/249/273
f 523/248/272 522/247/271 524/250/274
f 527/251/275 526/252/276 525/253/277
f 526/252/276 527/251/275 528/254/278
f 529/255/279 530/256/280 531/257/281
f 533/180/238 532/181/174 534/168/239
f 535/169/155 534/168/239 532/181/174
f 538/171/140 536/178/240 537/179/241
f 536/178/240 538/171/140 539/170/128
f 540/243/282 541/231/283 542/258/284
f 541/231/283 543/233/285 542/258/284
f 544/259/286 545/258/287 543/233/288
f 545/258/287 544/259/286 546/260/289
f 547/259/290 548/261/291 546/260/292
f 549/262/293 550/237/294 551/236/295
f 551/236/295 552/246/296 549/262/293
f 549/262/293 553/255/297 550/237/294
f 553/255/297 549/262/293 554/256/298
f 555/166/125 556/167/125 557/168/126
f 555/166/125 557/168/126 558/169/127
f 559/170/128 560/171/129 561/166/125
f 560/171/129 562/167/130 561/166/125
f 563/186/243 564/263/299 565/191/243
f 566/189/203 567/188/300 568/264/301
f 569/111/190 570/184/191 571/115/192
f 570/184/191 569/111/190 572/183/220
f 573/111/187 574/182/188 575/183/187
f 574/182/188 573/111/187 576/114/189
f 577/265/302 578/266/267 579/267/302
f 578/266/267 577/265/302 580/268/267
f 581/266/267 582/269/303 583/270/304
f 582/269/303 581/266/267 584/268/267
f 586/185/254 585/131/194 587/186/242
f 588/187/196 590/115/192 591/184/305
f 592/188/300 593/189/197 589/123/306
f 595/270/307 597/269/307 596/271/308
f 598/271/309 599/272/310 594/273/311
f 599/272/310 598/271/309 600/274/312
f 601/272/310 600/274/313 602/275/314
f 603/267/315 605/276/316 606/265/315
f 607/277/317 608/276/316 604/278/318
f 608/276/316 607/277/317 609/279/319
f 610/277/320 611/280/321 609/279/320
f 614/173/322 612/281/323 613/174/324
f 615/282/325 617/177/326 616/176/327
f 618/283/328 619/284/267 620/251/329
f 619/284/267 618/283/328 621/285/267
f 622/284/267 623/286/330 624/248/331
f 623/286/330 622/284/267 625/285/267
f 626/144/190 627/201/191 628/148/192
f 627/201/191 626/144/190 629/200/220
f 630/144/187 631/199/188 632/200/187
f 631/199/188 630/144/187 633/147/189
f 634/206/216 636/148/192 637/201/191
f 638/207/332 639/208/333 635/156/199
f 639/208/333 638/207/332 640/287/334
f 642/202/335 641/159/194 643/203/336
f 643/203/336 644/288/337 645/205/338
f 647/289/339 646/290/340 648/291/341
f 650/290/342 649/292/343 651/291/344
f 652/293/345 653/294/346 654/295/347
f 655/296/348 656/249/349 657/248/350
f 658/297/351 656/249/349 655/296/348
f 659/283/328 660/251/329 661/298/352
f 660/251/329 662/253/353 661/298/352
f 661/298/352 662/253/353 663/299/354
f 664/300/355 665/301/356 666/302/357
f 667/217/263 668/216/227 669/303/358
f 670/214/359 671/304/360 672/219/359
f 673/305/361 674/306/362 675/307/363
f 677/308/364 678/309/365 676/310/366
f 678/309/365 677/308/364 679/311/367
f 680/309/368 679/311/369 681/312/370
f 682/166/190 683/212/191 684/170/192
f 683/212/191 682/166/190 685/211/220
f 686/166/187 687/210/188 688/211/187
f 687/210/188 686/166/187 689/169/189
f 691/305/371 692/313/372 690/314/373
f 692/313/372 691/305/371 693/307/374
f 695/213/254 694/181/255 696/214/359
f 697/215/216 699/170/192 700/212/191
f 701/216/223 702/217/265 698/178/199
f 704/315/375 705/150/376 703/152/377
f 708/154/378 707/316/379 706/155/380
f 709/302/381 710/301/382 711/317/383
f 712/294/384 713/318/385 714/295/386
f 715/319/387 716/320/388 717/321/389
f 715/319/387 717/321/389 718/322/390
f 719/323/391 720/324/392 721/325/393
f 721/325/393 720/324/392 722/326/394
f 723/327/395 724/328/272 725/329/396
f 723/327/395 725/329/396 726/330/397
f 727/331/398 728/332/247 729/333/399
f 729/333/399 728/332/247 730/334/400
f 731/335/401 732/336/402 733/337/403
f 731/335/401 733/337/403 734/338/404
f 735/339/405 736/340/406 737/341/407
f 736/340/406 738/342/408 737/341/407
f 739/343/409 740/342/408 736/340/406
f 740/342/408 739/343/409 741/344/409
f 742/338/404 743/343/410 744/335/401
f 743/343/410 742/338/404 745/344/410
f 746/345/411 747/346/412 748/347/413
f 749/348/414 750/325/415 751/349/416
f 750/325/415 749/348/414 752/350/414
f 753/351/417 754/352/418 755/353/419
f 756/348/414 757/321/420 758/350/414
f 757/321/420 756/348/414 759/354/421
f 760/326/422 761/355/423 762/349/424
f 762/349/424 763/325/415 760/326/422
f 760/326/422 764/356/425 761/355/423
f 764/356/425 760/326/422 765/357/426
f 764/356/425 765/357/426 766/358/427
f 767/321/428 768/354/429 769/322/430
f 769/322/430 768/354/429 770/359/431
f 771/360/432 769/322/430 770/359/431
f 769/322/430 771/360/432 772/361/433
f 771/360/432 773/362/434 772/361/433
f 774/363/435 775/364/436 776/365/437
f 774/363/435 776/365/437 777/366/438
f 778/367/439 779/368/440 780/369/441
f 780/369/441 779/368/440 781/370/442
f 782/371/443 783/372/444 784/373/445
f 782/371/443 784/373/445 785/374/446
f 786/375/447 787/376/448 788/377/449
f 788/377/449 787/376/448 789/378/450
f 790/379/451 791/333/452 792/334/453
f 790/379/451 792/334/453 793/380/454
f 794/329/455 795/381/456 796/330/457
f 796/330/457 795/381/456 797/382/458
f 798/334/459 799/383/460 800/380/461
f 800/380/461 799/383/460 801/384/460
f 801/384/460 802/383/460 803/385/462
f 804/386/463 805/382/464 806/387/465
f 805/382/464 804/386/463 807/330/466
f 806/387/465 808/388/147 809/386/465
f 810/389/267 811/329/467 812/390/267
f 811/329/467 810/389/267 813/381/456
f 814/389/267 815/333/452 816/379/451
f 815/333/452 814/389/267 817/390/267
f 818/391/414 819/392/468 820/393/469
f 819/392/468 818/391/414 821/394/414
f 822/391/414 823/395/470 824/394/414
f 823/395/470 822/391/414 825/396/471
f 827/393/472 828/392/473 826/397/474
f 829/395/475 830/396/476 831/398/477
f 832/399/478 833/351/479 834/353/291
f 835/400/480 836/346/481 837/345/482
f 838/401/483 839/402/484 840/403/485
f 841/404/486 842/405/487 843/406/488
f 844/407/489 845/365/490 846/408/489
f 845/365/490 844/407/489 847/409/491
f 848/407/489 849/369/492 850/410/493
f 849/369/492 848/407/489 851/408/489
f 852/370/494 853/411/495 854/410/496
f 854/410/496 855/369/497 852/370/494
f 852/370/494 856/399/498 853/411/495
f 856/399/498 852/370/494 857/351/479
f 858/365/499 859/409/491 860/366/500
f 860/366/500 859/409/491 861/412/501
f 862/400/502 860/366/500 861/412/501
f 860/366/500 862/400/502 863/345/503
f 864/413/504 865/377/505 866/414/506
f 865/377/505 864/413/504 867/415/489
f 868/413/489 869/373/507 870/415/489
f 869/373/507 868/413/489 871/416/508
f 872/414/509 873/377/510 874/378/511
f 872/414/509 874/378/511 875/417/512
f 874/378/511 876/401/513 875/417/512
f 876/401/513 874/378/511 877/402/484
f 878/373/514 879/416/515 880/374/516
f 880/374/516 879/416/515 881/418/517
f 882/404/518 880/374/516 881/418/517
f 880/374/516 882/404/518 883/406/519
f 884/419/520 885/420/521 886/421/522
f 887/422/523 888/423/524 889/419/520
f 890/424/428 891/425/525 892/426/526
f 892/426/526 891/425/525 893/427/525
f 894/425/525 895/428/527 896/427/525
f 895/428/527 894/425/525 897/429/80
f 898/430/528 899/431/136 900/432/529
f 898/430/528 900/432/529 901/433/530
f 902/434/145 903/435/531 904/436/532
f 903/435/531 905/437/533 904/436/532
f 906/433/534 907/438/535 908/430/528
f 907/438/535 906/433/534 909/439/535
f 910/438/535 911/437/536 912/435/537
f 911/437/536 910/438/535 913/439/538
f 914/440/539 915/441/540 916/442/541
f 915/441/540 914/440/539 917/443/542
f 918/444/543 919/445/544 920/446/545
f 921/447/546 922/444/547 923/446/548
f 922/444/547 921/447/546 924/448/549
f 926/442/541 925/445/544 927/440/539
f 928/449/550 929/450/551 930/451/552
f 929/450/551 928/449/550 931/452/553
f 932/453/554 933/450/555 934/454/556
f 935/450/557 932/453/558 936/455/559
f 936/455/559 937/451/560 935/450/557
f 938/456/561 939/457/562 940/458/563
f 941/459/564 942/460/565 943/461/566
f 945/462/567 944/463/568 946/464/569
f 947/450/570 948/452/571 949/454/572
f 951/465/573 950/466/574 952/467/575
f 953/468/576 954/469/577 955/470/578
f 956/471/570 957/472/579 958/473/572
f 959/474/580 960/475/581 961/476/580
f 960/475/581 959/474/580 962/477/582
f 963/474/580 964/478/583 965/479/584
f 964/478/583 963/474/580 966/476/580
f 967/480/585 968/481/586 969/482/587
f 970/483/588 971/484/589 972/485/588
f 971/484/589 970/483/588 973/486/590
f 974/483/588 975/487/591 976/488/592
f 975/487/591 974/483/588 977/485/588
f 978/489/593 979/490/594 980/491/595
f 981/492/596 982/493/597 983/494/598
f 984/495/599 985/496/600 986/497/601
f 985/496/600 984/495/599 987/498/602
f 988/499/603 989/500/604 990/501/605
f 989/500/604 988/499/603 991/502/606
f 992/503/607 993/504/608 994/505/609
f 994/505/609 995/506/609 992/503/607
f 993/504/608 996/503/610 997/507/611
f 998/508/612 999/509/613 1000/510/614
f 999/509/613 998/508/612 1001/511/615
f 1002/512/616 1003/513/617 1004/514/618
f 1003/513/617 1002/512/616 1005/515/619
f 1006/516/620 1007/493/621 1008/492/622
f 1009/517/623 1010/456/624 1011/458/625
f 1012/456/624 1009/517/626 1013/518/627
f 1013/518/627 1014/519/628 1012/456/624
f 1015/520/629 1016/480/630 1017/482/631
f 1018/512/616 1019/521/632 1020/515/619
f 1020/515/619 1019/521/632 1021/522/633
f 1022/521/632 1023/510/614 1024/522/632
f 1023/510/614 1022/521/632 1025/508/634
f 1026/523/635 1027/471/555 1028/473/556
f 1029/471/636 1026/523/558 1030/524/559
f 1030/524/559 1031/525/560 1029/471/636
f 1032/526/637 1033/501/605 1034/527/637
f 1033/501/605 1032/526/637 1035/499/603
f 1036/495/599 1037/526/637 1038/498/638
f 1038/498/638 1037/526/637 1039/527/637
f 1041/528/639 1040/529/640 1042/530/641
f 1043/531/642 1044/456/561 1045/519/643
f 1044/456/561 1043/531/642 1046/457/644
f 1047/532/645 1048/533/646 1049/534/647
f 1050/535/648 1051/536/649 1052/537/650
f 1053/538/651 1054/489/652 1055/491/653
f 1056/489/654 1053/538/651 1057/539/655
f 1057/539/655 1058/540/656 1056/489/654
f 1059/541/657 1060/471/658 1061/525/552
f 1060/471/658 1059/541/657 1062/472/553
f 1063/542/659 1064/543/660 1065/544/660
f 1064/543/660 1063/542/659 1066/545/661
f 1067/543/660 1068/546/662 1069/544/660
f 1068/546/662 1067/543/660 1070/547/663
f 1071/468/664 1072/548/665 1073/549/666
f 1073/549/666 1074/550/667 1071/468/664
f 1072/548/668 1075/468/669 1076/470/670
f 1077/530/671 1078/529/672 1079/551/673
f 1080/532/645 1081/552/674 1082/533/646
f 1083/553/675 1084/554/676 1085/555/677
f 1086/556/678 1087/557/679 1088/558/680
f 1089/559/681 1090/560/682 1091/561/683
f 1092/562/684 1093/489/593 1094/540/685
f 1093/489/593 1092/562/684 1095/490/594
f 1096/563/686 1097/564/687 1098/461/566
f 1098/461/566 1097/564/687 1099/459/564
f 1100/565/688 1101/553/689 1102/555/690
f 1103/566/691 1104/519/692 1105/567/693
f 1104/519/692 1103/566/691 1106/531/642
f 1107/519/694 1108/518/627 1109/568/695
f 1109/568/695 1110/567/696 1107/519/694
f 1111/534/697 1112/569/698 1113/532/699
f 1115/570/700 1116/528/701 1114/530/702
f 1117/571/703 1118/468/704 1119/550/705
f 1118/468/704 1117/571/703 1120/469/706
f 1121/572/707 1122/573/708 1123/574/707
f 1122/573/708 1121/572/707 1124/575/709
f 1125/576/710 1126/572/707 1127/577/711
f 1127/577/711 1126/572/707 1128/574/707
f 1129/578/712 1130/552/713 1131/532/699
f 1132/579/714 1133/530/702 1134/551/715
f 1135/580/716 1136/536/717 1137/535/718
f 1139/581/719 1138/582/720 1141/583/721
f 1142/486/722 1140/584/723 1143/484/589
f 1140/584/723 1142/486/722 1144/582/724
f 1145/585/725 1146/586/726 1147/587/727
f 1149/488/728 1148/588/729 1150/585/730
f 1148/588/729 1149/488/728 1151/487/731
f 1152/589/732 1154/590/733 1153/591/734
f 1155/592/735 1156/593/736 1157/594/737
f 1158/528/701 1159/570/738 1160/575/739
f 1161/576/740 1162/577/741 1163/534/697
f 1166/545/742 1165/542/743 1164/595/744
f 1167/596/745 1168/546/662 1169/547/746
f 1170/597/747 1171/598/748 1172/599/749
f 1171/598/748 1170/597/747 1173/600/750
f 1174/599/749 1175/598/751 1176/601/752
f 1174/599/749 1176/601/752 1177/602/752
f 1178/593/753 1179/603/754 1180/594/755
f 1181/591/756 1182/590/757 1183/604/758
f 1184/605/311 1185/606/304 1186/462/308
f 1187/607/302 1188/608/318 1189/466/316
f 1190/609/759 1191/610/760 1192/611/761
f 1193/610/762 1194/601/763 1192/611/764
f 1195/602/752 1194/601/763 1193/610/762
f 1198/612/765 1197/613/766 1196/614/767
f 1199/600/747 1200/613/768 1198/612/769
f 1200/613/768 1199/600/747 1201/597/750
f 1202/615/770 1203/442/771 1204/616/772
f 1205/446/773 1206/615/770 1207/617/774
f 1208/618/775 1209/619/776 1210/620/777
f 1211/621/778 1212/616/772 1213/441/779
f 1212/616/772 1214/442/339 1213/441/779
f 1215/617/774 1216/622/780 1217/447/781
f 1215/617/774 1217/447/781 1218/446/773
f 1219/623/782 1220/624/783 1221/625/784
f 1223/626/785 1222/585/786 1224/627/787
f 1225/585/788 1226/587/789 1224/627/377
f 1226/587/790 1228/628/791 1227/629/792
f 1231/630/793 1230/582/794 1229/631/795
f 1232/582/796 1231/630/797 1233/583/798
f 1233/583/799 1234/632/800 1235/633/801
f 1237/500/802 1238/502/803 1236/553/804
f 1241/497/805 1240/496/806 1239/535/807
f 1243/634/808 1242/432/809 1244/635/810
f 1246/436/811 1245/636/812 1247/637/813
f 1248/638/814 1249/639/815 1250/640/814
f 1249/639/815 1248/638/814 1251/641/816
f 1252/642/817 1253/638/818 1254/643/819
f 1254/643/819 1253/638/818 1255/640/818
f 1256/644/820 1257/623/821 1258/625/822
f 1259/642/817 1260/645/823 1261/646/824
f 1260/645/823 1259/642/817 1262/643/825
f 1264/647/826 1265/619/827 1263/618/826
f 1266/641/828 1267/648/829 1268/639/830
f 1267/648/829 1266/641/828 1269/649/831
f 1271/650/832 1272/651/12 1270/652/11
f 1274/653/833 1275/654/834 1273/655/33
f 1276/656/835 1277/650/836 1278/657/837
f 1279/658/838 1280/659/839 1281/660/840
f 1280/659/839 1279/658/838 1282/661/841
f 1283/662/842 1284/663/843 1285/664/844
f 1284/663/843 1283/662/842 1286/665/845
f 1287/666/846 1288/667/847 1289/668/848
f 1288/667/847 1287/666/846 1290/669/849
f 1291/670/850 1292/671/851 1293/672/852
f 1295/673/69 1294/674/69 1296/675/69
f 1297/676/853 1298/655/854 1299/654/855
f 1301/677/62 1300/678/82 1302/679/856
f 1300/678/82 1303/680/857 1302/679/856
f 1303/680/857 1300/678/82 1304/681/858
f 1305/682/859 1306/670/860 1307/683/861
f 1306/670/860 1305/682/859 1308/671/862
f 1309/684/863 1310/685/864 1311/671/865
f 1310/685/864 1309/684/863 1312/686/866
f 1313/667/867 1314/687/868 1315/668/869
f 1316/688/870 1317/689/871 1318/690/872
f 1317/689/871 1316/688/870 1319/691/873
f 1320/671/874 1321/692/875 1322/682/876
f 1321/692/875 1320/671/874 1323/685/877
f 1324/693/878 1325/694/879 1326/695/880
f 1325/694/879 1324/693/878 1327/696/90
f 1328/682/881 1329/683/882 1330/697/883
f 1331/698/884 1332/699/884 1333/700/885
f 1334/701/585 1331/698/884 1333/700/885
f 1335/702/886 1336/703/887 1337/704/888
f 1338/692/889 1339/697/890 1340/682/891
f 1341/705/892 1342/706/893 1343/707/894
f 1342/706/893 1341/705/892 1344/708/895
f 1345/689/896 1346/709/897 1347/690/898
f 1348/706/899 1349/710/900 1350/707/901
f 1353/711/902 1352/712/903 1351/713/904
f 1353/711/902 1351/713/904 1354/714/905
f 1356/715/906 1357/716/907 1355/717/908
f 1355/717/908 1357/716/907 1358/718/909
f 1359/719/910 1360/720/911 1361/721/910
f 1360/720/911 1359/719/910 1362/722/911
f 1363/723/912 1364/724/913 1365/725/914
f 1364/724/913 1363/723/912 1366/726/915
f 1364/724/132 1367/727/131 1368/728/101
f 1369/729/916 1370/730/917 1371/731/918
f 1372/732/919 1373/721/920 1374/733/921
f 1373/721/920 1372/732/919 1375/719/910
f 1376/734/922 1377/735/923 1378/736/153
f 1377/735/923 1376/734/922 1379/737/924
f 1380/738/925 1381/739/926 1382/740/927
f 1382/740/927 1383/741/94 1380/738/925
f 1384/742/928 1385/702/929 1386/704/930
f 1387/743/931 1388/744/932 1389/745/933
f 1388/744/932 1387/743/931 1390/746/934
f 1391/747/73 1392/748/935 1393/749/72
f 1395/748/935 1394/750/936 1396/751/937
f 1397/752/938 1398/753/939 1399/754/939
f 1398/753/939 1397/752/938 1400/755/939
f 1401/756/940 1402/757/941 1403/758/941
f 1403/758/941 1404/759/940 1401/756/940
f 1405/760/942 1406/745/943 1407/761/944
f 1406/745/943 1405/760/942 1408/743/945
f 1409/693/878 1410/695/946 1411/762/947
f 1412/718/948 1413/716/949 1414/763/950
f 1415/764/951 1416/765/952 1417/766/953
f 1418/767/954 1419/768/955 1420/769/956
f 1419/768/955 1418/767/954 1421/770/957
f 1422/771/958 1423/767/959 1420/769/956
f 1422/771/958 1424/772/960 1423/767/959
f 1425/773/961 1426/733/921 1427/774/962
f 1426/733/921 1425/773/961 1428/732/963
f 1429/775/964 1430/776/965 1431/777/966
f 1431/777/966 1430/776/965 1432/778/967
f 1435/779/968 1434/780/903 1433/781/904
f 1435/779/968 1433/781/904 1436/782/969
f 1436/782/970 1437/783/971 1438/779/972
f 1439/784/973 1440/785/923 1441/786/153
f 1440/785/923 1439/784/973 1442/787/974
f 1443/778/975 1444/776/976 1445/788/977
f 1447/789/978 1448/790/979 1446/791/980
f 1446/791/980 1448/790/979 1449/792/981
f 1452/793/982 1451/794/983 1450/795/904
f 1452/793/982 1450/795/904 1453/796/984
f 1454/792/985 1455/790/986 1456/797/987
f 1457/766/988 1458/798/989 1459/764/990
f 1458/798/989 1457/766/988 1460/799/991
f 1461/680/992 1462/681/993 1463/800/994
f 1464/801/995 1465/802/996 1466/803/997
f 1467/804/998 1465/802/996 1464/801/995
f 1468/731/999 1469/801/995 1466/803/997
f 1468/731/999 1466/803/997 1470/729/916
f 1471/805/1000 1472/770/1001 1473/806/1002
f 1472/770/1001 1471/805/1000 1474/768/1003
f 1475/739/1004 1476/807/182 1477/808/1005
f 1478/809/1006 1479/810/923 1480/811/153
f 1479/810/923 1478/809/1006 1481/812/1007
f 1482/813/1008 1483/814/1009 1484/815/1010
f 1484/815/1010 1483/814/1009 1485/816/1011
f 1486/817/1012 1487/818/1013 1488/778/1014
f 1491/819/188 1490/820/189 1489/821/254
f 1492/816/1015 1493/814/1016 1494/822/1017
f 1495/714/1018 1496/823/1019 1497/711/902
f 1498/734/922 1499/824/1020 1500/737/1021
f 1503/825/1022 1502/826/903 1501/827/904
f 1503/825/1022 1501/827/904 1504/828/1023
f 1505/739/1024 1506/738/1025 1507/829/1026
f 1505/739/1024 1507/829/1026 1508/808/1026
f 1509/818/1027 1510/788/1028 1511/778/1029
f 1512/723/1030 1513/725/1031 1514/830/1032
f 1515/831/1033 1516/832/923 1517/833/153
f 1516/832/923 1515/831/1033 1518/834/1034
f 1519/656/1035 1520/652/1036 1521/650/1037
f 1520/652/1036 1519/656/1035 1522/835/1038
f 1523/784/1039 1524/836/1040 1525/787/974
f 1527/837/1041 1526/838/1042 1528/839/1043
f 1529/760/1044 1530/756/1045 1531/759/940
f 1532/799/1046 1533/840/1047 1534/798/1048
f 1532/799/1046 1535/841/1049 1533/840/1047
f 1538/842/188 1537/843/1050 1536/844/254
f 1540/701/622 1539/698/1051 1541/845/1052
f 1542/796/1053 1543/846/1054 1544/793/1055
f 1545/803/1056 1546/847/1057 1547/802/1057
f 1546/847/1057 1545/803/1056 1548/848/1058
f 1549/729/162 1548/848/1058 1545/803/1056
f 1550/849/1059 1551/738/1060 1552/741/581
f 1551/738/1060 1550/849/1059 1553/850/1061
f 1554/773/1062 1555/774/1063 1556/851/1064
f 1559/852/1065 1558/853/903 1557/854/904
f 1559/852/1065 1557/854/904 1560/855/1066
f 1560/855/1066 1561/856/1067 1562/852/1068
f 1563/805/1069 1564/806/1070 1565/857/1071
f 1566/852/973 1567/858/923 1568/853/153
f 1567/858/923 1566/852/973 1569/859/974
f 1570/809/1072 1571/860/1073 1572/812/1074
f 1573/798/1075 1574/861/1076 1575/840/1076
f 1578/862/188 1577/863/1050 1576/864/254
f 1580/865/1077 1579/839/1078 1581/866/639
f 1582/828/1079 1583/867/1080 1584/825/1081
f 1587/831/982 1586/833/903 1585/868/904
f 1587/831/982 1585/868/904 1588/869/968
f 1589/831/1082 1590/870/1083 1591/834/1084
f 1592/764/176 1593/871/1085 1594/798/1086
f 1595/825/1087 1596/872/923 1597/826/153
f 1596/872/923 1595/825/1087 1598/873/1088
f 1599/838/640 1600/866/639 1601/839/1089
f 1602/852/1039 1603/856/1090 1604/859/974
f 1607/874/188 1606/875/189 1605/876/254
f 1608/766/1091 1609/877/1092 1610/799/1093
f 1609/877/1092 1608/766/1091 1611/878/1094
f 1608/766/1091 1612/765/1095 1611/878/1094
f 1615/809/1096 1614/811/903 1613/879/904
f 1615/809/1096 1613/879/904 1616/880/1097
f 1617/869/972 1618/870/1098 1619/831/1055
f 1620/814/1099 1621/881/1100 1622/822/1101
f 1623/793/1033 1624/882/154 1625/794/153
f 1624/882/154 1623/793/1033 1626/883/1102
f 1627/884/1103 1628/814/1104 1629/813/250
f 1628/814/1104 1627/884/1103 1630/881/1105
f 1631/825/1106 1632/867/1107 1633/873/1108
f 1634/700/1109 1635/885/1110 1636/886/1111
f 1635/885/1110 1634/700/1109 1637/699/1112
f 1640/887/188 1639/888/1050 1638/889/254
f 1641/799/1113 1642/890/1114 1643/841/1115
f 1642/890/1114 1641/799/1113 1644/877/1092
f 1645/880/1116 1646/860/1117 1647/809/1118
f 1648/790/1119 1649/891/1120 1650/797/1121
f 1651/793/1082 1652/846/1122 1653/883/1039
f 1654/892/1123 1655/751/1124 1656/750/1125
f 1657/731/1126 1658/893/1127 1659/801/1128
f 1658/893/1127 1657/731/1126 1660/894/1129
f 1663/784/984 1662/786/903 1661/895/904
f 1663/784/984 1661/895/904 1664/896/1130
f 1664/896/1131 1665/836/1132 1666/784/1053
f 1667/871/1133 1668/877/1134 1669/861/659
f 1670/779/1135 1671/897/154 1672/780/153
f 1671/897/154 1670/779/1135 1673/898/1136
f 1674/899/1137 1675/790/1138 1676/789/1139
f 1675/790/1138 1674/899/1137 1677/891/1140
f 1678/850/1141 1679/829/1142 1680/738/1143
f 1679/829/1142 1678/850/1141 1681/900/1142
f 1679/829/1142 1681/900/1142 1682/901/1144
f 1683/776/1145 1684/902/1146 1685/788/1147
f 1688/903/188 1687/904/1050 1686/905/254
f 1689/779/1148 1690/783/1149 1691/898/1136
f 1694/734/982 1693/736/903 1692/906/904
f 1694/734/982 1692/906/904 1695/907/1150
f 1696/716/1151 1697/908/1152 1698/763/1153
f 1699/909/1154 1700/776/1155 1701/775/1156
f 1700/776/1155 1699/909/1154 1702/902/1157
f 1703/769/1158 1704/910/932 1705/911/1158
f 1704/910/932 1703/769/1158 1706/768/1159
f 1707/711/1160 1708/912/154 1709/712/1161
f 1708/912/154 1707/711/1160 1710/913/1006
f 1711/914/1162 1712/722/1163 1713/719/691
f 1712/722/1163 1711/914/1162 1714/915/1163
f 1715/907/1150 1716/824/1164 1717/734/1055
f 1718/771/1165 1719/911/1158 1720/916/1166
f 1719/911/1158 1718/771/1165 1721/769/1158
f 1722/711/1167 1723/823/1168 1724/913/1072
f 1727/917/188 1726/918/189 1725/919/254
f 1728/920/1169 1729/752/1169 1730/921/1170
f 1729/752/1169 1731/754/1171 1730/921/1170
f 1732/922/1172 1733/716/1173 1734/715/1174
f 1733/716/1173 1732/922/1172 1735/908/1175
f 1736/727/1176 1737/923/1177 1738/924/1178
f 1737/923/1177 1736/727/1176 1739/726/1179
f 1740/900/1180 1741/807/322 1742/850/1181
f 1744/871/1133 1743/878/1182 1745/877/1134
f 1746/801/1183 1747/925/1184 1748/804/1185
f 1747/925/1184 1746/801/1183 1749/893/1127
f 1750/848/1186 1751/893/1187 1752/847/766
f 1750/848/1188 1753/894/1189 1754/893/1190
f 1755/902/1191 1756/788/1192 1757/818/354
f 1758/926/1193 1759/924/1178 1760/927/1194
f 1759/924/1178 1758/926/1193 1761/727/1195
f 1764/928/188 1763/929/189 1762/930/254
f 1765/696/1196 1766/693/1197 1767/931/1198
f 1767/931/1198 1766/693/1197 1768/932/1199
f 1769/758/1200 1770/933/1201 1771/759/1202
f 1770/933/1201 1769/758/1200 1772/934/1200
f 1773/677/1203 1774/935/1204 1775/936/1205
f 1774/935/1204 1773/677/1203 1776/679/1206
f 1777/937/1069 1778/938/1070 1779/939/1207
f 1780/940/1208 1781/746/955 1782/743/1209
f 1781/746/955 1780/940/1208 1783/941/957
f 1784/760/1210 1785/940/1208 1782/743/1209
f 1786/942/1211 1785/940/1208 1784/760/1210
f 1788/943/1212 1789/702/1213 1787/944/1214
f 1787/944/1214 1789/702/1213 1790/742/1215
f 1791/945/1216 1793/702/1217 1792/943/1218
f 1793/702/1217 1791/945/1216 1794/703/1219
f 1795/946/1220 1796/947/1221 1797/948/1220
f 1796/947/1221 1798/949/1221 1797/948/1220
f 1801/902/1222 1800/818/1223 1799/950/1224
f 1802/932/1225 1803/693/1197 1804/762/1226
f 1805/771/1227 1806/921/1228 1807/754/1171
f 1808/951/1229 1810/952/1230 1809/953/1231
f 1811/937/1000 1812/941/957 1813/938/1002
f 1812/941/957 1811/937/1000 1814/746/1003
f 1817/954/188 1816/955/1050 1815/956/254
f 1818/957/1232 1819/710/1233 1820/706/1234
f 1821/958/1235 1822/959/1236 1823/651/806
f 1825/845/403 1826/886/1237 1824/960/1238
f 1826/886/1237 1825/845/403 1827/885/402
f 1828/961/1239 1829/709/1240 1830/689/1241
f 1831/962/1242 1832/936/1243 1833/963/1244
f 1832/936/1243 1831/962/1242 1834/677/1203
f 1835/708/387 1836/964/390 1837/706/1245
f 1836/964/390 1838/957/1246 1837/706/1245
f 1839/685/1247 1840/965/957 1841/692/1248
f 1840/965/957 1842/966/1249 1841/692/1248
f 1842/966/1250 1843/697/1251 1844/692/1252
f 1845/691/1253 1846/967/397 1847/689/1254
f 1846/967/397 1848/961/1255 1847/689/1254
f 1849/965/957 1850/685/1256 1851/968/1257
f 1852/686/1258 1851/968/1257 1850/685/1256
f 1853/969/1259 1854/687/1260 1855/667/1261
f 1857/675/1262 1856/970/1262 1858/673/1262
f 1859/683/1263 1860/966/1264 1861/697/1265
f 1862/669/443 1863/971/446 1864/667/1266
f 1863/971/446 1865/969/1267 1864/667/1266
f 1866/661/1268 1867/972/438 1868/659/1269
f 1867/972/438 1869/973/1270 1868/659/1269
f 1870/670/1271 1871/965/1272 1872/966/1273
f 1870/670/1271 1872/966/1273 1873/683/1274
f 1874/965/1275 1875/670/1276 1876/672/1277
f 1877/974/1278 1878/975/1279 1879/976/1280
f 1880/974/1281 1881/664/1282 1882/663/783
f 1883/976/1283 1880/974/1281 1882/663/783
f 1885/656/1284 1886/977/1285 1884/835/1285
f 1885/656/1284 1887/959/1286 1886/977/1285
f 1888/978/1287 1889/416/1288 1890/418/1289
f 1889/416/1288 1888/978/1287 1891/979/1290
f 1892/404/1291 1888/978/1287 1890/418/1289
f 1893/980/1292 1888/978/1287 1892/404/1291
f 1894/981/1293 1895/414/1294 1896/982/1295
f 1895/414/1294 1894/981/1293 1897/417/1296
f 1894/981/1293 1898/401/1297 1897/417/1296
f 1898/401/1297 1894/981/1293 1899/983/1298
f 1900/413/1299 1901/984/1299 1902/982/1295
f 1900/413/1299 1902/982/1295 1903/414/1294
f 1904/416/1288 1905/979/1290 1906/413/1300
f 1905/979/1290 1907/984/1299 1906/413/1300
f 1908/985/1301 1909/409/1302 1910/412/1303
f 1909/409/1302 1908/985/1301 1911/986/524
f 1912/400/1304 1908/985/1301 1910/412/1303
f 1913/987/1305 1908/985/1301 1912/400/1304
f 1914/988/1306 1915/410/1307 1916/989/521
f 1915/410/1307 1914/988/1306 1917/411/1308
f 1914/988/1306 1918/399/1309 1917/411/1308
f 1918/399/1309 1914/988/1306 1919/990/1310
f 1920/407/1311 1921/991/520 1922/989/1312
f 1923/986/1313 1925/991/1311 1924/407/520
f 1926/980/1314 1927/404/1291 1928/405/1315
f 1929/983/1298 1930/403/1316 1931/401/1297
f 1934/989/1317 1933/368/1318 1932/988/1319
f 1933/368/1318 1934/989/1317 1935/367/1320
f 1937/363/1321 1938/986/1322 1936/985/1323
f 1938/986/1322 1937/363/1321 1939/364/1324
f 1940/391/1325 1941/394/1325 1942/392/1326
f 1940/391/1325 1942/392/1326 1943/393/1327
f 1944/396/1328 1945/395/1329 1946/391/1325
f 1945/395/1329 1947/394/1325 1946/391/1325
f 1950/982/1330 1949/376/1331 1948/981/846
f 1949/376/1331 1950/982/1330 1951/375/1332
f 1953/371/1333 1954/979/1334 1952/978/1335
f 1954/979/1334 1953/371/1333 1955/372/1336
f 1958/395/1337 1957/396/1338 1956/398/851
f 1961/392/1339 1959/397/1340 1960/393/1327
f 1962/987/1305 1963/400/1341 1964/346/1342
f 1965/990/1310 1966/353/1343 1967/399/1344
f 1968/352/1345 1969/353/1346 1970/990/1347
f 1971/347/1348 1972/987/1349 1973/346/1350
f 1974/389/1351 1975/390/1351 1976/333/1352
f 1974/389/1351 1976/333/1352 1977/379/1353
f 1978/381/1354 1979/329/1355 1980/389/1351
f 1979/329/1355 1981/390/1351 1980/389/1351
f 1982/992/1356 1983/993/1357 1984/994/1358
f 1984/994/1358 1983/993/1357 1985/995/1357
f 1986/993/1357 1987/996/1359 1988/995/1357
f 1987/996/1359 1986/993/1357 1989/997/1359
f 1990/330/1360 1991/381/1354 1992/382/1361
f 1991/381/1354 1990/330/1360 1993/329/1362
f 1994/334/1363 1995/379/1353 1996/333/1364
f 1995/379/1353 1994/334/1363 1997/380/1365
f 1998/382/1366 1999/386/1367 2000/330/1368
f 1999/386/1367 1998/382/1366 2001/387/1367
f 2002/380/1369 2003/383/1370 2004/384/1370
f 2003/383/1370 2002/380/1369 2005/334/1371
f 2006/322/1372 2007/354/1373 2008/359/1374
f 2007/354/1373 2006/322/1372 2009/998/1290
f 2010/360/1375 2006/322/1372 2008/359/1374
f 2011/361/1376 2006/322/1372 2010/360/1375
f 2012/326/1377 2013/349/1294 2014/999/1295
f 2013/349/1294 2012/326/1377 2015/355/1378
f 2012/326/1377 2016/356/1379 2015/355/1378
f 2016/356/1379 2012/326/1377 2017/357/1380
f 2018/348/1325 2019/350/1381 2020/999/1295
f 2018/348/1325 2020/999/1295 2021/349/1294
f 2022/354/1288 2023/998/1290 2024/348/1325
f 2023/998/1290 2025/350/1382 2024/348/1325
f 2026/332/1383 2027/333/1384 2028/331/1385
f 2027/333/1384 2026/332/1383 2029/334/1386
f 2030/327/1387 2031/329/1388 2032/330/1389
f 2031/329/1388 2030/327/1387 2033/328/1390
f 2034/386/1367 2035/387/1367 2036/388/1391
f 2037/383/1370 2038/385/1392 2039/384/1370
f 2040/1000/1393 2041/992/1356 2042/994/1356
f 2041/992/1356 2040/1000/1393 2043/1001/1393
f 2044/997/1359 2045/1002/884 2046/996/1359
f 2045/1002/884 2044/997/1359 2047/1003/884
f 2048/324/1394 2049/999/1395 2050/323/1396
f 2049/999/1395 2048/324/1394 2051/326/892
f 2052/319/1397 2053/998/1398 2054/322/1399
f 2053/998/1398 2052/319/1397 2055/320/1400
f 2056/361/1376 2057/360/1375 2058/362/1401
f 2059/357/1380 2060/358/1402 2061/356/1379
f 2062/1004/1403 2063/1005/1404 2064/1006/1403
f 2063/1005/1404 2062/1004/1403 2065/1007/1405
f 2066/1008/1406 2067/1004/1403 2068/1006/1403
f 2067/1004/1403 2066/1008/1406 2069/1009/1407
f 2070/1010/1408 2071/1008/1406 2072/1011/1409
f 2071/1008/1406 2070/1010/1408 2073/1009/1410
f 2074/1005/1411 2075/1012/1412 2076/1013/903
f 2075/1012/1412 2074/1005/1411 2077/1007/1405
f 2078/1014/1403 2079/1015/1404 2080/1016/1403
f 2079/1015/1404 2078/1014/1403 2081/1017/1405
f 2082/1018/1406 2083/1014/1403 2084/1016/1403
f 2083/1014/1403 2082/1018/1406 2085/1019/1407
f 2087/1020/540 2086/1021/542 2088/1022/1413
f 2088/1022/1413 2089/1023/1413 2087/1020/540
f 2091/1024/545 2090/1025/1414 2092/1026/1414
f 2093/1027/549 2094/1028/1415 2095/1029/1416
f 2095/1029/1416 2094/1028/1415 2096/1030/1417
f 2096/1030/1418 2097/1031/1305 2098/1029/1419
f 2099/1025/544 2100/1032/541 2101/1026/544
f 2102/1033/1420 2103/1034/1421 2104/1035/1422
f 2103/1034/1421 2102/1033/1420 2105/1036/1423
f 2106/1037/1424 2107/1038/1425 2108/1039/1426
f 2108/1039/1426 2107/1038/1425 2109/1040/1427
f 2110/1041/1408 2111/1018/1428 2112/1042/1409
f 2111/1018/1428 2110/1041/1408 2113/1019/1429
f 2114/1015/1411 2115/1043/1412 2116/1044/903
f 2115/1043/1412 2114/1015/1411 2117/1017/1405
f 2118/1023/1430 2119/1022/1430 2120/1045/1431
f 2121/1046/1403 2122/1047/1404 2123/1048/1403
f 2122/1047/1404 2121/1046/1403 2124/1049/1432
f 2125/1050/1406 2126/1046/1403 2127/1048/1403
f 2126/1046/1403 2125/1050/1406 2128/1051/1410
f 2129/1052/1408 2130/1050/1406 2131/1053/1409
f 2130/1050/1406 2129/1052/1408 2132/1051/1410
f 2133/1039/1433 2134/1054/1325 2135/1055/1434
f 2135/1055/1434 2134/1054/1325 2136/1056/1325
f 2137/1054/1325 2138/1057/1435 2139/1056/1325
f 2137/1054/1325 2140/1034/1436 2138/1057/1435
f 2141/1047/1411 2142/1058/1412 2143/1059/903
f 2142/1058/1412 2141/1047/1411 2144/1049/1405
f 2145/1004/1437 2146/1060/1438 2147/1061/1439
f 2145/1004/1437 2147/1061/1439 2148/1007/1440
f 2149/1009/1441 2150/1062/1442 2151/1004/1438
f 2150/1062/1442 2152/1060/1443 2151/1004/1438
f 2153/1063/1444 2154/1039/1433 2155/1055/1434
f 2154/1039/1433 2153/1063/1444 2156/1037/1012
f 2157/1036/1445 2158/1064/1446 2159/1034/1447
f 2161/1065/1448 2160/1007/1449 2163/1061/1439
f 2162/1012/1450 2164/1065/1451 2165/1066/1452
f 2167/1009/1453 2166/1067/1454 2169/1062/1442
f 2170/1068/1455 2171/1069/1456 2168/1010/1457
f 2172/1070/1458 2173/1071/1459 2174/1072/1460
f 2174/1072/1460 2173/1071/1459 2175/1073/1461
f 2176/1074/1008 2177/1075/1462 2178/1076/1463
f 2177/1075/1462 2176/1074/1008 2179/1077/1464
f 2181/1078/1465 2180/1037/1012 2182/1063/1466
f 2184/1036/1467 2183/1079/1468 2185/1064/1446
f 2186/1080/1325 2187/1081/1469 2188/1082/1469
f 2187/1081/1469 2186/1080/1325 2189/1083/1325
f 2190/1081/1469 2191/1084/1470 2188/1082/1469
f 2193/1084/1471 2192/1085/1472 2194/1086/1473
f 2194/1086/1473 2195/1087/1474 2193/1084/1471
f 2196/1088/574 2197/1089/1475 2198/1090/1475
f 2199/1091/575 2200/1088/1476 2201/1092/1477
f 2201/1092/1477 2200/1088/1476 2202/1093/1478
f 2203/1094/1479 2204/1095/1480 2205/1066/1452
f 2206/1089/1475 2207/1083/1325 2208/1090/1475
f 2208/1090/1475 2207/1083/1325 2209/1080/1325
f 2210/1004/1403 2211/1005/1404 2212/1006/1403
f 2211/1005/1404 2210/1004/1403 2213/1007/1405
f 2214/1008/1406 2215/1004/1403 2216/1006/1403
f 2215/1004/1403 2214/1008/1406 2217/1009/1481
f 2218/1069/1482 2219/1068/1455 2220/1096/1483
f 2221/1010/1408 2222/1008/1406 2223/1011/1409
f 2222/1008/1406 2221/1010/1408 2224/1009/1410
f 2225/1005/1411 2226/1012/1412 2227/1013/903
f 2226/1012/1412 2225/1005/1411 2228/1007/1405
f 2229/1014/1438 2230/1097/1437 2231/1098/1439
f 2229/1014/1438 2231/1098/1439 2232/1017/1440
f 2233/1019/1441 2234/1099/1442 2235/1014/1438
f 2234/1099/1442 2236/1097/1443 2235/1014/1438
f 2237/1093/1478 2238/1100/1484 2239/1092/1485
f 2240/1087/1474 2241/1086/1486 2242/1101/1487
f 2244/1102/1488 2243/1017/1440 2246/1098/1439
f 2245/1043/1489 2247/1102/1490 2248/1103/1491
f 2250/1019/1492 2249/1104/1454 2252/1099/1442
f 2253/1105/1493 2254/1106/1494 2251/1041/1495
f 2255/1072/1496 2256/1107/1325 2257/1108/1497
f 2257/1108/1497 2256/1107/1325 2258/245/1325
f 2259/1107/1325 2260/1109/1498 2261/245/1325
f 2260/1109/1498 2259/1107/1325 2262/1075/1499
f 2263/1110/1500 2264/1072/1501 2265/1108/1502
f 2264/1072/1501 2263/1110/1500 2266/1070/1503
f 2266/1070/1503 2267/1110/1504 2268/1111/1505
f 2268/1111/1505 2267/1110/1504 2269/1112/1506
f 2270/1075/1499 2271/1113/1507 2272/1109/1508
f 2271/1113/1507 2270/1075/1499 2273/1077/1509
f 2271/1113/1507 2273/1077/1509 2274/1114/1510
f 2274/1114/1510 2275/1115/1511 2271/1113/1507
f 2275/1115/1512 2276/1114/1510 2277/1116/1513
f 2278/1117/1514 2279/1118/1515 2280/1119/1516
f 2281/1014/1403 2282/1015/1404 2283/1016/1403
f 2282/1015/1404 2281/1014/1403 2284/1017/1432
f 2285/1018/1406 2286/1014/1403 2287/1016/1403
f 2286/1014/1403 2285/1018/1406 2288/1019/1481
f 2289/1120/622 2290/1121/1052 2291/1122/1517
f 2292/1112/1518 2293/1123/1519 2294/1111/1520
f 2295/1124/1521 2296/1125/1522 2297/1103/1523
f 2298/1046/1438 2299/1126/1438 2300/1127/1439
f 2298/1046/1438 2300/1127/1439 2301/1049/1440
f 2302/1051/1441 2303/1128/1442 2304/1046/1438
f 2303/1128/1442 2305/1126/1443 2304/1046/1438
f 2306/1041/1408 2307/1018/1406 2308/1042/1524
f 2307/1018/1406 2306/1041/1408 2309/1019/1429
f 2310/1106/1525 2311/1105/1493 2312/1129/1526
f 2313/1015/1411 2314/1043/1527 2315/1044/903
f 2314/1043/1527 2313/1015/1411 2316/1017/1405
f 2318/1130/1488 2317/1049/1449 2320/1127/1439
f 2319/1058/1528 2321/1130/1490 2322/1131/1529
f 2324/1051/1441 2323/1132/1454 2326/1128/1442
f 2327/1133/1530 2328/1134/1530 2325/1052/1457
f 2330/134/1076 2329/1135/1075 2331/1136/1531
f 2332/1137/1532 2333/137/1533 2334/1138/1534
f 2335/1139/1535 2336/1140/1536 2337/1131/1537
f 2338/1141/1538 2339/1142/1539 2340/1143/1540
f 2342/1144/1541 2341/1145/1542 2343/1146/1543
f 2344/1134/1530 2345/1133/1530 2346/1147/1544
f 2347/1046/1403 2348/1047/1404 2349/1048/1403
f 2348/1047/1404 2347/1046/1403 2350/1049/1432
f 2351/1050/1406 2352/1046/1403 2353/1048/1403
f 2352/1046/1403 2351/1050/1406 2354/1051/1481
f 2355/1047/1411 2356/1058/1527 2357/1059/903
f 2356/1058/1527 2355/1047/1411 2358/1049/1405
f 2359/1148/1545 2360/1143/1077 2361/1149/1545
f 2360/1143/1077 2359/1148/1545 2362/1141/1538
f 2363/1146/1546 2364/1148/1545 2365/1144/1547
f 2365/1144/1547 2364/1148/1545 2366/1149/1545
f 2367/225/230 2369/1150/1548 2368/224/231
f 2370/194/1549 2371/1151/1550 2369/1150/1548
f 2374/1152/1551 2373/222/1552 2372/223/232
f 2376/1153/1553 2375/198/1554 2374/1152/1555
f 2377/1004/1437 2378/1060/1438 2379/1061/1439
f 2377/1004/1437 2379/1061/1439 2380/1007/1440
f 2381/1009/1441 2382/1062/1442 2383/1004/1438
f 2382/1062/1442 2384/1060/1443 2383/1004/1438
f 2385/165/1556 2387/163/1557 2386/1136/1085
f 2388/160/1558 2389/161/1559 2390/1138/1560
f 2391/1052/1408 2392/1050/1406 2393/1053/1524
f 2392/1050/1406 2391/1052/1408 2394/1051/1429
f 2396/1065/1448 2395/1007/1449 2398/1061/1561
f 2397/1012/1450 2399/1065/1451 2400/1066/1479
f 2402/1009/1453 2401/1067/1454 2404/1062/1442
f 2405/1068/1562 2406/1069/1456 2403/1010/1457
f 2407/1094/1563 2408/1154/1564 2409/1066/1563
f 2410/1069/1482 2411/1068/1565 2412/1155/1566
f 2413/1005/1411 2414/1012/1527 2415/1013/903
f 2414/1012/1527 2413/1005/1411 2416/1007/1405
f 2417/1010/1408 2418/1008/1406 2419/1011/1524
f 2418/1008/1406 2417/1010/1408 2420/1009/1429
f 2421/1004/1403 2422/1005/1404 2423/1006/1403
f 2422/1005/1404 2421/1004/1403 2424/1007/1405
f 2425/1008/1406 2426/1004/1403 2427/1006/1403
f 2426/1004/1403 2425/1008/1406 2428/1009/1481
f 2429/1019/1441 2430/1099/1442 2431/1014/1438
f 2430/1099/1442 2432/1097/1438 2431/1014/1438
f 2433/1014/1438 2434/1097/1437 2435/1098/1439
f 2433/1014/1438 2435/1098/1439 2436/1017/1440
f 2438/1102/1448 2437/1017/1449 2440/1098/1439
f 2439/1043/1450 2441/1102/1451 2442/1103/1567
f 2444/1019/1568 2443/1104/1454 2446/1099/1569
f 2447/1105/1494 2448/1106/1570 2445/1041/1457
f 2449/1124/1571 2450/1156/1572 2451/1103/1573
f 2452/1106/1574 2453/1105/1525 2454/1157/1575
f 2457/1151/1576 2456/1158/1577 2455/1150/1578
f 2458/1159/1579 2459/1153/1580 2460/1152/700
f 2461/1014/1403 2462/1015/1404 2463/1016/1403
f 2462/1015/1404 2461/1014/1403 2464/1017/1432
f 2465/1018/1406 2466/1014/1403 2467/1016/1403
f 2466/1014/1403 2465/1018/1406 2468/1019/1481
f 2470/1160/1581 2469/315/1582 2471/1161/1583
f 2473/1162/1584 2474/1163/1585 2472/316/1586
f 2475/1051/1441 2476/1128/1442 2477/1046/1438
f 2476/1128/1442 2478/1126/1438 2477/1046/1438
f 2479/1046/1438 2480/1126/1438 2481/1127/1439
f 2479/1046/1438 2481/1127/1439 2482/1049/1440
f 2483/1041/1408 2484/1018/1406 2485/1042/1524
f 2484/1018/1406 2483/1041/1408 2486/1019/1429
f 2487/1015/1411 2488/1043/1527 2489/1044/903
f 2488/1043/1527 2487/1015/1411 2490/1017/1405
f 2491/1139/1587 2492/1164/1588 2493/1131/1589
f 2495/1130/1448 2494/1049/1440 2497/1127/1439
f 2496/1058/1489 2498/1130/1451 2499/1131/1589
f 2500/1134/1530 2501/1133/1590 2502/1165/1591
f 2504/1051/1441 2503/1132/1454 2506/1128/1442
f 2507/1133/1590 2508/1134/1592 2505/1052/1457
f 2509/1047/1411 2510/1058/1412 2511/1059/903
f 2510/1058/1412 2509/1047/1411 2512/1049/1405
f 2513/1046/1403 2514/1047/1404 2515/1048/1403
f 2514/1047/1404 2513/1046/1403 2516/1049/1405
f 2517/1050/1406 2518/1046/1403 2519/1048/1403
f 2518/1046/1403 2517/1050/1406 2520/1051/1407
f 2521/1094/1593 2522/1166/1594 2523/1066/1595
f 2524/1069/1596 2525/1068/1596 2526/1167/1597
f 2527/1009/1441 2528/1062/1442 2529/1004/1438
f 2528/1062/1442 2530/1060/1598 2529/1004/1438
f 2531/1004/1438 2532/1060/1438 2533/1061/1439
f 2531/1004/1438 2533/1061/1439 2534/1007/1440
f 2535/1052/1408 2536/1050/1599 2537/1053/1524
f 2536/1050/1599 2535/1052/1408 2538/1051/1429
f 2540/1065/1488 2539/1007/1449 2542/1061/1439
f 2541/1012/1450 2543/1065/1451 2544/1066/1595
f 2546/1009/1568 2545/1067/1454 2548/1062/1569
f 2549/1068/1600 2550/1069/1600 2547/1010/1457
f 2551/1106/1319 2552/1105/841 2553/1168/1601
f 2554/1124/1602 2555/1169/1603 2556/1103/1604
f 2559/1170/1605 2557/1171/1606 2558/1172/1607
f 2557/1171/1606 2559/1170/1605 2560/1173/1608
f 2561/1174/1609 2562/1175/1610 2563/138/758
f 2564/1019/1441 2565/1099/1442 2566/1014/1438
f 2565/1099/1442 2567/1097/1611 2566/1014/1438
f 2568/1014/1438 2569/1097/1438 2570/1098/1439
f 2568/1014/1438 2570/1098/1439 2571/1017/1440
f 2572/282/1612 2573/1176/1613 2574/176/1614
f 2575/1177/1182 2576/1136/1133 2577/163/1615
f 2578/281/1616 2579/174/1617 2580/1178/1618
f 2582/1179/1185 2581/1180/1619 2583/1181/1620
f 2584/1182/1621 2583/1181/1620 2581/1180/1619
f 2586/1138/1622 2585/1183/1623 2587/160/683
f 2589/1102/1448 2588/1017/1449 2591/1098/1439
f 2590/1043/1450 2592/1102/1451 2593/1103/1567
f 2595/1019/1568 2594/1104/1454 2597/1099/1569
f 2598/1105/1624 2599/1106/838 2596/1041/1457
f 2601/1184/1189 2600/1185/1625 2602/141/754
f 2603/1186/1626 2604/1187/1627 2605/1188/1628
f 2604/1187/1627 2606/1189/1628 2605/1188/1628
f 2607/1188/1628 2608/1189/1628 2609/1190/1629
f 2607/1188/1628 2609/1190/1629 2610/1191/1630
f 2611/1192/1631 2612/1193/1632 2613/1194/1633
f 2612/1193/1632 2611/1192/1631 2614/1195/1631
f 2615/1134/1634 2616/1133/1634 2617/1196/1635
f 2618/1139/1587 2619/1197/1636 2620/1131/1637
f 2621/1198/1638 2622/1199/1639 2623/1200/1638
f 2622/1199/1639 2621/1198/1638 2624/1201/1212
f 2625/1202/1640 2626/1203/1641 2627/1181/1620
f 2625/1202/1640 2627/1181/1620 2628/1182/1642
f 2629/1173/1643 2630/1170/1644 2631/1202/1640
f 2630/1170/1644 2632/1203/1641 2631/1202/1640
f 2633/1051/1441 2634/1128/1442 2635/1046/1438
f 2634/1128/1442 2636/1126/1443 2635/1046/1438
f 2637/1046/1438 2638/1126/1437 2639/1127/1439
f 2637/1046/1438 2639/1127/1439 2640/1049/1440
f 2641/96/1229 2642/100/1229 2643/1204/1231
f 2645/1204/1645 2644/98/1646 2646/96/1646
f 2648/1130/1448 2647/1049/1440 2650/1127/1439
f 2649/1058/1489 2651/1130/1451 2652/1131/1647
f 2654/1051/1648 2653/1132/1454 2656/1128/1569
f 2657/1133/1590 2658/1134/1649 2655/1052/1457
f 2659/1205/1650 2660/1206/785 2661/1207/1651
f 2662/1208/795 2663/1209/1652 2664/1210/1653
f 2665/173/1654 2666/1211/1655 2667/1212/1656
f 2668/1213/1657 2669/1214/1658 2670/1215/1659
f 2671/1216/1660 2672/1217/1661 2673/1212/1662
f 2672/1217/1661 2671/1216/1660 2674/1218/1660
f 2675/1213/1663 2676/1216/1664 2677/1214/1665
f 2676/1216/1664 2675/1213/1663 2678/1218/1660
f 2679/1219/809 2680/1220/1666 2681/1221/1667
f 2682/1222/1668 2683/1223/1669 2684/1224/1670
f 2685/1225/1671 2686/1226/1672 2687/1223/811
f 2687/1223/811 2688/1227/1673 2685/1225/1671
f 2689/1228/810 2690/1219/1674 2691/1229/1675
f 2691/1229/1675 2690/1219/1674 2692/1230/1675
f 2693/1226/1676 2694/1225/1671 2695/1231/1310
f 2696/1230/1677 2697/1232/1678 2698/1229/1677
f 2699/1233/1679 2700/1224/1670 2701/1234/1679
f 2700/1224/1670 2699/1233/1679 2702/1222/1668
f 2703/1220/1666 2704/1233/1679 2705/1221/1680
f 2705/1221/1680 2704/1233/1679 2706/1234/1681
f 2707/1235/1682 2708/1208/1683 2709/1210/1684
f 2708/1208/1683 2707/1235/1682 2710/1236/1682
f 2711/1206/1685 2712/1235/1682 2713/1207/1686
f 2712/1235/1682 2711/1206/1685 2714/1236/1682
f 2715/54/1687 2716/1237/1687 2717/52/1687
f 2718/1238/1688 2719/54/1688 2720/52/1688
f 2721/1239/1689 2722/1200/1690 2723/1240/1689
f 2722/1200/1690 2721/1239/1689 2724/1198/1638
f 2725/1192/1631 2726/1239/1691 2727/1195/1631
f 2727/1195/1631 2726/1239/1691 2728/1240/1689
f 2730/1241/1280 2729/1242/1692 2731/1243/1693
f 2733/1244/1694 2734/1245/1694 2732/1246/1695
f 2735/1247/1696 2736/1248/1697 2737/1249/1697
f 2736/1248/1697 2735/1247/1696 2738/1250/1698
f 2739/1251/1699 2740/1252/1281 2741/1253/1699
f 2740/1252/1281 2739/1251/1699 2742/1254/1700
f 2743/1255/1701 2744/1256/1702 2745/1257/1702
f 2744/1256/1702 2743/1255/1701 2746/1258/1701
f 2747/1259/1703 2748/1260/1704 2749/1261/1705
f 2748/1260/1704 2747/1259/1703 2750/1262/1704
f 2751/1248/1697 2752/1263/1706 2753/1249/1697
f 2753/1249/1697 2752/1263/1706 2754/1264/1707
f 2755/1263/1706 2756/1253/1708 2757/1264/1707
f 2756/1253/1708 2755/1263/1706 2758/1251/1699
f 2759/1256/1709 2760/1265/1710 2761/1257/1709
f 2761/1257/1709 2760/1265/1710 2762/1266/1710
f 2763/1265/1710 2764/1261/1711 2765/1266/1710
f 2764/1261/1711 2763/1265/1710 2766/1259/1703
f 2768/1267/1712 2767/1268/10 2769/1269/39
f 2771/1270/12 2770/1271/1713 2772/1272/16
f 2773/1273/1714 2774/1274/1715 2775/470/1714
f 2774/1274/1715 2773/1273/1714 2776/1275/1716
f 2777/1276/1717 2778/1273/1714 2779/470/1718
f 2778/1273/1714 2777/1276/1717 2780/1277/1719
f 2781/1278/1720 2782/1279/1721 2783/1280/1722
f 2782/1279/1721 2781/1278/1720 2784/1281/1723
f 2785/1282/1724 2786/1278/1722 2787/1280/1720
f 2786/1278/1722 2785/1282/1724 2788/1283/1725
f 2789/1284/1726 2790/1285/1727 2791/1286/842
f 2792/1287/1727 2791/1286/842 2790/1285/1727
f 2794/1288/1728 2795/1289/1729 2793/1290/1730
f 2795/1289/1729 2794/1288/1728 2796/1291/1731
f 2797/1292/1732 2798/1293/1733 2799/1294/1734
f 2798/1293/1733 2797/1292/1732 2800/1295/1735
f 2801/1296/1736 2802/1292/1732 2803/1294/1737
f 2802/1292/1732 2801/1296/1736 2804/1297/1738
f 2805/1298/1739 2806/1299/1384 2807/1300/1739
f 2806/1299/1384 2805/1298/1739 2808/1301/1740
f 2809/1302/1388 2810/1298/1739 2811/1300/1739
f 2810/1298/1739 2809/1302/1388 2812/1303/1741
f 2813/1291/1729 2814/1304/1742 2815/1289/1731
f 2814/1304/1742 2813/1291/1729 2816/1305/1742
f 2817/1304/1742 2818/1287/1727 2819/1285/1727
f 2818/1287/1727 2817/1304/1742 2820/1305/1742
f 2821/1306/1732 2822/1307/1743 2823/1308/1734
f 2822/1307/1743 2821/1306/1732 2824/1309/1744
f 2825/1310/1745 2826/1306/1732 2827/1308/1737
f 2826/1306/1732 2825/1310/1745 2828/1311/1746
f 2829/1312/1747 2830/1313/1748 2831/1314/1749
f 2832/1315/1750 2833/1316/908 2834/1317/1750
f 2833/1316/908 2832/1315/1750 2835/1318/1751
f 2836/1319/1752 2837/1320/1753 2838/1321/1754
f 2837/1320/1753 2836/1319/1752 2839/1322/1752
f 2840/1319/1752 2841/1323/1755 2842/1322/1752
f 2842/1322/1752 2841/1323/1755 2843/1324/1755
f 2844/1323/1755 2845/1317/1750 2846/1324/1755
f 2845/1317/1750 2844/1323/1755 2847/1315/1750
f 2849/1325/935 2848/1326/73 2850/1327/1756
f 2853/1328/1757 2851/1325/1758 2852/1329/1759
f 2853/1328/1760 2854/1329/1761 2855/1330/1762
f 2856/1331/74 2857/1332/1763 2858/1333/1764
f 2859/1334/1765 2860/1332/1766 2861/1335/1767
f 2861/1335/1768 2862/1336/1769 2863/1334/1770
f 2864/1332/1771 2865/1337/1772 2866/1335/168
f 2868/1338/1773 2869/1325/1774 2867/1328/170
f 2870/1339/1775 2871/1340/1755 2872/1341/1776
f 2872/1341/1776 2871/1340/1755 2873/1342/1755
f 2874/1340/1755 2875/1343/1777 2876/1342/1755
f 2875/1343/1777 2874/1340/1755 2877/1344/1778
f 2878/1345/1779 2879/1346/1780 2880/1347/1781
f 2879/1346/1780 2878/1345/1779 2881/1348/1779
f 2882/1349/1782 2883/1350/1783 2884/1351/1784
f 2883/1350/1783 2882/1349/1782 2885/1352/1785
f 2886/1353/1786 2887/1354/1787 2888/1355/1788
f 2889/1356/1789 2890/1353/1786 2888/1355/1790
f 2890/1353/1786 2889/1356/1789 2891/1357/1791
f 2892/1345/1779 2893/1358/1792 2894/1348/1779
f 2894/1348/1779 2893/1358/1792 2895/1359/1793
f 2896/1358/1794 2897/1351/1784 2898/1359/1795
f 2897/1351/1784 2896/1358/1794 2899/1349/1782
f 2900/1360/1440 2901/1361/1448 2902/1362/1796
f 2904/1363/1797 2905/1364/1798 2903/1365/1799
f 2907/1366/1800 2908/1367/1801 2906/1368/998
f 2909/1369/1802 2907/1366/1800 2906/1368/998
f 2910/1370/1454 2911/1371/1441 2912/1372/1803
f 2913/1373/1804 2914/1374/1792 2915/1375/1460
f 2915/1375/1460 2914/1374/1792 2916/1376/1805
f 2917/1374/1792 2918/1377/1806 2919/1376/1792
f 2918/1377/1806 2917/1374/1792 2920/1378/1807
f 2921/1379/194 2922/1380/254 2923/1381/189
f 2924/1382/196 2925/1383/306 2926/1384/211
f 2927/1312/1808 2928/1385/1809 2929/1313/1810
f 2928/1385/1809 2927/1312/1808 2930/1386/1809
f 2931/1387/1440 2932/1388/1490 2933/1389/1450
f 2934/1390/1454 2935/1391/1453 2936/1392/1803
f 2939/1393/1811 2938/1394/1812 2937/1395/1813
f 2940/1396/1814 2941/1397/1815 2942/1398/1814
f 2941/1397/1815 2940/1396/1814 2943/1399/1816
f 2944/1396/1814 2945/1400/1817 2946/1401/1818
f 2945/1400/1817 2944/1396/1814 2947/1398/1814
f 2948/1402/1819 2950/1403/1820 2949/1404/1821
f 2950/1403/1820 2948/1402/1819 2951/1405/1822
f 2953/1406/1038 2954/1407/1823 2952/1408/1036
f 2955/1409/1823 2952/1408/1036 2954/1407/1823
f 2956/1364/1798 2957/1410/1824 2958/1411/1824
f 2957/1410/1824 2956/1364/1798 2959/1363/1825
f 2960/1410/1824 2961/1369/1826 2962/1411/1824
f 2961/1369/1826 2960/1410/1824 2963/1366/1827
f 2964/1412/1042 2965/1413/1041 2966/1414/1828
f 2968/1399/1829 2967/1415/1830 2969/1397/1831
f 2967/1415/1830 2968/1399/1829 2970/1413/1041
f 2972/1416/1832 2971/1417/1833 2974/1418/210
f 2975/1401/1834 2973/1419/1835 2976/1416/1836
f 2973/1419/1835 2975/1401/1834 2977/1400/1837
f 2978/1420/1044 2979/1421/944 2980/1422/940
f 2982/1423/1838 2981/1422/1839 2983/1421/1840
f 2984/1424/194 2985/1425/254 2986/1426/189
f 2987/1427/196 2988/1428/1841 2989/1429/211
f 2991/1430/1842 2992/1431/161 2990/1432/1843
f 2993/1433/1440 2994/1434/1488 2995/1435/1796
f 2996/1436/1454 2997/1437/1453 2998/1438/1803
f 2999/1439/1844 3000/1336/1845 3001/1335/1846
f 3002/1440/1847 3003/1328/170 3004/1330/1848
f 3005/1441/194 3006/1442/254 3007/1443/189
f 3008/1444/196 3009/1445/306 3010/1446/211
f 3011/1447/1849 3012/1448/1849 3013/1449/1849
f 3012/1448/1849 3011/1447/1849 3014/1450/1849
f 3015/1448/1850 3016/1451/1850 3017/1452/1850
f 3015/1448/1850 3017/1452/1850 3018/1449/1850
f 3019/1453/1851 3020/1454/1852 3021/1455/1853
f 3020/1454/1852 3022/1456/1853 3021/1455/1853
f 3023/1455/1853 3024/1456/1853 3025/1457/1854
f 3023/1455/1853 3025/1457/1854 3026/1458/1049
f 3027/1459/1855 3028/1460/1855 3029/1461/1856
f 3030/1462/1857 3031/1463/1858 3032/1464/1857
f 3034/1416/1859 3035/1418/1860 3033/1465/1548
f 3035/1418/1861 3037/1466/1862 3036/1467/1863
f 3038/1468/102 3039/1469/1864 3040/1470/103
f 3039/1469/1864 3038/1468/102 3041/1471/1865
f 3043/1413/1866 3042/1472/1551 3044/1414/1867
f 3044/1414/1868 3045/1473/1869 3046/1474/1870
f 3047/1475/106 3048/1469/1871 3049/1476/1872
f 3048/1469/1871 3047/1475/106 3050/1470/1873
f 3051/1325/1874 3052/1477/1875 3053/1478/1876
f 3051/1325/1874 3054/1338/1773 3052/1477/1875
f 3055/1337/1772 3056/1332/1877 3057/1479/1878
f 3057/1479/1878 3056/1332/1877 3058/1480/1879
f 3059/1481/1440 3060/1482/1488 3061/1483/1796
f 3062/1484/1454 3063/1485/1441 3064/1486/1803
f 3065/1487/1880 3066/1488/1881 3067/1489/1882
f 3066/1488/1881 3065/1487/1880 3068/1490/1881
f 3069/1488/1881 3070/1491/1883 3071/1492/1883
f 3070/1491/1883 3069/1488/1881 3072/1490/1881
f 3073/1493/1884 3074/1494/1885 3075/1495/1886
f 3076/1496/1887 3077/1497/254 3078/1498/189
f 3079/1499/196 3080/1500/306 3081/1501/211
f 3082/1502/1888 3083/1503/1889 3084/1504/960
f 3083/1503/1889 3082/1502/1888 3085/1505/1889
f 3086/1503/1890 3087/1506/1890 3088/1507/1891
f 3086/1503/1890 3088/1507/1891 3089/1504/1892
f 3090/1508/1893 3091/1509/1894 3092/1510/1895
f 3093/1405/1822 3094/1511/1896 3095/1403/1822
f 3094/1511/1896 3093/1405/1822 3096/1512/1896
f 3097/1511/1896 3098/1409/1823 3099/1407/1823
f 3098/1409/1823 3097/1511/1896 3100/1512/1896
f 3101/1513/1897 3102/1477/1875 3103/1514/1897
f 3102/1477/1875 3101/1513/1897 3104/1478/1876
f 3105/1480/1879 3106/1513/1897 3107/1479/1898
f 3107/1479/1898 3106/1513/1897 3108/1514/1897
f 3109/1515/1899 3110/1463/1900 3111/1462/1005
f 3112/1516/1901 3113/1459/1902 3114/1461/1903
f 3115/1517/1440 3116/1518/1490 3117/1519/1489
f 3118/1520/1454 3119/1521/1441 3120/1522/1803
f 3122/1523/1904 3123/1489/1880 3121/1524/1905
f 3123/1489/1880 3122/1523/1904 3124/1487/1880
f 3125/1525/1906 3126/1526/1907 3127/1527/1906
f 3126/1526/1907 3125/1525/1906 3128/1495/1908
f 3129/1508/1909 3130/1525/1906 3131/1509/1910
f 3131/1509/1910 3130/1525/1906 3132/1527/1906
f 3133/1528/1112 3134/1492/1883 3135/1529/1110
f 3136/1491/1883 3135/1529/1110 3134/1492/1883
f 3137/1530/1911 3138/1374/1912 3139/1373/1913
f 3138/1374/1912 3137/1530/1911 3140/1531/1912
f 3141/1374/1914 3142/1532/251 3143/1378/1915
f 3142/1532/251 3141/1374/1914 3144/1531/1914
f 3145/1533/194 3146/1518/254 3147/1534/189
f 3148/1520/196 3149/1535/1841 3150/1536/211
f 3153/1537/1916 3152/1538/1917 3151/1357/1918
f 3153/1537/1916 3151/1357/1918 3154/1539/1919
f 3155/1540/1440 3156/1497/1448 3157/1541/1489
f 3158/1499/1454 3159/1542/1453 3160/1543/1803
f 3161/1358/1914 3162/1544/1920 3163/1349/1920
f 3162/1544/1920 3161/1358/1914 3164/1545/1921
f 3165/1546/1922 3166/1358/1912 3167/1345/1923
f 3166/1358/1912 3165/1546/1922 3168/1545/1924
f 3169/1547/1925 3171/1345/1923 3170/1347/1926
f 3171/1345/1923 3169/1547/1925 3172/1546/1922
f 3174/1352/1139 3175/1349/1927 3173/1548/1137
f 3176/1544/1928 3173/1548/1137 3175/1349/1927
f 3177/1549/194 3178/1482/254 3179/1550/189
f 3180/1484/196 3181/1551/1841 3182/1552/192
f 3183/1553/1440 3184/1442/1490 3185/1554/1489
f 3186/1444/1454 3187/1555/1453 3188/1556/1803
f 3189/1557/1929 3190/1340/1930 3191/1339/1931
f 3190/1340/1930 3189/1557/1929 3192/1558/1930
f 3193/1340/1930 3194/1559/1932 3195/1344/1933
f 3194/1559/1932 3193/1340/1930 3196/1558/1930
f 3197/1560/194 3198/1434/254 3199/1561/189
f 3200/1436/196 3201/1562/1841 3202/1563/211
f 3203/1564/1934 3205/1319/1935 3204/1321/1936
f 3205/1319/1935 3203/1564/1934 3206/1565/1935
f 3208/1318/1174 3209/1315/1937 3207/1566/1172
f 3210/1567/1937 3207/1566/1172 3209/1315/1937
f 3211/1565/1935 3212/1323/1938 3213/1319/1935
f 3212/1323/1938 3211/1565/1935 3214/1568/1938
f 3215/1323/1938 3216/1567/1937 3217/1315/1937
f 3216/1567/1937 3215/1323/1938 3218/1568/1938
f 3219/1420/1210 3220/1569/1201 3221/1570/1939
f 3220/1569/1201 3219/1420/1210 3222/1571/1202
f 3223/1569/1940 3224/1572/1941 3225/1423/1942
f 3223/1569/1940 3225/1423/1942 3226/1570/1943
f 3227/1573/1944 3228/1574/1945 3229/1575/1946
f 3228/1574/1945 3227/1573/1944 3230/1576/1945
f 3231/1574/1947 3232/1577/1948 3233/1578/1948
f 3231/1574/1947 3233/1578/1948 3234/1575/1949
f 3235/1579/1950 3236/1580/1814 3237/1581/1951
f 3237/1581/1951 3236/1580/1814 3238/1582/1814
f 3239/1580/1814 3240/1583/1952 3241/1582/1953
f 3240/1583/1952 3239/1580/1814 3242/1584/1954
f 3243/1585/1440 3244/1425/1490 3245/1586/1489
f 3246/1427/1454 3247/1587/1453 3248/1588/1803
f 3249/1589/1955 3250/1579/1950 3251/1581/1950
f 3250/1579/1950 3249/1589/1955 3252/1590/1956
f 3253/1390/196 3254/1591/1957 3255/1592/211
f 3256/1593/194 3257/1388/254 3258/1594/189
f 3259/1584/1954 3260/1595/1958 3261/1583/1954
f 3260/1595/1958 3259/1584/1954 3262/1596/1196
f 3263/1597/1959 3264/1598/1960 3265/1599/1959
f 3264/1598/1960 3263/1597/1959 3266/1600/1961
f 3264/1598/1960 3267/1600/1961 3268/1386/1962
f 3269/1601/1963 3264/1598/1960 3268/1386/1962
f 3270/1502/1165 3271/1602/1964 3272/1603/1965
f 3274/1507/1966 3273/1603/1967 3275/1602/1968
f 3276/1604/1440 3277/1380/1451 3278/1605/1489
f 3279/1382/1454 3280/1606/1453 3281/1607/1803
f 3282/1608/194 3283/1361/254 3284/1609/189
f 3285/1370/196 3286/1610/1841 3287/1611/192
f 3288/1612/1969 3289/1471/1230 3290/1468/1193
f 3289/1471/1230 3288/1612/1969 3291/1613/1231
f 3292/1612/1970 3293/1476/1971 3294/1613/1645
f 3292/1612/1970 3295/1475/1972 3293/1476/1971
f 3296/1597/1959 3297/1537/1919 3298/1539/1919
f 3297/1537/1919 3296/1597/1959 3299/1599/1973
f 3300/1614/1974 3301/1450/1975 3302/1447/1975
f 3301/1450/1975 3300/1614/1974 3303/1615/1975
f 3304/1614/1976 3305/1451/1977 3306/1615/1977
f 3304/1614/1976 3307/1452/1977 3305/1451/1977
f 3308/1576/1978 3309/1616/1979 3310/1617/1978
f 3311/1573/1978 3309/1616/1979 3308/1576/1978
f 3312/1616/1980 3313/1577/1981 3314/1617/1981
f 3312/1616/1980 3315/1578/1981 3313/1577/1981
f 3316/1306/1982 3317/1618/1982 3318/1619/1983
f 3316/1306/1982 3318/1619/1983 3319/1309/1984
f 3320/1311/1985 3321/1620/1986 3322/1306/1982
f 3321/1620/1986 3323/1618/1982 3322/1306/1982
f 3324/1298/1987 3325/1621/1987 3326/1622/1988
f 3324/1298/1987 3326/1622/1988 3327/1301/1932
f 3328/1303/1989 3329/1623/1990 3330/1298/1987
f 3329/1623/1990 3331/1621/1987 3330/1298/1987
f 3332/1292/1987 3333/1624/1987 3334/1625/1991
f 3332/1292/1987 3334/1625/1991 3335/1295/1992
f 3336/1297/1993 3337/1626/1994 3338/1292/1987
f 3337/1626/1994 3339/1624/1987 3338/1292/1987
f 3340/1278/1930 3341/1627/1930 3342/1628/1995
f 3340/1278/1930 3342/1628/1995 3343/1281/1996
f 3344/1283/1997 3345/1629/1998 3346/1278/1930
f 3345/1629/1998 3347/1627/1930 3346/1278/1930
f 3348/1273/1999 3349/1630/1999 3350/1631/2000
f 3348/1273/1999 3350/1631/2000 3351/1275/2001
f 3352/1277/2002 3353/1632/2003 3354/1273/2004
f 3353/1632/2003 3355/1630/2004 3354/1273/2004
f 3357/1633/10 3358/1634/1712 3356/1635/2005
f 3359/1636/66 3360/1637/2006 3361/1638/28
f 3362/1639/2007 3363/1640/1323 3364/1641/1349
f 3363/1640/1323 3362/1639/2007 3365/1642/2008
f 3366/1643/1728 3367/1644/2009 3368/1645/55
f 3367/1644/2009 3366/1643/1728 3369/1646/2010
f 3370/1647/2011 3371/1648/1335 3372/1649/2012
f 3371/1648/1335 3370/1647/2011 3373/1650/2013
f 3374/1651/2014 3375/1652/2015 3376/1653/2016
f 3377/1654/70 3378/1655/70 3379/1656/70
f 3380/1638/2017 3381/1657/76 3382/1636/526
f 3383/1658/2018 3384/1652/2019 3385/1651/2020
f 3384/1652/2019 3383/1658/2018 3386/1659/2021
f 3387/1660/2022 3388/1661/2023 3389/1651/2024
f 3388/1661/2023 3387/1660/2022 3390/1662/2025
f 3391/1647/2026 3392/1649/2027 3393/1663/2028
f 3394/1664/2029 3395/1665/2030 3396/1666/2031
f 3395/1665/2030 3394/1664/2029 3397/1667/2032
f 3398/1668/2033 3399/1651/2024 3400/1658/2034
f 3399/1651/2024 3398/1668/2033 3401/1660/2035
f 3402/1669/87 3403/1670/65 3404/1671/2036
f 3404/1671/2036 3405/1672/2037 3402/1669/87
f 3406/1673/2038 3402/1669/87 3405/1672/2037
f 3406/1673/2039 3407/1672/2040 3408/1674/2041
f 3409/1675/2042 3410/1676/88 3411/1677/89
f 3410/1676/88 3409/1675/2042 3412/1678/2043
f 3413/1679/2044 3414/1680/2045 3415/1681/2046
f 3416/1658/2047 3417/1682/2048 3418/1659/2049
f 3421/1683/2050 3420/1684/1393 3419/1685/1393
f 3419/1685/1393 3422/1686/2051 3421/1683/2050
f 3423/1668/2052 3424/1658/2053 3425/1682/2054
f 3426/1687/2055 3427/1688/1399 3428/1689/2056
f 3427/1688/1399 3426/1687/2055 3429/1690/2057
f 3430/1664/2058 3431/1666/2059 3432/1691/2060
f 3433/1687/2061 3434/1689/2056 3435/1692/2062
f 3437/1693/1524 3438/1694/2063 3436/1695/1408
f 3436/1695/1408 3438/1694/2063 3439/1696/2064
f 3442/1697/2065 3441/1698/1753 3440/1699/2066
f 3442/1697/2065 3440/1699/2066 3443/1700/2067
f 3444/1701/2068 3445/1702/2069 3446/1703/2070
f 3445/1702/2069 3447/1704/2069 3446/1703/2070
f 3448/1705/2071 3449/1706/2072 3450/1707/2073
f 3451/1708/2074 3452/1680/2075 3453/1679/2076
f 3454/1709/2077 3455/1701/2068 3456/1710/2078
f 3455/1701/2068 3457/1703/2070 3456/1710/2078
f 3458/1711/2079 3459/1712/2080 3460/1713/2081
f 3459/1712/2080 3458/1711/2079 3461/1714/142
f 3462/1715/2082 3463/1716/2083 3464/1717/2084
f 3462/1715/2082 3465/1718/150 3466/1716/2085
f 3465/1718/150 3467/1719/2086 3466/1716/2085
f 3468/1720/151 3465/1718/2087 3469/1721/105
f 3470/1722/95 3471/1723/96 3472/1724/2088
f 3471/1723/96 3473/1725/2089 3472/1724/2088
f 3474/1726/2090 3475/1727/2091 3476/1728/2092
f 3475/1727/2091 3477/1729/2093 3476/1728/2092
f 3479/1730/1763 3478/1731/74 3481/1732/75
f 3482/1733/2094 3480/1734/2095 3483/1730/1763
f 3484/1735/2096 3485/1736/2097 3486/1737/2098
f 3485/1736/2097 3484/1735/2096 3487/1738/2096
f 3488/1739/2099 3489/1740/1839 3490/1741/1839
f 3489/1740/1839 3488/1739/2099 3491/1742/2099
f 3492/1727/2100 3493/1743/1838 3494/1729/2101
f 3493/1743/1838 3495/1744/1840 3494/1729/2101
f 3496/1745/2102 3497/1746/2103 3498/1747/2104
f 3499/1700/2105 3500/1748/2106 3501/1697/2107
f 3502/1749/2108 3503/1750/2109 3504/1751/2110
f 3503/1750/2109 3502/1749/2108 3505/1752/1892
f 3506/1749/2111 3504/1751/2110 3507/1753/2112
f 3508/1754/2113 3506/1749/2111 3507/1753/2112
f 3509/1675/2114 3510/1755/2115 3511/1678/2116
f 3512/1756/2117 3513/1757/2118 3514/1758/2119
f 3512/1756/2117 3515/1759/2120 3513/1757/2118
f 3517/1760/1524 3518/1761/2121 3516/1762/1408
f 3516/1762/1408 3518/1761/2121 3519/1763/2122
f 3519/1763/2122 3520/1761/2123 3521/1764/2124
f 3522/1765/2125 3523/1766/2080 3524/1767/2126
f 3523/1766/2080 3522/1765/2125 3525/1768/142
f 3526/1758/2127 3527/1769/2128 3528/1756/2117
f 3531/1770/2129 3530/1771/2130 3529/1772/2131
f 3531/1770/2129 3529/1772/2131 3532/1773/2117
f 3534/1774/1524 3535/1775/2132 3533/1776/1408
f 3533/1776/1408 3535/1775/2132 3536/1777/2133
f 3537/1778/2134 3538/1779/2135 3539/1780/2136
f 3540/1709/2077 3541/1779/2137 3537/1778/2138
f 3542/1710/2139 3541/1779/2137 3540/1709/2077
f 3543/1773/2117 3544/1781/2140 3545/1770/2141
f 3546/1782/2142 3547/1783/2143 3548/1784/2144
f 3548/1784/2144 3549/1785/2145 3546/1782/2142
f 3547/1783/2146 3550/1706/2147 3551/1705/2071
f 3552/1782/2148 3550/1706/2147 3547/1783/2146
f 3549/1785/2145 3554/1784/2144 3553/1786/1797
f 3555/1787/2149 3556/1746/2150 3557/1788/2151
f 3557/1788/2151 3556/1746/2150 3558/1745/2152
f 3560/1789/186 3561/1725/2153 3559/1790/1902
f 3562/1791/2154 3563/1792/2080 3564/1793/2155
f 3563/1792/2080 3562/1791/2154 3565/1794/142
f 3566/1795/2156 3567/1796/1458 3568/1797/2157
f 3566/1795/2156 3569/1798/2158 3567/1796/1458
f 3570/1799/2159 3571/1800/1467 3572/1758/2160
f 3573/1696/2161 3574/1694/2162 3575/1801/2163
f 3576/1711/2164 3577/1713/2125 3578/1802/2165
f 3579/1797/2157 3580/1803/2166 3581/1795/2167
f 3582/1804/2168 3583/1805/2169 3584/1806/2170
f 3582/1804/2171 3585/1754/2113 3586/1805/2172
f 3585/1754/2113 3587/1753/2173 3586/1805/2172
f 3589/1807/1524 3590/1808/2174 3588/1809/1408
f 3588/1809/1408 3590/1808/2174 3591/1810/2175
f 3592/1811/2176 3593/1724/2177 3594/1725/2178
f 3592/1811/2176 3594/1725/2178 3595/1790/2176
f 3596/1799/2179 3597/1758/2160 3598/1769/2180
f 3599/1765/2081 3600/1767/2181 3601/1812/2182
f 3602/1813/2183 3603/1783/2184 3604/1814/2185
f 3605/1784/2186 3604/1814/2185 3603/1783/2184
f 3603/1783/2184 3602/1813/2183 3606/1705/1812
f 3607/1815/2079 3608/1816/2080 3609/1817/2081
f 3608/1816/2080 3607/1815/2079 3610/1818/142
f 3611/1635/2187 3612/1819/2188 3613/1634/2189
f 3612/1819/2188 3611/1635/2187 3614/1820/2190
f 3615/1821/1833 3616/1822/2191 3617/1823/2192
f 3618/1740/1839 3619/1743/1838 3620/1741/1839
f 3621/1824/2193 3622/1825/2194 3623/1787/2195
f 3621/1824/2193 3623/1787/2195 3624/1788/2196
f 3625/1777/2197 3626/1775/2132 3627/1826/2198
f 3629/1827/1514 3628/1685/615 3630/1686/2199
f 3631/1828/2200 3632/1724/2201 3633/1829/2202
f 3632/1724/2201 3631/1828/2200 3634/1722/2203
f 3636/1830/1524 3637/1831/2204 3635/1832/1408
f 3635/1832/1408 3637/1831/2204 3638/1833/2205
f 3638/1833/2205 3639/1831/2206 3640/1834/2207
f 3641/1791/2208 3642/1793/2209 3643/1835/2210
f 3644/1831/2125 3645/1836/2080 3646/1837/2211
f 3645/1836/2080 3644/1831/2125 3647/1830/2212
f 3650/1824/1533 3649/1838/1533 3648/1788/1532
f 3651/1810/2213 3652/1808/2214 3653/1839/2215
f 3654/1840/2216 3655/1823/2217 3656/1841/1547
f 3657/1815/2164 3658/1817/2081 3659/1842/2218
f 3662/1788/2219 3661/1843/2220 3660/1745/1559
f 3664/1818/1524 3665/1815/2221 3663/1844/1408
f 3663/1844/1408 3665/1815/2221 3666/1845/2133
f 3666/1845/2133 3667/1815/2222 3668/1842/2223
f 3669/1808/2224 3670/1846/2080 3671/1847/2225
f 3670/1846/2080 3669/1808/2224 3672/1807/2212
f 3674/1840/647 3673/1821/646 3675/1823/2226
f 3676/1831/2081 3677/1837/2227 3678/1834/2228
f 3679/1746/2229 3680/1848/2230 3681/1849/2231
f 3680/1848/2230 3679/1746/2229 3682/1787/2232
f 3679/1746/2229 3681/1849/2231 3683/1747/2233
f 3685/1794/1524 3686/1791/2234 3684/1850/1408
f 3684/1850/1408 3686/1791/2234 3687/1851/2235
f 3688/1795/2236 3689/1803/2237 3690/1852/2238
f 3691/1775/2079 3692/1853/2080 3693/1854/2239
f 3692/1853/2080 3691/1775/2079 3694/1774/142
f 3695/1808/2240 3696/1847/2208 3697/1839/2241
f 3698/1795/2236 3699/1855/2242 3700/1798/2243
f 3699/1855/2242 3698/1795/2236 3701/1852/2244
f 3702/1856/1904 3703/1683/2245 3704/1857/2246
f 3703/1683/2245 3702/1856/1904 3705/1684/1905
f 3706/1851/2247 3707/1791/2248 3708/1835/2249
f 3709/1787/2250 3710/1858/2251 3711/1848/2230
f 3710/1858/2251 3709/1787/2250 3712/1825/1627
f 3713/1770/2252 3714/1781/2253 3715/1859/2254
f 3716/1775/2164 3717/1854/2255 3718/1826/2256
f 3719/1679/2257 3720/1860/2258 3721/1861/2259
f 3720/1860/2258 3719/1679/2257 3722/1681/2260
f 3724/1733/2261 3723/1862/2262 3725/1734/2263
f 3726/1863/2264 3727/1706/2265 3728/1782/2266
f 3727/1706/2265 3726/1863/2264 3729/1864/736
f 3731/1768/1524 3732/1765/2267 3730/1865/1408
f 3730/1865/1408 3732/1765/2267 3733/1866/2268
f 3733/1866/2269 3734/1765/2267 3735/1812/2270
f 3737/1838/2271 3736/1848/745 3738/1843/2272
f 3739/1761/2273 3740/1867/2274 3741/1868/2275
f 3740/1867/2274 3739/1761/2273 3742/1760/2212
f 3743/1770/2276 3744/1869/1925 3745/1771/2277
f 3744/1869/1925 3743/1770/2276 3746/1859/2254
f 3747/1829/2278 3748/1811/2279 3749/1870/2279
f 3748/1811/2279 3750/1871/2280 3749/1870/2279
f 3748/1811/2279 3747/1829/2278 3751/1724/2281
f 3752/1756/2254 3753/1769/2282 3754/1872/2283
f 3755/1761/2284 3756/1868/2285 3757/1764/2286
f 3758/1697/2287 3759/1748/2288 3760/1873/2287
f 3761/1756/2289 3762/1874/2290 3763/1759/2291
f 3762/1874/2290 3761/1756/2289 3764/1872/2292
f 3765/1753/2293 3766/1751/2294 3767/1875/2092
f 3766/1751/2294 3768/1876/2294 3767/1875/2092
f 3769/1703/695 3770/1704/2295 3771/1877/2296
f 3770/1704/2295 3772/1878/2295 3771/1877/2296
f 3774/1714/1524 3775/1711/2221 3773/1879/1408
f 3773/1879/1408 3775/1711/2221 3776/1880/2297
f 3776/1880/2298 3777/1711/2222 3778/1802/2299
f 3779/1694/2300 3780/1881/2080 3781/1882/2225
f 3780/1881/2080 3779/1694/2300 3782/1693/2212
f 3783/1876/2294 3784/1751/2294 3785/1750/2301
f 3785/1750/2301 3786/1883/2302 3783/1876/2294
f 3787/1694/2303 3788/1882/2208 3789/1801/2304
f 3790/1697/2305 3791/1884/1934 3792/1698/2306
f 3791/1884/1934 3790/1697/2305 3793/1873/2305
f 3794/1736/2307 3795/1885/2308 3796/1737/2309
f 3795/1885/2308 3794/1736/2307 3797/1886/2307
f 3798/1782/2310 3799/1887/2311 3800/1863/2264
f 3799/1887/2311 3798/1782/2310 3801/1785/2312
f 3803/1814/762 3802/1863/2313 3804/1813/2314
f 3805/1864/1610 3804/1813/2314 3806/1863/2313
f 3807/1719/2315 3808/1720/2316 3809/1888/2317
f 3808/1720/2316 3810/1889/2318 3809/1888/2317
f 3812/1789/2319 3811/1870/2320 3813/1829/1655
f 3814/1849/2321 3815/1843/1622 3816/1848/2322
f 3817/1872/2323 3818/1799/2324 3819/1769/2325
f 3820/1889/2318 3821/1720/2326 3822/1890/2327
f 3822/1890/2327 3823/1891/2328 3820/1889/2318
f 3824/1892/2329 3826/1679/2330 3825/1861/2331
f 3827/1708/2074 3826/1679/2330 3824/1892/2329
f 3829/1675/2332 3828/1677/1956 3830/1893/1955
f 3829/1675/2332 3830/1893/1955 3831/1894/2333
f 3832/1895/1940 3833/1739/2334 3834/1741/2335
f 3833/1739/2334 3832/1895/1940 3835/1896/2334
f 3836/1671/2336 3837/1670/2337 3838/1897/2338
f 3837/1670/2337 3839/1898/2339 3838/1897/2338
f 3840/1899/2340 3841/1743/1942 3842/1727/2341
f 3841/1743/1942 3840/1899/2340 3843/1900/1943
f 3844/1899/2340 3842/1727/2341 3845/1726/2112
f 3846/1901/2113 3844/1899/2340 3845/1726/2112
f 3847/1902/349 3848/1799/351 3849/1872/2342
f 3850/1903/2343 3851/1904/2343 3852/1905/2343
f 3851/1904/2343 3850/1903/2343 3853/1906/2343
f 3854/1894/2344 3855/1755/2345 3856/1675/2346
f 3857/1885/1967 3858/1750/2301 3859/1737/2347
f 3860/1907/2168 3861/1908/2169 3862/1909/2348
f 3860/1907/2168 3863/1901/2113 3864/1908/2172
f 3863/1901/2113 3865/1726/2173 3864/1908/2172
f 3866/1910/1646 3867/1911/2349 3868/1912/2350
f 3869/1913/2351 3870/1687/2352 3871/1692/2353
f 3872/1914/804 3873/1915/2354 3874/1633/2355
f 3876/1857/2356 3877/1827/407 3875/1916/2357
f 3877/1827/407 3876/1857/2356 3878/1856/2358
f 3879/1917/2359 3880/1664/2360 3881/1691/2361
f 3884/1687/2362 3883/1918/394 3882/1690/392
f 3884/1687/2362 3885/1913/2363 3883/1918/394
f 3886/1898/2364 3887/1670/2339 3888/1919/2365
f 3888/1919/2365 3889/1920/2366 3886/1898/2364
f 3890/1668/2367 3891/1921/2368 3892/1660/2369
f 3890/1668/2367 3893/1922/2370 3891/1921/2368
f 3893/1922/2371 3894/1668/2372 3895/1682/2373
f 3896/1664/2374 3897/1923/2375 3898/1667/2376
f 3896/1664/2374 3899/1917/2377 3897/1923/2375
f 3900/1660/2378 3901/1924/2379 3902/1662/2380
f 3901/1924/2379 3900/1660/2378 3903/1921/2113
f 3904/1925/2381 3905/1647/2382 3906/1663/2383
f 3907/1656/2384 3908/1655/2384 3909/1926/2384
f 3910/1659/2385 3911/1682/2386 3912/1922/2387
f 3913/1647/2382 3914/1927/450 3915/1650/448
f 3913/1647/2382 3916/1925/2388 3914/1927/450
f 3917/1639/2389 3918/1928/442 3919/1642/2390
f 3917/1639/2389 3920/1929/2391 3918/1928/442
f 3921/1922/2392 3922/1652/2393 3923/1659/2385
f 3921/1922/2392 3924/1921/2394 3922/1652/2393
f 3927/1652/2395 3926/1921/477 3925/1653/471
f 3929/1930/1695 3928/1931/2396 3930/1932/1694
f 3933/1644/2397 3932/1646/2398 3931/1931/1698
f 3933/1644/2397 3931/1931/1698 3934/1932/2399
f 3935/1820/2400 3936/1933/2400 3937/1819/2401
f 3936/1933/2400 3938/1914/2402 3937/1819/2401
usemtl Meshpart1Mtl
f 3939/1934/2403 3940/1935/2404 3941/1936/2405
f 3940/1935/2404 3939/1934/2403 3942/1937/2406
f 3943/1938/2407 3941/1936/2405 3940/1935/2404
f 3941/1936/2405 3943/1938/2407 3944/1939/2408
f 3945/1940/2409 3944/1939/2408 3943/1938/2407
f 3944/1939/2408 3945/1940/2409 3946/1941/2410
f 3947/1942/2411 3948/1943/2412 3949/1944/2411
f 3947/1942/2411 3949/1944/2411 3950/1945/2411
f 3951/1946/2411 3948/1943/2412 3947/1942/2411
f 3948/1943/2412 3951/1946/2411 3952/1947/2411
f 3949/1944/2411 3948/1943/2412 3953/1948/2411
f 3953/1948/2411 3948/1943/2412 3954/1949/2413
f 3954/1949/2413 3955/1950/2411 3953/1948/2411
f 3955/1950/2411 3954/1949/2413 3956/1951/2411
f 3957/1952/2411 3953/1948/2411 3955/1950/2411
f 3953/1948/2411 3957/1952/2411 3958/1953/2411
f 3959/1954/2414 3961/1955/2415 3960/1956/2414
f 3962/1957/2415 3961/1955/2415 3959/1954/2414
f 3963/1958/2416 3964/1959/2417 3965/1960/2418
f 3964/1959/2417 3963/1958/2416 3966/1961/2419
f 3967/1962/2420 3969/1961/2421 3968/1963/2422
f 3969/1961/2421 3967/1962/2420 3970/1959/2423
f 3971/1964/2424 3972/1965/2424 3973/1966/2425
f 3973/1966/2425 3972/1965/2424 3974/1967/2425
f 3975/1968/2424 3976/1969/2424 3977/1970/2425
f 3977/1970/2425 3976/1969/2424 3978/1971/2425
f 3979/1972/2426 3980/1973/2426 3981/1957/2427
f 3981/1957/2427 3980/1973/2426 3982/1955/2427
f 3983/1974/2411 3984/1975/2411 3985/1976/2411
f 3984/1975/2411 3983/1974/2411 3986/1977/2428
f 3987/1978/2429 3983/1974/2411 3988/1979/2411
f 3989/1980/2430 3983/1974/2411 3987/1978/2429
f 3990/1981/2411 3986/1977/2428 3983/1974/2411
f 3989/1980/2430 3990/1981/2411 3983/1974/2411
f 3986/1977/2428 3990/1981/2411 3991/1982/2431
f 3990/1981/2411 3989/1980/2430 3992/1983/2432
f 3990/1981/2411 3992/1983/2432 3993/1984/2433
f 3994/1985/2434 3995/1986/2434 3996/1987/2435
f 3995/1986/2434 3994/1985/2434 3997/1988/2436
f 3997/1988/2436 3994/1985/2434 3998/1989/2411
f 3997/1988/2436 3999/1990/2436 3995/1986/2434
f 3995/1986/2434 3999/1990/2436 4000/1991/2411
f 3999/1990/2436 3997/1988/2436 4001/1992/2437
f 4002/1993/2438 4003/1994/2439 4004/1995/2440
f 4007/1996/2441 4004/1995/2440 4003/1994/2439
f 4004/1995/2440 4007/1996/2441 4006/1997/2442
f 4005/1998/2443 4006/1997/2442 4007/1996/2441
f 4008/1999/2444 4009/2000/2445 4010/2001/2444
f 4009/2000/2445 4008/1999/2444 4011/2002/2446
f 4010/2001/2444 4012/2003/2447 4008/1999/2444
f 4012/2003/2447 4010/2001/2444 4013/2004/2448
f 4014/2005/2449 4015/2006/2450 4016/2007/2451
f 4016/2007/2451 4017/2008/2452 4014/2005/2449
f 4015/2006/2450 4018/2009/2453 4016/2007/2451
f 4014/2005/2449 4017/2008/2452 4019/2010/2454
f 4018/2009/2453 4015/2006/2450 4020/2011/2455
f 4021/2012/2456 4019/2010/2454 4017/2008/2452
f 4022/2013/2444 4023/2014/2444 4024/2015/2444
f 4024/2015/2444 4025/2016/2444 4022/2013/2444
f 4026/2017/2457 4027/2018/2458 4028/2019/2444
f 4026/2017/2457 4028/2019/2444 4029/2020/2444
f 4029/2020/2444 4028/2019/2444 4030/2021/2459
f 4029/2020/2444 4030/2021/2459 4031/2022/2460
f 4033/2023/2461 4034/2024/2462 4032/2025/2461
f 4033/2023/2461 4035/2026/2462 4034/2024/2462
f 4036/2027/2463 4037/2028/2464 4038/2029/2465
f 4037/2028/2464 4036/2027/2463 4039/2030/2466
f 4038/2029/2465 4040/2031/2467 4036/2027/2463
f 4040/2031/2467 4038/2029/2465 4041/2032/2468
f 4042/2033/2469 4043/2034/2444 4044/2035/2470
f 4043/2034/2444 4042/2033/2469 4045/2036/2444
f 4045/2036/2444 4046/2037/2471 4043/2034/2444
f 4046/2037/2471 4045/2036/2444 4047/2038/2472
f 4048/2039/2473 4050/2040/2474 4049/2041/2473
f 4048/2039/2473 4051/2042/2474 4050/2040/2474
f 4052/2043/2473 4054/2044/2474 4053/2045/2473
f 4052/2043/2473 4055/2046/2474 4054/2044/2474
f 4058/2047/2475 4057/2048/2476 4056/2049/2471
f 4057/2048/2476 4058/2047/2475 4059/1995/2477
f 4060/2050/2478 4059/1995/2477 4058/2047/2475
f 4059/1995/2477 4060/2050/2478 4061/2051/2479
f 4062/2052/2480 4064/2053/2481 4063/2054/2480
f 4065/2055/2481 4064/2053/2481 4062/2052/2480
f 4067/2056/2482 4068/2057/2483 4066/2058/2484
f 4068/2057/2483 4067/2056/2482 4069/2059/2485
f 4069/2059/2485 4070/2060/2486 4068/2057/2483
f 4070/2060/2486 4069/2059/2485 4071/2061/2487
f 4072/2062/2488 4073/2063/2489 4074/2064/2490
f 4075/2065/2491 4074/2064/2490 4073/2063/2489
f 4074/2064/2490 4075/2065/2491 4076/2066/2492
f 4077/2067/2493 4076/2066/2492 4075/2065/2491
f 4078/2068/2494 4079/2069/2495 4080/2070/2494
f 4079/2069/2495 4078/2068/2494 4081/2071/2495
f 4082/2072/2496 4078/2068/2494 4080/2070/2494
f 4083/2073/2496 4078/2068/2494 4082/2072/2496
f 4084/2074/2497 4083/2073/2496 4082/2072/2496
f 4085/2075/2497 4083/2073/2496 4084/2074/2497
f 4088/2076/2498 4086/2077/2499 4087/2078/2500
f 4086/2077/2499 4088/2076/2498 4089/2079/2498
f 4091/2080/2501 4092/2081/2498 4090/2082/2502
f 4092/2081/2498 4091/2080/2501 4093/2083/2498
f 4096/2084/2503 4095/2085/2504 4094/2086/2505
f 4096/2084/2503 4097/2087/2506 4095/2085/2504
f 4098/2083/2507 4099/2076/2508 4100/2081/2509
f 4099/2076/2508 4098/2083/2507 4101/2079/2510
f 4102/2088/2498 4103/2089/2498 4104/2090/2498
f 4102/2088/2498 4104/2090/2498 4105/2091/2498
f 4106/2092/2498 4103/2089/2498 4102/2088/2498
f 4103/2089/2498 4106/2092/2498 4107/2093/2498
f 4108/2094/2498 4109/2095/2498 4110/2096/2498
f 4108/2094/2498 4110/2096/2498 4111/2097/2498
f 4112/2098/2498 4109/2095/2498 4108/2094/2498
f 4109/2095/2498 4112/2098/2498 4113/2099/2498
f 4114/2100/2498 4115/2101/2498 4116/2102/2498
f 4117/2103/2498 4116/2102/2498 4115/2101/2498
f 4118/2104/2498 4119/2105/2498 4120/2106/2511
f 4121/2107/2512 4120/2106/2511 4119/2105/2498
f 4122/2108/2513 4119/2105/2498 4118/2104/2498
f 4119/2105/2498 4122/2108/2513 4123/2109/2513
f 4124/2110/2498 4125/2111/2498 4126/2112/2498
f 4127/2113/2498 4126/2112/2498 4125/2111/2498
f 4128/2087/2514 4129/2084/2515 4130/2114/2516
f 4131/2115/2516 4130/2114/2516 4129/2084/2515
f 4130/2114/2516 4131/2115/2516 4132/2116/2517
f 4133/2117/2518 4132/2116/2517 4131/2115/2516
f 4134/2118/2519 4135/2119/2520 4136/2116/2521
f 4134/2118/2519 4136/2116/2521 4137/2117/2519
f 4138/2120/2522 4139/2121/2523 4140/2122/2524
f 4141/2123/2525 4140/2122/2524 4139/2121/2523
f 4140/2122/2524 4141/2123/2525 4142/2124/2526
f 4143/2125/2482 4142/2124/2526 4141/2123/2525
f 4144/2126/2527 4145/2127/2528 4146/2128/2516
f 4144/2126/2527 4146/2128/2516 4147/2059/2529
f 4147/2059/2529 4146/2128/2516 4148/2129/2471
f 4147/2059/2529 4148/2129/2471 4149/2130/2530
f 4150/2131/2531 4151/1988/2532 4152/1992/2533
f 4153/1990/2532 4150/2131/2531 4152/1992/2533
f 4151/1988/2532 4150/2131/2531 4154/2132/2534
f 4150/2131/2531 4153/1990/2532 4155/2133/2534
f 4156/2134/2533 4151/1988/2532 4154/2132/2534
f 4157/2135/2533 4155/2133/2534 4153/1990/2532
f 4151/1988/2532 4156/2134/2533 4158/1989/2533
f 4153/1990/2532 4159/1991/2533 4157/2135/2533
f 4156/2134/2533 4160/1985/2535 4158/1989/2533
f 4161/1986/2535 4157/2135/2533 4159/1991/2533
f 4160/1985/2535 4156/2134/2533 4162/2136/2536
f 4157/2135/2533 4161/1986/2535 4163/2137/2536
f 4164/2138/2537 4160/1985/2535 4162/2136/2536
f 4161/1986/2535 4164/2138/2537 4163/2137/2536
f 4160/1985/2535 4164/2138/2537 4165/1987/2533
f 4161/1986/2535 4165/1987/2533 4164/2138/2537
f 4166/2132/2538 4169/2136/2539 4167/2134/2540
f 4170/2133/2541 4166/2132/2538 4168/2131/2542
f 4170/2133/2541 4169/2136/2539 4166/2132/2538
f 4172/2137/2543 4170/2133/2541 4171/2135/2544
f 4170/2133/2541 4172/2137/2543 4169/2136/2539
f 4169/2136/2539 4172/2137/2543 4173/2138/2545
f 4174/2139/2533 4175/2140/2533 4176/2141/2533
f 4177/2142/2533 4176/2141/2533 4175/2140/2533
f 4176/2141/2533 4177/2142/2533 4178/2143/2533
f 4177/2142/2533 4175/2140/2533 4179/2144/2533
f 4179/2144/2533 4175/2140/2533 4180/2145/2533
f 4177/2142/2533 4179/2144/2533 4181/2146/2533
f 4182/1975/2546 4183/1974/2547 4184/1977/2548
f 4183/1974/2547 4182/1975/2546 4185/1976/2533
f 4186/1981/2533 4184/1977/2548 4183/1974/2547
f 4184/1977/2548 4186/1981/2533 4187/1982/2533
f 4188/1978/2549 4183/1974/2547 4189/1979/2533
f 4190/1980/2550 4183/1974/2547 4188/1978/2549
f 4190/1980/2550 4186/1981/2533 4183/1974/2547
f 4186/1981/2533 4190/1980/2550 4191/1983/2533
f 4186/1981/2533 4191/1983/2533 4192/1984/2533
f 4193/1956/2551 4194/1954/2552 4195/1955/2553
f 4195/1955/2553 4194/1954/2552 4196/1957/2554
f 4198/1958/2555 4199/1959/2556 4197/1960/2557
f 4200/1961/2558 4199/1959/2556 4198/1958/2555
f 4201/1963/2559 4202/1962/2560 4203/1961/2561
f 4203/1961/2561 4202/1962/2560 4204/1959/2562
f 4207/1965/2563 4208/1966/2564 4205/1964/2563
f 4206/1967/2564 4208/1966/2564 4207/1965/2563
f 4211/1969/2563 4212/1970/2564 4209/1968/2563
f 4210/1971/2564 4212/1970/2564 4211/1969/2563
f 4214/1973/2565 4215/1957/2566 4213/1972/2567
f 4216/1955/2568 4215/1957/2566 4214/1973/2565
f 4217/1943/2569 4218/1946/2533 4219/1947/2533
f 4218/1946/2533 4217/1943/2569 4220/1942/2533
f 4220/1942/2533 4217/1943/2569 4221/1944/2533
f 4220/1942/2533 4221/1944/2533 4222/1945/2533
f 4221/1944/2533 4217/1943/2569 4223/1948/2533
f 4223/1948/2533 4217/1943/2569 4224/1949/2570
f 4224/1949/2570 4225/1950/2571 4223/1948/2533
f 4225/1950/2571 4224/1949/2570 4226/1951/2533
f 4223/1948/2533 4225/1950/2571 4227/1952/2533
f 4223/1948/2533 4227/1952/2533 4228/1953/2533
f 4229/1937/2533 4230/1935/2533 4231/1934/2533
f 4230/1935/2533 4232/1936/2533 4231/1934/2533
f 4230/1935/2533 4233/1938/2533 4232/1936/2533
f 4233/1938/2533 4234/1939/2533 4232/1936/2533
f 4233/1938/2533 4235/1940/2533 4234/1939/2533
f 4235/1940/2533 4236/1941/2572 4234/1939/2533
f 4238/2147/2573 4239/2148/2574 4237/2149/2575
f 4239/2148/2574 4238/2147/2573 4240/2150/2576
f 4240/2150/2576 4241/2151/2577 4239/2148/2574
f 4241/2151/2577 4240/2150/2576 4242/2152/2578
f 4243/2153/2579 4244/2154/2492 4246/2155/2576
f 4248/2156/2576 4246/2155/2576 4244/2154/2492
f 4245/2157/2580 4247/2158/2581 4248/2156/2576
f 4246/2155/2576 4248/2156/2576 4247/2158/2581
f 4249/2159/2576 4250/2160/2576 4251/2161/2576
f 4251/2161/2576 4252/2162/2576 4249/2159/2576
f 4253/2163/2582 4254/2164/2582 4255/2165/2583
f 4255/2165/2583 4254/2164/2582 4256/2166/2583
f 4258/2167/2584 4259/2168/2585 4257/2169/2586
f 4259/2168/2585 4258/2167/2584 4260/2170/2587
f 4261/2171/2588 4259/2168/2585 4260/2170/2587
f 4260/2170/2587 4262/2172/2589 4261/2171/2588
f 4261/2171/2588 4262/2172/2589 4263/2173/2590
f 4264/2174/2591 4263/2173/2590 4262/2172/2589
f 4265/2175/2592 4266/2176/2593 4267/2177/2594
f 4268/2178/2595 4267/2177/2594 4266/2176/2593
f 4266/2176/2593 4265/2175/2592 4269/2179/2596
f 4270/2180/2597 4269/2179/2596 4265/2175/2592
f 4271/2181/2598 4272/2182/2599 4273/2183/2599
f 4271/2181/2598 4273/2183/2599 4274/2184/2598
f 4275/2185/2600 4276/2186/2601 4277/2187/2576
f 4279/2188/2576 4277/2187/2576 4276/2186/2601
f 4277/2187/2576 4279/2188/2576 4280/2189/2602
f 4278/2190/2603 4280/2189/2602 4279/2188/2576
f 4283/2191/2604 4281/2192/2605 4282/2193/2605
f 4283/2191/2604 4282/2193/2605 4284/2194/2604
f 4287/2195/2604 4285/2196/2605 4286/2197/2605
f 4287/2195/2604 4286/2197/2605 4288/2198/2604
f 4291/2150/2606 4290/2199/2607 4289/2200/2608
f 4291/2150/2606 4292/2201/2606 4290/2199/2607
f 4293/2202/2609 4292/2201/2606 4291/2150/2606
f 4293/2202/2609 4294/2203/2610 4292/2201/2606
f 4295/2204/2611 4296/2205/2612 4297/2206/2613
f 4296/2205/2612 4295/2204/2611 4298/2207/2614
f 4298/2207/2614 4299/2208/2615 4296/2205/2612
f 4299/2208/2615 4298/2207/2614 4300/2209/2616
f 4301/2210/2617 4302/2211/2618 4303/2212/2619
f 4304/2213/2620 4303/2212/2619 4302/2211/2618
f 4303/2212/2619 4304/2213/2620 4305/2214/2621
f 4306/2215/2609 4305/2214/2621 4304/2213/2620
f 4307/2216/2622 4308/2217/2623 4309/2218/2622
f 4309/2218/2622 4308/2217/2623 4310/2219/2624
f 4308/2217/2623 4311/2220/2625 4310/2219/2624
f 4310/2219/2624 4311/2220/2625 4312/2221/2625
f 4311/2220/2625 4313/2222/2626 4312/2221/2625
f 4313/2222/2626 4311/2220/2625 4314/2223/2626
f 4316/2224/2627 4317/2225/2628 4315/2226/2629
f 4315/2226/2629 4317/2225/2628 4318/2227/2628
f 4319/2228/2628 4320/2229/2628 4321/2230/2630
f 4320/2229/2628 4322/2231/2631 4321/2230/2630
f 4324/2232/2632 4323/2233/2633 4325/2234/2634
f 4324/2232/2632 4325/2234/2634 4326/2235/2634
f 4327/2229/2635 4328/2228/2636 4329/2225/2637
f 4330/2227/2638 4329/2225/2637 4328/2228/2636
f 4331/2236/2628 4332/2237/2628 4333/2238/2628
f 4332/2237/2628 4331/2236/2628 4334/2239/2628
f 4331/2236/2628 4335/2240/2628 4334/2239/2628
f 4334/2239/2628 4335/2240/2628 4336/2241/2628
f 4337/2242/2628 4338/2243/2628 4339/2244/2628
f 4338/2243/2628 4337/2242/2628 4340/2245/2628
f 4337/2242/2628 4341/2246/2628 4340/2245/2628
f 4340/2245/2628 4341/2246/2628 4342/2247/2628
f 4343/2248/2628 4344/2249/2628 4345/2250/2628
f 4344/2249/2628 4343/2248/2628 4346/2251/2628
f 4347/2252/2639 4348/2253/2640 4349/2254/2628
f 4350/2255/2628 4349/2254/2628 4348/2253/2640
f 4349/2254/2628 4350/2255/2628 4351/2256/2641
f 4352/2257/2641 4351/2256/2641 4350/2255/2628
f 4353/2258/2628 4354/2259/2628 4355/2260/2628
f 4354/2259/2628 4353/2258/2628 4356/2261/2628
f 4357/2234/2642 4358/2262/2643 4359/2235/2644
f 4358/2262/2643 4357/2234/2642 4360/2263/2643
f 4360/2263/2643 4361/2264/2645 4358/2262/2643
f 4361/2264/2645 4360/2263/2643 4362/2265/2646
f 4363/2264/2647 4364/2265/2647 4365/2266/2648
f 4363/2264/2647 4365/2266/2648 4366/2267/2648
f 4367/2268/2649 4368/2269/2650 4369/2270/2651
f 4370/2271/2652 4369/2270/2651 4368/2269/2650
f 4369/2270/2651 4370/2271/2652 4371/2272/2653
f 4372/2273/2654 4371/2272/2653 4370/2271/2652
f 4375/2205/2655 4374/2274/2656 4373/2275/2657
f 4375/2205/2655 4376/2276/2658 4374/2274/2656
f 4378/2277/2659 4376/2276/2658 4375/2205/2655
f 4378/2277/2659 4377/2278/2660 4376/2276/2658
